filename,snr,mass_ratio_log10,mass_ratio,time_since_merger_gyr,image_index
MOSAIC-NIR-H_TILE102158588-CUTOUT_272.8233906_64.7890169.fits,162.53004,-0.06657430019842747,0.8578783341719205,0.9160231132803763,252
MOSAIC-NIR-H_TILE102159195-CUTOUT_273.3934764_66.1834522.fits,151.25252,-0.17301140596333786,0.671411219286487,1.011063474537631,1100
MOSAIC-NIR-H_TILE102159780-CUTOUT_275.5587649_66.7720347.fits,156.67563,-0.17706870144649395,0.6651679243483253,0.6892695208473615,1874
MOSAIC-NIR-H_TILE102158276-CUTOUT_273.0177073_64.6911199.fits,168.74463,-0.21140380507074416,0.614605149833422,1.403311256276632,99
MOSAIC-NIR-H_TILE102158590-CUTOUT_275.825905_65.0872722.fits,163.60744,-0.31507579893150284,0.48408787066513315,0.6165917338296255,506
MOSAIC-NIR-H_TILE102158895-CUTOUT_274.1935726_65.3280024.fits,159.9527,-0.31603698486226406,0.48301766612096786,0.9728614968625292,728
MOSAIC-NIR-H_TILE102158276-CUTOUT_273.0239081_64.6926978.fits,169.31726,-0.32814280810518115,0.469739619754109,0.6223487544556918,100
MOSAIC-NIR-H_TILE102158276-CUTOUT_273.0257365_64.6919447.fits,171.72485,-0.36618802306347,0.43034025902943834,0.9865256195959581,101
MOSAIC-NIR-H_TILE102160610-CUTOUT_272.6685983_68.6480851.fits,161.36801,-0.49667185190679075,0.3186604375234922,0.9539461903231901,2404
MOSAIC-NIR-H_TILE102159195-CUTOUT_273.8149697_65.8137877.fits,153.28708,-0.5730327139009581,0.2672805067920578,0.9173494831067072,1139
MOSAIC-NIR-H_TILE102159195-CUTOUT_273.4993518_66.18041.fits,150.29436,-0.5983518096678032,0.2521437399880631,1.8253498061586453,1115
MOSAIC-NIR-H_TILE102160062-CUTOUT_274.2651138_67.3703722.fits,156.55664,-0.6120304749263835,0.24432591004725143,1.4375332284178373,2041
MOSAIC-NIR-H_TILE102160340-CUTOUT_274.4745542_67.8947809.fits,153.62813,-0.6261597109317271,0.23650497951860328,1.0077811601000641,2309
MOSAIC-NIR-H_TILE102160610-CUTOUT_272.8440615_68.6521076.fits,155.9258,-0.6437016771480749,0.22714245889062518,0.9664771557407195,2419
MOSAIC-NIR-H_TILE102159195-CUTOUT_274.2199712_65.9228917.fits,153.54274,-0.6445233974389404,0.22671309330961395,1.3373468520433087,1176
MOSAIC-NIR-H_TILE102159491-CUTOUT_274.7731137_66.421333.fits,155.53096,-0.6540031391798903,0.2218180386226877,1.3845731904180671,1513
MOSAIC-NIR-H_TILE102160063-CUTOUT_275.3856431_67.4440422.fits,151.90607,-0.6730434481522967,0.21230320567355734,1.330399031136507,2101
MOSAIC-NIR-H_TILE102158894-CUTOUT_273.4024945_65.4513942.fits,152.62627,-0.6739385783970804,0.2118660753003726,1.7355084902483435,652
MOSAIC-NIR-H_TILE102158590-CUTOUT_275.7163332_65.0282959.fits,152.98747,-0.681973607407992,0.20798230765843512,0.9706289130189758,490
MOSAIC-NIR-H_TILE102160610-CUTOUT_272.3667161_68.5330488.fits,153.16803,-0.6844375332000375,0.20680568197337224,1.410243874153433,2363
MOSAIC-NIR-H_TILE102158591-CUTOUT_275.8550038_65.0957058.fits,151.14192,-0.6903523676130441,0.2040082039349896,1.1597715392849173,508
MOSAIC-NIR-H_TILE102160339-CUTOUT_273.7127483_67.896471.fits,152.82112,-0.6911061736732863,0.20365441349186109,1.3453355085565986,2242
MOSAIC-NIR-H_TILE102159489-CUTOUT_272.5779524_66.6318696.fits,153.21278,-0.6914799181735536,0.20347922827027531,0.8552864977227526,1384
MOSAIC-NIR-H_TILE102158590-CUTOUT_275.7784101_65.1072526.fits,151.57417,-0.6925430760369042,0.20298171799399134,1.4273756369263975,497
MOSAIC-NIR-H_TILE102158590-CUTOUT_275.1290053_64.9666904.fits,152.47142,-0.6932740330110743,0.20264036870737293,1.1617283598228338,386
MOSAIC-NIR-H_TILE102159195-CUTOUT_273.6697749_66.0411775.fits,154.46278,-0.693280899508288,0.20263716484781352,1.2770650482577068,1127
MOSAIC-NIR-H_TILE102159491-CUTOUT_275.0925245_66.6098077.fits,150.37201,-0.6948372125770199,0.2019123053574291,1.6036226691885485,1532
MOSAIC-NIR-H_TILE102160340-CUTOUT_274.7149936_67.9884438.fits,153.27995,-0.694837602694457,0.20191212398400854,0.8180394596533688,2326
MOSAIC-NIR-H_TILE102160339-CUTOUT_273.3977783_68.1251868.fits,151.41888,-0.7149524907706517,0.19277357844685278,1.314128910412075,2209
MOSAIC-NIR-H_TILE102158590-CUTOUT_275.8188843_65.0896944.fits,161.839,-0.7179939165654431,0.19142827393894277,1.14366770517873,504
MOSAIC-NIR-H_TILE102158277-CUTOUT_273.9848718_64.675668.fits,150.16673,-0.7239050559163538,0.1888404140903231,1.2833155173800754,137
MOSAIC-NIR-H_TILE102158894-CUTOUT_273.3055472_65.6070833.fits,157.48206,-0.7295535327369606,0.18640024002918248,1.2152933653101703,641
MOSAIC-NIR-H_TILE102160339-CUTOUT_273.5109876_68.0720485.fits,151.68355,-0.7374113448879029,0.1830579755290401,1.2587594873633263,2220
MOSAIC-NIR-H_TILE102159780-CUTOUT_275.5861946_67.2226364.fits,155.07483,-0.737485624143398,0.18302666901248102,1.2597545197444189,1877
MOSAIC-NIR-H_TILE102158588-CUTOUT_272.9392743_64.8960983.fits,149.90996,-0.7407054121542413,0.1816747569468217,1.0030272333408956,264
MOSAIC-NIR-H_TILE102159196-CUTOUT_274.706267_65.8795391.fits,150.75554,-0.740801393475354,0.1816346103247088,1.1811760186843399,1229
MOSAIC-NIR-H_TILE102159195-CUTOUT_273.0971997_66.2017798.fits,158.16391,-0.7409336476145201,0.18157930621022556,1.3537222811467018,1064
MOSAIC-NIR-H_TILE102158277-CUTOUT_274.1122149_64.4384857.fits,152.93643,-0.744161394745198,0.18023478186370093,1.3509603734278692,147
MOSAIC-NIR-H_TILE102160062-CUTOUT_273.4459717_67.3629467.fits,153.04068,-0.7449708107278513,0.17989918227144758,1.1697658396496933,1997
MOSAIC-NIR-H_TILE102160062-CUTOUT_274.2714359_67.3366294.fits,150.21593,-0.7474667673680155,0.1788682395570553,0.8200645258039463,2042
MOSAIC-NIR-H_TILE102158277-CUTOUT_274.2124625_64.389118.fits,148.02818,-0.7560036722860377,0.17538656715275008,1.3599726355918011,159
MOSAIC-NIR-H_TILE102158591-CUTOUT_275.8659425_65.2268243.fits,153.92624,-0.7575104814692283,0.17477910798894247,0.8468552647341103,512
MOSAIC-NIR-H_TILE102158590-CUTOUT_275.2316023_64.9996679.fits,147.78122,-0.7643119640686735,0.17206321599102442,0.9379060520317217,400
MOSAIC-NIR-H_TILE102158895-CUTOUT_274.0198978_65.2889004.fits,147.92395,-0.7751416620559919,0.16782565001241698,1.0236263494072138,723
MOSAIC-NIR-H_TILE102158893-CUTOUT_272.378974_65.7097418.fits,152.9777,-0.7772391185710094,0.1670170780346465,1.0398103844063407,564
MOSAIC-NIR-H_TILE102160610-CUTOUT_272.7697283_68.3747112.fits,151.10857,-0.7780069053564904,0.16672207032461747,1.3166662364424562,2411
MOSAIC-NIR-H_TILE102159777-CUTOUT_271.8883606_66.81841.fits,152.19307,-0.7781899552189122,0.16665181379907631,1.1263562866511725,1624
MOSAIC-NIR-H_TILE102158894-CUTOUT_273.8702551_65.6549198.fits,155.81938,-0.7791024191036299,0.1663020416177038,0.9287451686066064,705
MOSAIC-NIR-H_TILE102158590-CUTOUT_275.2196753_64.8830845.fits,156.97543,-0.7800579581343501,0.16593654444740144,1.1788704075385934,398
MOSAIC-NIR-H_TILE102160340-CUTOUT_274.0316697_67.8380055.fits,156.31598,-0.7805545891873169,0.16574689861203884,0.9650592583379961,2271
MOSAIC-NIR-H_TILE102160063-CUTOUT_274.6574871_67.3036339.fits,157.98232,-0.782246088033023,0.16510259980035974,1.2547762612309803,2059
MOSAIC-NIR-H_TILE102160062-CUTOUT_273.3793369_67.5798807.fits,151.51605,-0.7824887666642715,0.1650103681873848,0.6974960884900737,1995
MOSAIC-NIR-H_TILE102160339-CUTOUT_272.5979228_67.9175771.fits,154.3239,-0.7827011214136329,0.1649297036351285,1.4426777706848943,2155
MOSAIC-NIR-H_TILE102158894-CUTOUT_273.7855402_65.6324975.fits,153.41463,-0.7841625870671542,0.16437562340744563,1.0930474283669056,691
MOSAIC-NIR-H_TILE102158896-CUTOUT_275.5647583_65.4376721.fits,152.95232,-0.7847036858621532,0.16417095107109103,1.2069670185173655,903
MOSAIC-NIR-H_TILE102160062-CUTOUT_274.1737456_67.5596769.fits,155.03726,-0.7930531353142103,0.16104485870225652,1.1696597754689464,2031
MOSAIC-NIR-H_TILE102159488-CUTOUT_272.0490722_66.5911829.fits,151.1665,-0.7930815479543417,0.16103432308614343,0.7349647922558188,1346
MOSAIC-NIR-H_TILE102160340-CUTOUT_274.3266738_67.8248354.fits,152.76991,-0.7959273235621649,0.15998257269435306,0.7289848393322752,2295
MOSAIC-NIR-H_TILE102159490-CUTOUT_274.1130766_66.3686942.fits,153.20393,-0.7975678935143359,0.1593793702519376,0.537024876683899,1483
MOSAIC-NIR-H_TILE102160338-CUTOUT_272.2231447_68.1786423.fits,154.4258,-0.7996017704192062,0.1586347138656372,1.0804416473222074,2130
MOSAIC-NIR-H_TILE102158590-CUTOUT_275.5673486_65.0102294.fits,149.822,-0.7996827916170903,0.15860512201895666,1.278124551469974,453
MOSAIC-NIR-H_TILE102160338-CUTOUT_272.2318787_68.2272954.fits,153.34291,-0.8016629146388767,0.15788362359817207,1.2681692370503341,2131
MOSAIC-NIR-H_TILE102159780-CUTOUT_275.4461282_66.9741463.fits,154.02074,-0.8027557006703692,0.15748685103721083,1.0099998282264067,1869
MOSAIC-NIR-H_TILE102159195-CUTOUT_274.2631707_65.9895663.fits,150.33183,-0.804476471049485,0.15686408802794294,1.770700599760486,1178
MOSAIC-NIR-H_TILE102160338-CUTOUT_271.9232385_68.2078855.fits,151.7675,-0.8046922181589536,0.15678618105425735,0.48480025936207854,2111
MOSAIC-NIR-H_TILE102158590-CUTOUT_274.9380053_65.0050356.fits,149.3237,-0.8050249609616547,0.15666610240882606,0.7295485459111343,360
MOSAIC-NIR-H_TILE102160611-CUTOUT_273.7271557_68.2448076.fits,150.85368,-0.8058093705836243,0.15638339219812974,1.0472831523235135,2477
MOSAIC-NIR-H_TILE102158277-CUTOUT_273.6893525_64.3270745.fits,148.68839,-0.8061490719305515,0.15626111830295356,1.4722567893313918,121
MOSAIC-NIR-H_TILE102159779-CUTOUT_274.7911423_67.0445478.fits,150.11847,-0.8063267285137824,0.156197209733423,1.770705663060235,1821
MOSAIC-NIR-H_TILE102159777-CUTOUT_272.5652961_66.8919829.fits,154.02063,-0.8074354418538088,0.15579896137489077,0.6561921719478823,1667
MOSAIC-NIR-H_TILE102158590-CUTOUT_275.5139527_65.1383917.fits,154.49721,-0.808111501308723,0.15555662023189945,0.7001294108727555,439
MOSAIC-NIR-H_TILE102160338-CUTOUT_272.199647_68.2154778.fits,152.0579,-0.8088239393102167,0.15530164670356061,1.075838885033755,2127
MOSAIC-NIR-H_TILE102158277-CUTOUT_273.2321292_64.2849589.fits,153.8984,-0.8089963466330792,0.1552400068984714,1.3952529500077369,110
MOSAIC-NIR-H_TILE102158895-CUTOUT_275.0693463_65.5492653.fits,149.37111,-0.8093001787093069,0.15513143909376645,0.943850323200577,828
MOSAIC-NIR-H_TILE102159491-CUTOUT_275.8925795_66.2602905.fits,151.24054,-0.8093875900923841,0.15510021859786838,0.8443509780554447,1583
MOSAIC-NIR-H_TILE102159777-CUTOUT_272.1839636_67.1809906.fits,150.27441,-0.8098563526125292,0.1549328990744635,1.2913436957482876,1642
MOSAIC-NIR-H_TILE102160339-CUTOUT_273.350228_68.0641492.fits,150.13458,-0.8103955232251243,0.15474067136470634,1.6191911958596388,2205
MOSAIC-NIR-H_TILE102158896-CUTOUT_275.5842303_65.3247521.fits,152.96143,-0.8105003584648399,0.154703322703267,0.98139408781046,905
MOSAIC-NIR-H_TILE102158896-CUTOUT_275.94764_65.6909397.fits,148.8944,-0.8122776113015205,0.15407152764748488,1.4677748888324524,946
MOSAIC-NIR-H_TILE102158896-CUTOUT_275.6525748_65.3365216.fits,147.31987,-0.8132288769594123,0.15373442330288883,0.9451216315983915,911
MOSAIC-NIR-H_TILE102158894-CUTOUT_273.8012612_65.478444.fits,154.81282,-0.8156917458606535,0.1528650681069281,1.1431475796829926,697
MOSAIC-NIR-H_TILE102158590-CUTOUT_275.0292315_65.1687864.fits,152.129,-0.8171780611408865,0.15234280188326368,0.9570747706955333,372
MOSAIC-NIR-H_TILE102158896-CUTOUT_275.3208784_65.51781.fits,149.0721,-0.8191267883038366,0.15166075431152595,0.5909724827980788,858
MOSAIC-NIR-H_TILE102159490-CUTOUT_273.9797277_66.6580106.fits,154.85297,-0.8211981127349167,0.15093914558347735,0.9544097331013303,1479
MOSAIC-NIR-H_TILE102158588-CUTOUT_273.3200134_65.0678911.fits,147.96674,-0.8226844845500886,0.1504234397267647,1.5473208880392448,283
MOSAIC-NIR-H_TILE102159492-CUTOUT_276.1481795_66.4899975.fits,155.73286,-0.8231935735232605,0.15024721356801823,1.1455071335167146,1596
MOSAIC-NIR-H_TILE102160339-CUTOUT_273.6567797_68.2303648.fits,156.06686,-0.8235979512946807,0.150107381359668,0.8108268541669493,2237
MOSAIC-NIR-H_TILE102158588-CUTOUT_272.7788659_65.1374316.fits,152.30043,-0.8241369244071264,0.1499212089247052,0.6940885879972252,248
MOSAIC-NIR-H_TILE102158896-CUTOUT_275.7027751_65.6849872.fits,150.09338,-0.8272653887204598,0.14884512367985211,1.3538181896202148,917
MOSAIC-NIR-H_TILE102159778-CUTOUT_273.6894191_66.8187487.fits,154.02112,-0.8273537429830041,0.14881484523049665,0.8070039076973868,1747
MOSAIC-NIR-H_TILE102158895-CUTOUT_275.0190361_65.4152837.fits,151.74498,-0.8273817425435631,0.14880525124270827,0.6058453390572116,822
MOSAIC-NIR-H_TILE102158589-CUTOUT_273.6737702_65.000521.fits,157.1645,-0.827927238249019,0.14861846169835502,0.8054892004445642,295
MOSAIC-NIR-H_TILE102158893-CUTOUT_272.7024914_65.3854693.fits,155.22533,-0.827955957189102,0.14860863421088855,0.9273048171462638,586
MOSAIC-NIR-H_TILE102160339-CUTOUT_273.646217_68.1379476.fits,155.76332,-0.8281769031996314,0.14853304924395827,1.1604892065898351,2233
MOSAIC-NIR-H_TILE102159196-CUTOUT_275.4392284_65.8332588.fits,152.44093,-0.8282752975404508,0.14849940120874588,1.1644344521223915,1278
MOSAIC-NIR-H_TILE102158587-CUTOUT_272.1081269_64.8414016.fits,153.18475,-0.8284766478247266,0.14843056895859816,1.085662867365357,212
MOSAIC-NIR-H_TILE102158277-CUTOUT_274.1243999_64.4576086.fits,150.45503,-0.8307118039931318,0.14766861309691343,0.8444318201405894,149
MOSAIC-NIR-H_TILE102159779-CUTOUT_274.7732102_67.1663348.fits,151.09497,-0.8311905160821306,0.14750593130569672,1.0058032744725973,1820
MOSAIC-NIR-H_TILE102159196-CUTOUT_275.1710334_66.1193549.fits,154.58205,-0.8319013760581523,0.14726468878722163,1.4913511002238893,1260
MOSAIC-NIR-H_TILE102160062-CUTOUT_273.5939754_67.5673654.fits,153.61186,-0.8319501830127787,0.14724813979242063,0.9636272517303714,2009
MOSAIC-NIR-H_TILE102158590-CUTOUT_275.2161038_64.9917741.fits,149.58269,-0.8321221564196636,0.1471898435158685,1.5658501226606707,396
MOSAIC-NIR-H_TILE102158276-CUTOUT_273.1227913_64.4066151.fits,151.7477,-0.8323307726449963,0.14711915688027685,1.560276309676239,105
MOSAIC-NIR-H_TILE102159196-CUTOUT_274.3022992_65.7786101.fits,151.87654,-0.8325154928590519,0.14705659540485272,0.8435120833857195,1182
MOSAIC-NIR-H_TILE102158590-CUTOUT_275.5273044_64.9862969.fits,152.22804,-0.8331069580570095,0.14685645549839607,0.983509313110274,442
MOSAIC-NIR-H_TILE102159195-CUTOUT_273.1623772_66.2244565.fits,151.3166,-0.83362525846581,0.1466812970225093,1.1885664326550938,1069
MOSAIC-NIR-H_TILE102159778-CUTOUT_273.5102947_66.8140779.fits,151.39003,-0.8337210206544701,0.14664895727585295,0.9209121947227756,1734
MOSAIC-NIR-H_TILE102158278-CUTOUT_274.4206598_64.3640867.fits,153.7411,-0.8337890928769836,0.14662597301390246,1.2942199138079726,183
MOSAIC-NIR-H_TILE102159194-CUTOUT_273.0156021_65.7641774.fits,150.68922,-0.8341796211955597,0.1464941825830284,1.4012754413130801,1055
MOSAIC-NIR-H_TILE102159197-CUTOUT_275.6763943_65.9234074.fits,149.6532,-0.83447510204511,0.14639454626402,0.8938435265457592,1296
MOSAIC-NIR-H_TILE102159489-CUTOUT_272.9588608_66.3208403.fits,152.09235,-0.8345749068135603,0.14636090734924054,1.0668147524148506,1414
MOSAIC-NIR-H_TILE102160610-CUTOUT_272.4440977_68.4597096.fits,147.25594,-0.8349152017125675,0.14624627001337281,1.9378139999123853,2375
MOSAIC-NIR-H_TILE102159778-CUTOUT_272.8397049_66.7778973.fits,152.2738,-0.8353652110402673,0.1460948103394192,0.9236456271471067,1686
MOSAIC-NIR-H_TILE102158895-CUTOUT_274.2761377_65.6417759.fits,153.60881,-0.8370495920186833,0.1455292891426869,1.2678274416431128,741
MOSAIC-NIR-H_TILE102160611-CUTOUT_274.1484896_68.2775879.fits,154.0452,-0.8376612066469004,0.14532448525833236,1.1868827957861736,2497
MOSAIC-NIR-H_TILE102159779-CUTOUT_275.2286447_67.0038571.fits,153.74725,-0.8378965855692567,0.14524574363424855,1.4467138093386123,1853
MOSAIC-NIR-H_TILE102159490-CUTOUT_273.9478752_66.4598657.fits,156.42706,-0.8383252010431278,0.1451024678946795,1.0286001950590318,1474
MOSAIC-NIR-H_TILE102159488-CUTOUT_271.8860034_66.3262102.fits,152.4611,-0.83856738090113,0.14502157555002454,0.8431960522865619,1330
MOSAIC-NIR-H_TILE102157958-CUTOUT_272.3099048_64.1195006.fits,150.0034,-0.8388004932834716,0.14494375449763086,1.3374852211961794,12
MOSAIC-NIR-H_TILE102158896-CUTOUT_275.3493292_65.4279769.fits,153.55173,-0.8390632347609269,0.14485609227676663,1.0630124733868849,864
MOSAIC-NIR-H_TILE102158895-CUTOUT_273.9814825_65.7110004.fits,152.91843,-0.839409778719935,0.1447405509032287,1.8859986267741344,714
MOSAIC-NIR-H_TILE102159491-CUTOUT_275.2581427_66.6186201.fits,151.47041,-0.8396289838760097,0.14466751320512433,1.7039899809191985,1545
MOSAIC-NIR-H_TILE102159779-CUTOUT_275.1678589_67.0562684.fits,152.11795,-0.8397759394956462,0.14461856920875876,0.49211913278519104,1851
MOSAIC-NIR-H_TILE102158277-CUTOUT_274.0132525_64.3439445.fits,149.77791,-0.8412754369768376,0.1441201027312697,1.745406617358128,140
MOSAIC-NIR-H_TILE102158588-CUTOUT_273.051404_64.816355.fits,151.63739,-0.8412797902469356,0.14411865811105126,0.941285315579797,272
MOSAIC-NIR-H_TILE102159779-CUTOUT_274.9556255_66.820273.fits,156.0436,-0.8425479521864939,0.1436984381417922,1.0238457707392867,1836
MOSAIC-NIR-H_TILE102158591-CUTOUT_275.864288_65.0312091.fits,152.83685,-0.8435886636562316,0.14335450199165573,1.4044885295648928,511
MOSAIC-NIR-H_TILE102158590-CUTOUT_275.1775985_65.2337804.fits,151.23161,-0.8438176109901757,0.14327894961213147,1.3933588754241693,389
MOSAIC-NIR-H_TILE102159489-CUTOUT_272.549434_66.3171597.fits,153.81168,-0.8442057750727814,0.1431509468453215,0.993738174381007,1380
MOSAIC-NIR-H_TILE102159780-CUTOUT_275.6010752_66.9664204.fits,147.7219,-0.8450476988589183,0.14287370307317512,0.7581700023509641,1878
MOSAIC-NIR-H_TILE102159491-CUTOUT_275.8970686_66.5865015.fits,151.17786,-0.8453516301798804,0.14277375107269813,1.084437225174819,1584
MOSAIC-NIR-H_TILE102160610-CUTOUT_272.8509042_68.2994565.fits,150.39655,-0.8466255803613089,0.14235555525603535,1.298760043396516,2420
MOSAIC-NIR-H_TILE102158591-CUTOUT_275.9982066_65.1463627.fits,151.60506,-0.8469013834756793,0.14226517961724044,1.2802639983363422,523
MOSAIC-NIR-H_TILE102159194-CUTOUT_272.5215347_65.8327249.fits,158.88344,-0.847192821654486,0.14216974299971494,1.0414113982792559,1014
MOSAIC-NIR-H_TILE102158590-CUTOUT_275.0582833_65.0822757.fits,151.52156,-0.8478890380703809,0.1419420136193202,1.3878147901863755,376
MOSAIC-NIR-H_TILE102160610-CUTOUT_272.5193977_68.4541031.fits,153.65486,-0.8480246338338486,0.14189770329026016,0.820492118560608,2384
MOSAIC-NIR-H_TILE102159778-CUTOUT_273.8585864_66.9632648.fits,152.56865,-0.8496158064523825,0.14137876823635143,1.4123252152122603,1759
MOSAIC-NIR-H_TILE102159779-CUTOUT_274.5471329_66.9048071.fits,150.80878,-0.849875186849689,0.14129435562227266,0.7787947114473294,1808
MOSAIC-NIR-H_TILE102160061-CUTOUT_272.7844194_67.6307359.fits,153.85326,-0.8500792455257669,0.14122798230234695,1.024694561989195,1948
MOSAIC-NIR-H_TILE102160062-CUTOUT_273.5341388_67.3896113.fits,156.82343,-0.8504093175369695,0.1411206871459697,1.5240045864968537,2004
MOSAIC-NIR-H_TILE102158590-CUTOUT_275.5406663_64.9567487.fits,154.4926,-0.85066915944486,0.14103627874889046,0.5893505587108144,449
MOSAIC-NIR-H_TILE102160062-CUTOUT_273.3526847_67.7137776.fits,151.95108,-0.8509193704616448,0.140955046615819,0.8475813502774626,1993
MOSAIC-NIR-H_TILE102159778-CUTOUT_273.2390983_67.1009144.fits,152.57326,-0.8510861628618213,0.14090092270334958,1.4941514397686477,1709
MOSAIC-NIR-H_TILE102159195-CUTOUT_273.6938723_66.0960735.fits,149.9118,-0.8512706507114822,0.14084108084744476,1.2737120306475627,1128
MOSAIC-NIR-H_TILE102158895-CUTOUT_274.4967687_65.6724527.fits,151.94109,-0.8523655089783215,0.1404864670528742,0.512274199552541,763
MOSAIC-NIR-H_TILE102160338-CUTOUT_272.359893_68.2272436.fits,155.18477,-0.8523781325670526,0.1404823836079255,0.9448672738863171,2142
MOSAIC-NIR-H_TILE102160340-CUTOUT_274.0643769_67.7796032.fits,149.18118,-0.8527095059795052,0.14037523425810833,1.3709134809486259,2274
MOSAIC-NIR-H_TILE102158895-CUTOUT_274.9849476_65.603953.fits,153.76434,-0.8528547757275537,0.1403282871621262,0.8230473717269449,817
MOSAIC-NIR-H_TILE102158589-CUTOUT_274.3236436_64.923156.fits,152.54897,-0.8544721866861364,0.13980664481569033,0.7264400346302248,323
MOSAIC-NIR-H_TILE102158588-CUTOUT_272.5102279_65.0850403.fits,150.86855,-0.8546823373345286,0.13973901017841786,1.304389885902993,238
MOSAIC-NIR-H_TILE102158590-CUTOUT_275.7989902_64.9781584.fits,152.556,-0.8547872465588973,0.139705258562214,0.8495263874268848,501
MOSAIC-NIR-H_TILE102160610-CUTOUT_272.6293225_68.3998766.fits,154.42728,-0.8555077743747294,0.13947366900127675,0.9379524128254816,2400
MOSAIC-NIR-H_TILE102159778-CUTOUT_273.4282747_66.994768.fits,154.95341,-0.8560772785585653,0.1392908926041488,0.39798024579017505,1727
MOSAIC-NIR-H_TILE102160611-CUTOUT_273.7030669_68.3229926.fits,154.23767,-0.856097179591153,0.139284509909464,0.6614669019048796,2474
MOSAIC-NIR-H_TILE102160339-CUTOUT_272.5401769_68.2384758.fits,153.15068,-0.8565355075536706,0.13914400272209,1.1983397577094577,2151
MOSAIC-NIR-H_TILE102158893-CUTOUT_271.9369211_65.349155.fits,151.6771,-0.8566782613806968,0.13909827321017204,0.6924323094628766,540
MOSAIC-NIR-H_TILE102160063-CUTOUT_274.652359_67.3070184.fits,153.82883,-0.8569382843716699,0.13901501651422427,1.3034272690128526,2058
MOSAIC-NIR-H_TILE102159194-CUTOUT_272.4629184_65.8063796.fits,152.29666,-0.8580229956762003,0.13866824027863872,1.6722604605659177,1008
MOSAIC-NIR-H_TILE102157958-CUTOUT_272.6607288_64.0053996.fits,149.80421,-0.8580738255103477,0.1386520114949739,0.8441128515936375,25
MOSAIC-NIR-H_TILE102158277-CUTOUT_274.0971621_64.3571755.fits,152.33076,-0.8581455033662333,0.13862912965044458,1.3303580208677908,145
MOSAIC-NIR-H_TILE102160339-CUTOUT_272.9990329_68.1812427.fits,151.04219,-0.8582890924178695,0.1385833028306509,1.1692284566614402,2172
MOSAIC-NIR-H_TILE102160610-CUTOUT_272.8522705_68.2754106.fits,154.00047,-0.8583061716442701,0.1385778529592781,1.7041225914235834,2421
MOSAIC-NIR-H_TILE102158894-CUTOUT_273.4050372_65.4918128.fits,150.17247,-0.8583661268829673,0.1385587233246076,2.022572181710652,653
MOSAIC-NIR-H_TILE102158894-CUTOUT_273.2687213_65.3382287.fits,153.60983,-0.858467916131541,0.13852625195728527,1.1471581134749564,635
MOSAIC-NIR-H_TILE102158277-CUTOUT_274.2738894_64.3138635.fits,151.9909,-0.8587335807096689,0.13844153924255403,1.201295619877964,167
MOSAIC-NIR-H_TILE102159196-CUTOUT_275.0490564_66.0563739.fits,154.6902,-0.8590229827086382,0.13834931630711947,1.0893144548888842,1251
MOSAIC-NIR-H_TILE102158277-CUTOUT_274.1622961_64.4816407.fits,151.87802,-0.8592275252781736,0.13828417234846813,1.2745515530736484,153
MOSAIC-NIR-H_TILE102158587-CUTOUT_272.2243163_65.065793.fits,150.77873,-0.859525972559097,0.13818917607373352,1.0785861414263926,219
MOSAIC-NIR-H_TILE102158895-CUTOUT_274.7064814_65.4603996.fits,154.67645,-0.8598455262615973,0.13808753393309747,0.8511448598585936,783
MOSAIC-NIR-H_TILE102160611-CUTOUT_273.1339171_68.6704077.fits,150.31848,-0.8599540192642949,0.1380530419911764,1.4255637620358617,2442
MOSAIC-NIR-H_TILE102159492-CUTOUT_276.3025781_66.283354.fits,154.32407,-0.860116151245564,0.13800151327813798,1.6287707639723603,1603
MOSAIC-NIR-H_TILE102160063-CUTOUT_274.7637631_67.631142.fits,150.8361,-0.8619454032666662,0.13742147216672115,0.8310335781664303,2067
MOSAIC-NIR-H_TILE102158590-CUTOUT_275.7880821_64.9777672.fits,154.53778,-0.8622571908697539,0.13732285029417582,1.1276199086365346,498
MOSAIC-NIR-H_TILE102158590-CUTOUT_275.4026709_65.2480145.fits,150.35829,-0.8624209535708602,0.13727107869119787,1.1587217662134959,421
MOSAIC-NIR-H_TILE102159489-CUTOUT_272.3623422_66.5636265.fits,151.1483,-0.8625246759504817,0.13723829820830952,0.7362682677284426,1363
MOSAIC-NIR-H_TILE102159779-CUTOUT_275.1093935_66.9717195.fits,149.80672,-0.8630729881929574,0.1370651393043515,2.019350890153785,1845
MOSAIC-NIR-H_TILE102160340-CUTOUT_274.6205215_67.7712177.fits,153.65302,-0.8631981256575202,0.13702565109098247,1.1980592116749995,2322
MOSAIC-NIR-H_TILE102157959-CUTOUT_273.6738865_64.218153.fits,151.72568,-0.8634457082568262,0.13694755776930873,1.6339346628275184,44
MOSAIC-NIR-H_TILE102159489-CUTOUT_273.5076637_66.7255212.fits,152.4927,-0.8644864628497821,0.13661976600093106,1.1645641046074169,1445
MOSAIC-NIR-H_TILE102158589-CUTOUT_274.6307452_65.1673972.fits,153.49683,-0.8646590174024765,0.1365654948072761,0.792831192218663,342
MOSAIC-NIR-H_TILE102160339-CUTOUT_273.3299882_67.8005499.fits,152.42479,-0.8657124844348597,0.13623462968160766,1.3925086960838564,2204
MOSAIC-NIR-H_TILE102158589-CUTOUT_274.1683759_64.9243411.fits,152.7843,-0.8657412812254717,0.13622559666321554,0.5856095845690331,314
MOSAIC-NIR-H_TILE102159779-CUTOUT_274.8321136_66.9024185.fits,149.28343,-0.8673149367884685,0.13573287971787004,1.6621622444557513,1826
MOSAIC-NIR-H_TILE102158895-CUTOUT_274.0291946_65.7206372.fits,147.90346,-0.8677107904307748,0.13560921737068077,1.603049260409888,724
MOSAIC-NIR-H_TILE102159491-CUTOUT_274.8144718_66.5725144.fits,151.12881,-0.8682442263536517,0.135442753316936,1.2290306508701059,1516
MOSAIC-NIR-H_TILE102158587-CUTOUT_271.9820459_65.2038459.fits,153.70802,-0.8689446085809789,0.1352245022199143,0.9420517649782759,207
MOSAIC-NIR-H_TILE102159778-CUTOUT_273.5376655_67.1013395.fits,158.73549,-0.8693457260939791,0.13509966555413624,0.7766848881128672,1737
MOSAIC-NIR-H_TILE102158590-CUTOUT_274.792769_65.041455.fits,152.7089,-0.8694703646911249,0.13506089873241872,0.7882170817365831,348
MOSAIC-NIR-H_TILE102158277-CUTOUT_274.2850785_64.5115167.fits,149.64177,-0.869562318251543,0.13503230519429207,1.0384357764862049,168
MOSAIC-NIR-H_TILE102158895-CUTOUT_274.234116_65.6208251.fits,153.00034,-0.869741366158974,0.13497664648906293,1.0659140366324382,731
MOSAIC-NIR-H_TILE102159196-CUTOUT_274.6026697_66.0367242.fits,153.91525,-0.8705258522408523,0.13473305204343694,1.7169054479114045,1218
MOSAIC-NIR-H_TILE102159194-CUTOUT_272.3708372_65.8837543.fits,150.52618,-0.8710305763977595,0.1345765602419374,1.0173054760369904,999
MOSAIC-NIR-H_TILE102158589-CUTOUT_273.9097814_65.1165181.fits,149.83513,-0.8715376964703565,0.13441950863736638,1.006463194936126,304
MOSAIC-NIR-H_TILE102159489-CUTOUT_273.5168415_66.338766.fits,149.9581,-0.8715593813956714,0.134412797052586,1.2126361570716018,1448
MOSAIC-NIR-H_TILE102159489-CUTOUT_272.9194473_66.5622027.fits,150.93578,-0.8724337022158642,0.13414246966926974,0.9409711162862001,1412
MOSAIC-NIR-H_TILE102160611-CUTOUT_273.0775127_68.7081799.fits,153.39241,-0.8726677271780354,0.1340702048097154,1.1068029352803668,2437
MOSAIC-NIR-H_TILE102159488-CUTOUT_271.8709273_66.383038.fits,150.25673,-0.875764116179135,0.13311772406895334,1.1809264822530237,1329
MOSAIC-NIR-H_TILE102159196-CUTOUT_275.4384354_65.8138027.fits,153.62611,-0.8759451671167418,0.13306224082713614,1.0864918818321447,1277
MOSAIC-NIR-H_TILE102159196-CUTOUT_275.3353155_65.8491006.fits,154.3392,-0.8760869006027174,0.133018822596065,1.297208907876501,1268
MOSAIC-NIR-H_TILE102159490-CUTOUT_274.0377414_66.6583148.fits,153.19374,-0.8766958527062626,0.13283243908757675,0.5355569389775306,1480
MOSAIC-NIR-H_TILE102158893-CUTOUT_271.905067_65.389919.fits,153.32497,-0.8769663099991928,0.13274974331457634,1.3905253463687581,539
MOSAIC-NIR-H_TILE102160340-CUTOUT_273.9838529_68.1140923.fits,152.94139,-0.8773627179767126,0.13262862952987886,1.2439986795556357,2267
MOSAIC-NIR-H_TILE102158896-CUTOUT_275.4274146_65.5479632.fits,150.93507,-0.8782529443753216,0.13235704288985453,0.9055998381272309,889
MOSAIC-NIR-H_TILE102160340-CUTOUT_273.7334102_68.015756.fits,159.2115,-0.8786852648184625,0.13222535301815808,1.0703797614013484,2244
MOSAIC-NIR-H_TILE102160063-CUTOUT_274.912702_67.6046973.fits,150.30516,-0.8789247007518247,0.1321524744151524,1.7612778361652908,2076
MOSAIC-NIR-H_TILE102158895-CUTOUT_273.93512_65.3932071.fits,151.82985,-0.8794401159487526,0.13199573055956756,1.0052244304805982,710
MOSAIC-NIR-H_TILE102158894-CUTOUT_273.2212706_65.2793948.fits,150.36507,-0.8799850806232526,0.13183020255853173,0.9850274797881411,631
MOSAIC-NIR-H_TILE102159195-CUTOUT_273.3286561_66.2126694.fits,156.99522,-0.8815385695716415,0.13135948297896863,1.0428846752243919,1087
MOSAIC-NIR-H_TILE102158895-CUTOUT_274.3883956_65.3988768.fits,149.67311,-0.882733268012707,0.1309986234284488,0.8931030849278455,751
MOSAIC-NIR-H_TILE102159196-CUTOUT_274.4245744_66.0736394.fits,153.46915,-0.8827456969361588,0.13099487447783373,0.836778030910276,1194
MOSAIC-NIR-H_TILE102160061-CUTOUT_273.1715216_67.5362129.fits,148.87633,-0.8829597695729642,0.1309303203350798,0.9146660896809519,1980
MOSAIC-NIR-H_TILE102159489-CUTOUT_273.1011003_66.7345386.fits,152.06725,-0.8831312082299944,0.13087864551673473,0.7560892017368862,1425
MOSAIC-NIR-H_TILE102159195-CUTOUT_273.2301857_66.0075761.fits,147.39113,-0.8833665884580277,0.13080773073428403,1.1856216439498743,1079
MOSAIC-NIR-H_TILE102159194-CUTOUT_272.3321896_65.928884.fits,154.85834,-0.8834499446348312,0.13078262660227466,0.7516515358755608,995
MOSAIC-NIR-H_TILE102158894-CUTOUT_272.7465527_65.5310437.fits,151.53409,-0.8847743072807602,0.13038441798510542,0.7420987961275773,592
MOSAIC-NIR-H_TILE102159780-CUTOUT_275.800705_67.1979251.fits,150.91216,-0.886736907756283,0.12979653302403776,0.6003734858619995,1896
MOSAIC-NIR-H_TILE102157959-CUTOUT_273.8857259_64.2027715.fits,149.01836,-0.8875875580876631,0.1295425500520896,1.2421648352572043,47
MOSAIC-NIR-H_TILE102159780-CUTOUT_275.8686947_67.197079.fits,151.96286,-0.8882735315051323,0.12933809752849498,1.6080132928657012,1898
MOSAIC-NIR-H_TILE102158894-CUTOUT_272.8175308_65.6558731.fits,156.78073,-0.8893762299175964,0.1290101172925381,1.1548768058278076,600
MOSAIC-NIR-H_TILE102160610-CUTOUT_272.7741369_68.4042069.fits,147.39227,-0.889648213917095,0.12892934789757532,0.45996044660797214,2412
MOSAIC-NIR-H_TILE102158278-CUTOUT_274.6360009_64.520969.fits,155.83907,-0.8897499450877643,0.1288991504210486,0.9723777888133649,199
MOSAIC-NIR-H_TILE102159492-CUTOUT_276.1091734_66.462304.fits,150.93181,-0.8903901421126619,0.12870927911576394,1.082995724819187,1595
MOSAIC-NIR-H_TILE102158894-CUTOUT_273.3045165_65.651696.fits,148.99538,-0.8915411231586343,0.12836862130192997,1.7056684243596185,640
MOSAIC-NIR-H_TILE102159196-CUTOUT_275.4083655_65.8817343.fits,151.67001,-0.8928953656717561,0.12796895819194531,0.859015181041231,1275
MOSAIC-NIR-H_TILE102158893-CUTOUT_271.8888419_65.5662732.fits,148.74095,-0.893562265838287,0.1277726005800872,0.6529209987894962,534
MOSAIC-NIR-H_TILE102160611-CUTOUT_273.1258014_68.664438.fits,147.73718,-0.8942734067426573,0.12756354894889163,0.771924112706403,2441
MOSAIC-NIR-H_TILE102159778-CUTOUT_273.3196526_67.2042429.fits,152.88603,-0.8946576934054312,0.12745072391706555,0.6960908227436355,1718
MOSAIC-NIR-H_TILE102159780-CUTOUT_275.3475249_67.0919997.fits,151.16513,-0.8947601620439722,0.12742065638879832,1.309760113450847,1859
MOSAIC-NIR-H_TILE102159194-CUTOUT_272.3423155_65.9637978.fits,150.5018,-0.8962162965137642,0.12699414646012433,0.7652143366893263,996
MOSAIC-NIR-H_TILE102159194-CUTOUT_271.9823434_65.763299.fits,151.29251,-0.8978897845823102,0.12650573534700071,1.3963812615085909,971
MOSAIC-NIR-H_TILE102159193-CUTOUT_271.8481065_65.7834582.fits,152.06894,-0.8996806965949345,0.12598513433818476,1.3749425440943812,964
MOSAIC-NIR-H_TILE102159196-CUTOUT_274.5878663_65.9420881.fits,154.2234,-0.9003461209402217,0.1257922482043042,0.6502248310457274,1216
MOSAIC-NIR-H_TILE102159194-CUTOUT_272.0520833_65.905174.fits,159.64677,-0.9017146966211942,0.12539646780884445,1.056929330779291,976
MOSAIC-NIR-H_TILE102160063-CUTOUT_275.0470453_67.6614684.fits,153.94133,-0.901870560165963,0.12535147246119094,1.3704455761791272,2079
MOSAIC-NIR-H_TILE102159490-CUTOUT_274.5056035_66.4127789.fits,148.587,-0.9018781017494001,0.12534929573452294,1.4020960285696003,1506
MOSAIC-NIR-H_TILE102160610-CUTOUT_272.6166603_68.5319058.fits,155.03902,-0.9025520496158315,0.12515492675283857,0.6604280532462014,2397
MOSAIC-NIR-H_TILE102160611-CUTOUT_273.3635126_68.5249564.fits,153.71869,-0.9044098977008539,0.12462067587389218,0.6947865011118404,2456
MOSAIC-NIR-H_TILE102159778-CUTOUT_273.2990423_67.1496267.fits,148.14664,-0.9049439663517292,0.12446751921973094,0.7499864827156598,1715
MOSAIC-NIR-H_TILE102159777-CUTOUT_272.7143199_67.1107688.fits,154.0095,-0.9050347703625905,0.12444149777812576,1.173020086521333,1681
MOSAIC-NIR-H_TILE102159777-CUTOUT_272.6739704_67.0325569.fits,150.54285,-0.9050603761197744,0.12443416099404123,1.3767102956889872,1677
MOSAIC-NIR-H_TILE102158588-CUTOUT_272.9407377_65.1150012.fits,154.68991,-0.9055590632453582,0.12429135904031506,0.821206473571932,265
MOSAIC-NIR-H_TILE102160339-CUTOUT_272.6986794_67.9305492.fits,154.01064,-0.905600037637842,0.1242796330734794,1.290514334905765,2158
MOSAIC-NIR-H_TILE102158277-CUTOUT_273.299503_64.7340223.fits,150.11395,-0.9070365417354902,0.12386923580063951,1.0524712475758393,115
MOSAIC-NIR-H_TILE102158590-CUTOUT_275.6239759_65.0859525.fits,147.42488,-0.9080462722954034,0.12358157553308159,1.5119574518329566,470
MOSAIC-NIR-H_TILE102158897-CUTOUT_276.2557361_65.5203837.fits,152.93327,-0.9084992286155904,0.12345275079096418,1.134929072444612,962
MOSAIC-NIR-H_TILE102158896-CUTOUT_275.7119409_65.5155742.fits,150.96515,-0.9103279754320045,0.12293400332214836,0.4860821557650462,919
MOSAIC-NIR-H_TILE102158589-CUTOUT_274.5738301_65.0416549.fits,151.87325,-0.9107915876624751,0.12280284048196373,0.509322567640401,334
MOSAIC-NIR-H_TILE102160611-CUTOUT_273.0004773_68.6735476.fits,157.41666,-0.9110698544644897,0.1227241818530577,0.9210631802500526,2435
MOSAIC-NIR-H_TILE102160340-CUTOUT_274.904328_67.805198.fits,153.22064,-0.9111199220423337,0.12271003442863983,1.382267955546581,2335
MOSAIC-NIR-H_TILE102158589-CUTOUT_274.6109151_64.9712361.fits,150.93265,-0.9122210863987769,0.12239929422493874,0.7816803570818954,340
MOSAIC-NIR-H_TILE102160061-CUTOUT_272.6647659_67.3927698.fits,153.42801,-0.9127307783690768,0.12225572955626572,0.7225856067444837,1936
MOSAIC-NIR-H_TILE102159777-CUTOUT_272.0041142_67.2521741.fits,151.78781,-0.9134469397688273,0.12205429323191036,0.6025941337409019,1629
MOSAIC-NIR-H_TILE102160339-CUTOUT_273.1050729_67.9575466.fits,156.36653,-0.9144615205157508,0.12176948786166147,0.7613342416890481,2183
MOSAIC-NIR-H_TILE102159778-CUTOUT_273.9407334_66.9815855.fits,150.31528,-0.9153768220003371,0.12151312166254273,0.8879286099076037,1765
MOSAIC-NIR-H_TILE102158895-CUTOUT_274.3890979_65.395007.fits,150.41185,-0.916494915532379,0.12120068781646395,1.2515259259653857,752
MOSAIC-NIR-H_TILE102158894-CUTOUT_273.1488417_65.4821938.fits,151.77191,-0.9178561055635295,0.12082140853832884,0.6933178542789402,626
MOSAIC-NIR-H_TILE102159779-CUTOUT_274.1474918_66.7594993.fits,154.86388,-0.9183440272743201,0.12068574417274906,0.6191611188284346,1785
MOSAIC-NIR-H_TILE102160062-CUTOUT_273.3264611_67.6449954.fits,153.66405,-0.9193713179903594,0.12040060854847168,0.6500173929831253,1992
MOSAIC-NIR-H_TILE102159779-CUTOUT_274.663478_67.2429341.fits,154.73833,-0.9194503622472426,0.12037869689403893,0.34995948007087513,1814
MOSAIC-NIR-H_TILE102158590-CUTOUT_275.5678144_65.214798.fits,152.97385,-0.9211710724307698,0.11990269028310299,1.1816455691760006,454
MOSAIC-NIR-H_TILE102158589-CUTOUT_273.9956954_64.7696577.fits,150.50449,-0.9217315288228256,0.11974805583633935,0.6018393988784916,306
MOSAIC-NIR-H_TILE102159779-CUTOUT_274.0553435_66.995892.fits,148.89629,-0.9236472100982329,0.11922100813247208,2.032477575185613,1775
MOSAIC-NIR-H_TILE102159195-CUTOUT_273.3137351_65.9947067.fits,149.20326,-0.923707969213865,0.11920432991842117,1.2854991330423728,1086
MOSAIC-NIR-H_TILE102159489-CUTOUT_272.8256027_66.6638417.fits,154.56493,-0.925067043871108,0.11883187674959476,1.0380881611636321,1403
MOSAIC-NIR-H_TILE102160062-CUTOUT_274.0396011_67.7494321.fits,155.76807,-0.9250710138977437,0.11883079047385504,0.6902523805690791,2026
MOSAIC-NIR-H_TILE102158895-CUTOUT_274.2967892_65.5880238.fits,148.76236,-0.9259534524499725,0.11858958453106971,1.7296749673270104,744
MOSAIC-NIR-H_TILE102160340-CUTOUT_274.4239696_67.8550222.fits,154.21951,-0.9263772247400782,0.11847392460171206,1.1246292749884397,2304
MOSAIC-NIR-H_TILE102160060-CUTOUT_271.9102573_67.6218404.fits,152.13574,-0.9280601866070228,0.11801570725051787,0.4150606892210844,1914
MOSAIC-NIR-H_TILE102159196-CUTOUT_274.4057876_65.7704765.fits,151.23117,-0.9289505551243257,0.11777400528105163,0.9111225118651153,1191
MOSAIC-NIR-H_TILE102160340-CUTOUT_274.4032557_67.7968233.fits,155.8986,-0.9294294034906334,0.11764422050816696,0.8082102489096465,2302
MOSAIC-NIR-H_TILE102159194-CUTOUT_271.9959341_66.0620085.fits,149.93672,-0.9304189481928855,0.11737647202149695,0.9663483830463695,972
MOSAIC-NIR-H_TILE102160610-CUTOUT_272.8078557_68.3349404.fits,157.75162,-0.9309851200173639,0.11722355284933729,0.9792590594461548,2414
MOSAIC-NIR-H_TILE102158590-CUTOUT_275.2750674_65.0761901.fits,151.29016,-0.9310068385451936,0.11721769079157975,1.2524997247172174,409
MOSAIC-NIR-H_TILE102160611-CUTOUT_273.3949613_68.2722733.fits,154.66466,-0.9316838439061433,0.11703510688326817,1.1170284306637164,2458
MOSAIC-NIR-H_TILE102160340-CUTOUT_274.9440951_67.793416.fits,147.7502,-0.9322602746113674,0.11687987148221488,0.9157742848164111,2337
MOSAIC-NIR-H_TILE102158893-CUTOUT_272.176926_65.594376.fits,152.43423,-0.9324181328638079,0.11683739546598997,0.7462084951978862,553
MOSAIC-NIR-H_TILE102158278-CUTOUT_274.3839832_64.3350982.fits,149.93411,-0.9325058941503018,0.11681378760404178,1.3006115582323812,177
MOSAIC-NIR-H_TILE102158590-CUTOUT_275.1977279_65.0905636.fits,153.34743,-0.9325411087090972,0.11680431619835932,0.6644998961944512,394
MOSAIC-NIR-H_TILE102158277-CUTOUT_274.1737904_64.5581088.fits,155.72644,-0.9329908507191641,0.11668341984953674,0.945620224870869,155
MOSAIC-NIR-H_TILE102159491-CUTOUT_275.3118163_66.5025351.fits,160.21053,-0.9331849809914249,0.11663127384476063,0.8231619134704473,1552
MOSAIC-NIR-H_TILE102158895-CUTOUT_273.918769_65.6077562.fits,152.68355,-0.9332388430438614,0.11661680990263736,0.4215173448353486,709
MOSAIC-NIR-H_TILE102159194-CUTOUT_272.8266982_66.1019808.fits,150.86157,-0.9335556733093598,0.1165317656240584,1.7766225641977673,1043
MOSAIC-NIR-H_TILE102160610-CUTOUT_271.8266008_68.4169607.fits,152.06291,-0.9341002763056766,0.11638572698779394,1.0499468824465796,2343
MOSAIC-NIR-H_TILE102160610-CUTOUT_272.1601829_68.286317.fits,148.89507,-0.9358989666106167,0.11590469631334262,0.46421159297812253,2354
MOSAIC-NIR-H_TILE102158895-CUTOUT_274.4987822_65.5497296.fits,151.88464,-0.9362241941546364,0.11581793193928448,0.39858412204654636,764
MOSAIC-NIR-H_TILE102159777-CUTOUT_271.9416358_66.8472791.fits,155.0148,-0.9372474157919761,0.11554537973456402,0.904670752304763,1628
MOSAIC-NIR-H_TILE102159197-CUTOUT_275.8577983_65.7980426.fits,152.30846,-0.9373615898934087,0.11551500735704119,0.6379528793070286,1306
MOSAIC-NIR-H_TILE102160062-CUTOUT_274.4059736_67.7104527.fits,152.35672,-0.9379205478360658,0.11536642960557844,1.2259923621547368,2047
MOSAIC-NIR-H_TILE102158896-CUTOUT_276.209017_65.5377075.fits,152.64146,-0.9383380930294811,0.11525556577669883,1.1811850912364343,958
MOSAIC-NIR-H_TILE102159196-CUTOUT_274.5232702_65.8567461.fits,152.12076,-0.9383672367705491,0.1152478317026905,1.285593185934312,1207
MOSAIC-NIR-H_TILE102157959-CUTOUT_273.4496471_64.2427403.fits,151.87128,-0.9392004996070845,0.11502692245336422,1.3467474174173948,38
MOSAIC-NIR-H_TILE102158896-CUTOUT_275.4162839_65.5452938.fits,157.50131,-0.9392416135463543,0.11501603356056218,0.9557475907099868,887
MOSAIC-NIR-H_TILE102160339-CUTOUT_273.6434476_67.9366139.fits,148.9945,-0.9401678695198806,0.11477099070133889,0.3638044765331954,2232
MOSAIC-NIR-H_TILE102158587-CUTOUT_272.2323651_64.877573.fits,154.88615,-0.9402041666307357,0.11476139886569366,1.4541380847503909,221
MOSAIC-NIR-H_TILE102158894-CUTOUT_273.5675712_65.6071816.fits,150.18503,-0.9408425259352639,0.11459283768120587,0.649977248894747,668
MOSAIC-NIR-H_TILE102158589-CUTOUT_273.749505_65.0141781.fits,151.60864,-0.9409801600421643,0.11455652733275483,0.7422635442270323,300
MOSAIC-NIR-H_TILE102158896-CUTOUT_275.1649661_65.3134534.fits,146.01624,-0.9410161198803051,0.11454704237770377,1.431933126562538,837
MOSAIC-NIR-H_TILE102158893-CUTOUT_272.3208964_65.541455.fits,149.76187,-0.9429146795373399,0.11404738203326038,1.7839433773926467,561
MOSAIC-NIR-H_TILE102160339-CUTOUT_273.6260484_68.079801.fits,151.80797,-0.9430883641075437,0.11400178092390242,0.5997546361838693,2230
MOSAIC-NIR-H_TILE102159778-CUTOUT_272.7349704_66.7618248.fits,152.55644,-0.9431167731099689,0.11399432383872092,0.9973360539198742,1682
MOSAIC-NIR-H_TILE102160338-CUTOUT_272.3159164_67.8099598.fits,152.82643,-0.9433361798485524,0.11393674814510055,1.1565999309546597,2138
MOSAIC-NIR-H_TILE102158896-CUTOUT_275.3720064_65.4551058.fits,155.96373,-0.9439749810366674,0.11376928244760799,1.109904479132047,874
MOSAIC-NIR-H_TILE102159777-CUTOUT_272.35449_66.901838.fits,154.69571,-0.9452486329632012,0.11343612095877956,0.7252584637038152,1652
MOSAIC-NIR-H_TILE102158896-CUTOUT_275.4493331_65.6228411.fits,150.08803,-0.9453453780816906,0.11341085430409649,0.4688213094694829,894
MOSAIC-NIR-H_TILE102158896-CUTOUT_275.35837_65.6325751.fits,152.84213,-0.9462016939102943,0.11318745789142208,1.102872103666505,867
MOSAIC-NIR-H_TILE102159780-CUTOUT_275.4661346_67.0278635.fits,147.7806,-0.9462365052945304,0.11317838558141216,1.0789093860967351,1871
MOSAIC-NIR-H_TILE102159197-CUTOUT_275.8453361_66.1460453.fits,157.59169,-0.9464502692269705,0.11312269179614115,0.7689794190705814,1305
MOSAIC-NIR-H_TILE102158590-CUTOUT_275.3330192_65.1837526.fits,145.61017,-0.9468687468192964,0.11301374150231394,0.6882957106561712,413
MOSAIC-NIR-H_TILE102159777-CUTOUT_272.7073647_67.1198167.fits,153.92647,-0.9470839478952097,0.11295775494228162,0.5268955395430893,1680
MOSAIC-NIR-H_TILE102159196-CUTOUT_274.8887689_66.0990836.fits,150.8999,-0.9485897515418409,0.11256678137120797,0.6643363565110333,1239
MOSAIC-NIR-H_TILE102160610-CUTOUT_272.5072032_68.2648552.fits,153.22856,-0.9488049890206436,0.1125110068026973,0.7770061830688083,2382
MOSAIC-NIR-H_TILE102160063-CUTOUT_275.3680193_67.3370566.fits,148.79315,-0.9488832586046111,0.11249073162865623,1.3204442079389243,2100
MOSAIC-NIR-H_TILE102159195-CUTOUT_273.4385561_65.8630454.fits,149.45808,-0.9497915569123125,0.11225571052297219,1.5504687608482208,1109
MOSAIC-NIR-H_TILE102160611-CUTOUT_273.6701382_68.2435506.fits,154.40057,-0.9499568533421201,0.11221299310839294,0.7406910390214401,2472
MOSAIC-NIR-H_TILE102158589-CUTOUT_274.3625513_65.1349794.fits,151.2723,-0.950168611973443,0.11215829225754663,0.8057517467375392,324
MOSAIC-NIR-H_TILE102160339-CUTOUT_273.4343531_68.028073.fits,154.85086,-0.9502485894788898,0.1121376396476098,1.0883686684247773,2212
MOSAIC-NIR-H_TILE102160062-CUTOUT_273.659891_67.2894859.fits,153.12129,-0.9504164925473194,0.11209429437054386,1.2457999472776862,2014
MOSAIC-NIR-H_TILE102159193-CUTOUT_271.8653963_65.8870766.fits,150.9672,-0.9505047114739776,0.11207152679129476,0.7714527387460722,965
MOSAIC-NIR-H_TILE102159779-CUTOUT_274.9439747_66.7587213.fits,152.87436,-0.9510650568465058,0.11192702054349551,0.8675210947874078,1835
MOSAIC-NIR-H_TILE102160340-CUTOUT_273.8648154_68.0666006.fits,152.1655,-0.9514637370757753,0.11182431922803787,0.48858745450853514,2256
MOSAIC-NIR-H_TILE102158591-CUTOUT_275.8667858_65.0694759.fits,157.06813,-0.9518826381958345,0.11171651047086763,0.85638530503181,513
MOSAIC-NIR-H_TILE102158896-CUTOUT_275.7704724_65.4207103.fits,149.63585,-0.9519364555386501,0.11170266752906242,0.5263842752843332,925
MOSAIC-NIR-H_TILE102159490-CUTOUT_274.4420733_66.4962428.fits,155.14066,-0.9524749586556321,0.11156424772477196,0.7039991433417492,1502
MOSAIC-NIR-H_TILE102158588-CUTOUT_272.4797082_64.9705002.fits,155.27254,-0.952691089223377,0.11150874058316014,0.7422228874157746,236
MOSAIC-NIR-H_TILE102159777-CUTOUT_272.2493863_67.0469665.fits,154.84029,-0.9531739206396912,0.11138483846621042,0.7524325330960396,1647
MOSAIC-NIR-H_TILE102159490-CUTOUT_274.5279415_66.3367178.fits,156.1226,-0.9536241750604374,0.11126942017349851,0.5149118906593665,1508
MOSAIC-NIR-H_TILE102159491-CUTOUT_275.0603852_66.6082636.fits,154.28671,-0.9539571824021105,0.11118413396084181,1.1247380710088097,1530
MOSAIC-NIR-H_TILE102159777-CUTOUT_272.0336244_67.0224722.fits,150.26744,-0.9541361667486662,0.11113832145285267,1.4087446885989312,1631
MOSAIC-NIR-H_TILE102159490-CUTOUT_274.6129977_66.7268807.fits,154.84485,-0.9542743440896558,0.11110296674391473,0.8707693018782312,1511
MOSAIC-NIR-H_TILE102160338-CUTOUT_272.3188486_67.9950731.fits,155.26907,-0.9543177870069791,0.11109185355735332,1.1623816885247393,2139
MOSAIC-NIR-H_TILE102159196-CUTOUT_274.4158237_65.9795154.fits,151.20767,-0.9543579000879665,0.11108159316742582,0.8294853379634366,1193
MOSAIC-NIR-H_TILE102159490-CUTOUT_273.6833783_66.3524453.fits,152.58531,-0.9545366151376765,0.11103589176151984,0.3910687335507823,1456
MOSAIC-NIR-H_TILE102160063-CUTOUT_274.6858669_67.3814996.fits,152.6121,-0.9546341364535977,0.11101096132592765,0.8696591594927219,2060
MOSAIC-NIR-H_TILE102159777-CUTOUT_271.8673263_66.9682285.fits,153.22226,-0.9557351863518347,0.11072987601884413,0.39725517959480366,1623
MOSAIC-NIR-H_TILE102160611-CUTOUT_273.9224572_68.4980117.fits,150.95432,-0.9560662232939701,0.1106455053569774,0.6063497420761893,2486
MOSAIC-NIR-H_TILE102159197-CUTOUT_275.7267035_66.2163794.fits,152.13266,-0.9562488233996067,0.1105989939804359,1.1293441072200967,1299
MOSAIC-NIR-H_TILE102158895-CUTOUT_274.4332156_65.580084.fits,151.26302,-0.9564162468935622,0.1105563655289124,1.0903543707815084,754
MOSAIC-NIR-H_TILE102159777-CUTOUT_272.4710921_66.9485978.fits,144.11548,-0.9569163262134478,0.11042913588215808,0.3817709457369581,1662
MOSAIC-NIR-H_TILE102158589-CUTOUT_273.5414528_65.1265955.fits,152.64435,-0.9574177342440715,0.11030171518761696,1.4998771442513852,292
MOSAIC-NIR-H_TILE102159777-CUTOUT_272.6022637_67.0402389.fits,152.12462,-0.9599945002151927,0.10964920817267228,0.8119382089216853,1671
MOSAIC-NIR-H_TILE102159779-CUTOUT_274.2882887_67.2307107.fits,150.87532,-0.9609778597010383,0.10940121375042881,1.2751054711320067,1791
MOSAIC-NIR-H_TILE102159195-CUTOUT_273.2945479_65.990599.fits,150.54385,-0.9611049638199217,0.10936920019549944,1.481083787514794,1085
MOSAIC-NIR-H_TILE102159489-CUTOUT_272.2987186_66.5737101.fits,156.34604,-0.9611811129571849,0.10935002509546925,0.7340651451473595,1360
MOSAIC-NIR-H_TILE102160611-CUTOUT_273.2825344_68.6178721.fits,155.87344,-0.9620620072355884,0.10912845150654528,0.5439916621480599,2451
MOSAIC-NIR-H_TILE102159778-CUTOUT_272.9176734_66.9273106.fits,158.88957,-0.9620770263326063,0.10912467760996483,0.7353862527720636,1694
MOSAIC-NIR-H_TILE102160062-CUTOUT_274.2630639_67.3559333.fits,154.65074,-0.9629277899600133,0.10891111645334078,0.7786927533159519,2039
MOSAIC-NIR-H_TILE102160061-CUTOUT_272.2596056_67.6639243.fits,152.7307,-0.9631121194118488,0.10886490065400828,0.7979724806699389,1919
MOSAIC-NIR-H_TILE102158277-CUTOUT_274.3098944_64.3384286.fits,152.35835,-0.9632118524114325,0.10883990338379212,1.4726859958598784,171
MOSAIC-NIR-H_TILE102160339-CUTOUT_273.102902_67.8000832.fits,153.7408,-0.9636055630961027,0.10874127902405481,0.5329109234000272,2181
MOSAIC-NIR-H_TILE102160611-CUTOUT_273.1388369_68.3553448.fits,150.8578,-0.963687072168678,0.10872087220454242,0.9994682045796295,2444
MOSAIC-NIR-H_TILE102160062-CUTOUT_274.3099049_67.6525957.fits,154.37544,-0.9637827824572862,0.10869691482086885,0.486661292779079,2045
MOSAIC-NIR-H_TILE102159780-CUTOUT_275.7491435_67.1772084.fits,157.19435,-0.9645629864624876,0.10850181762016647,0.7349824472732572,1892
MOSAIC-NIR-H_TILE102159195-CUTOUT_273.3521108_66.1984023.fits,154.01927,-0.9648113177692083,0.1084397935851284,0.6264544038153048,1091
MOSAIC-NIR-H_TILE102158895-CUTOUT_275.0338027_65.5122878.fits,150.42957,-0.9650615113854341,0.1083773402688433,0.645744906135509,824
MOSAIC-NIR-H_TILE102159489-CUTOUT_272.9434819_66.4944221.fits,154.18001,-0.9652836568236978,0.10832191848389855,1.3873932267292335,1413
MOSAIC-NIR-H_TILE102160611-CUTOUT_274.0139762_68.3108539.fits,151.69075,-0.9662334861255877,0.10808527052279106,1.1533674025220348,2489
MOSAIC-NIR-H_TILE102160611-CUTOUT_273.499359_68.4957174.fits,149.51405,-0.9670961273958905,0.10787079329623728,0.7512663752910393,2465
MOSAIC-NIR-H_TILE102158894-CUTOUT_273.1261813_65.2940397.fits,155.44069,-0.967489288747559,0.10777318340812814,0.651490092414524,624
MOSAIC-NIR-H_TILE102160063-CUTOUT_274.8550017_67.6820255.fits,154.44414,-0.9681783268428175,0.10760232940448805,1.4485635440192899,2068
MOSAIC-NIR-H_TILE102159196-CUTOUT_274.8125749_65.9894973.fits,150.21191,-0.9682440270604851,0.10758605251853388,0.6133599187616041,1234
MOSAIC-NIR-H_TILE102158896-CUTOUT_275.5719008_65.2717649.fits,153.88042,-0.9683093570557023,0.10756986979467383,1.0187909699962832,904
MOSAIC-NIR-H_TILE102159488-CUTOUT_272.1458311_66.4820464.fits,151.71904,-0.969019735954574,0.10739406073816418,0.8939127195461023,1353
MOSAIC-NIR-H_TILE102158895-CUTOUT_273.9571995_65.3050764.fits,152.83856,-0.9691419831128275,0.10736383523057048,0.7819070367931565,712
MOSAIC-NIR-H_TILE102159488-CUTOUT_272.2294344_66.6778809.fits,148.41833,-0.9705372723398196,0.10701945319492942,0.39523598258905834,1357
MOSAIC-NIR-H_TILE102159489-CUTOUT_272.9068931_66.4902302.fits,153.86755,-0.9705632188272335,0.10701305961622927,1.17333745067481,1409
MOSAIC-NIR-H_TILE102157958-CUTOUT_272.0344417_63.8853318.fits,149.0234,-0.970728088114877,0.1069724424332632,0.7003997586883043,6
MOSAIC-NIR-H_TILE102159195-CUTOUT_273.9338305_66.1558183.fits,152.08836,-0.9707867750645613,0.10695798804239096,0.974941169542957,1153
MOSAIC-NIR-H_TILE102158590-CUTOUT_275.0860441_65.0857795.fits,152.02626,-0.9708451957339868,0.10694360117525918,1.1535426700047913,381
MOSAIC-NIR-H_TILE102158895-CUTOUT_274.8571396_65.5392321.fits,154.9149,-0.9715864961680485,0.10676121406186696,0.737905119511419,803
MOSAIC-NIR-H_TILE102158276-CUTOUT_272.881916_64.4676301.fits,151.49066,-0.9724410118469453,0.10655135774788416,1.2089659229199987,89
MOSAIC-NIR-H_TILE102158893-CUTOUT_271.8702853_65.4617534.fits,151.47768,-0.9733650112390974,0.10632490142840424,1.096872094412597,533
MOSAIC-NIR-H_TILE102159777-CUTOUT_272.4364098_66.8340109.fits,152.26671,-0.9733960491296861,0.10631730293735052,0.3612749419190872,1660
MOSAIC-NIR-H_TILE102159779-CUTOUT_274.5010446_67.1929366.fits,152.08853,-0.9735304302884354,0.10628441089563746,0.852002949792423,1806
MOSAIC-NIR-H_TILE102160611-CUTOUT_274.239358_68.3552578.fits,149.77802,-0.9743380753175602,0.10608694048789727,0.9196684074385435,2499
MOSAIC-NIR-H_TILE102160340-CUTOUT_274.6491136_67.854717.fits,155.58516,-0.9744425147705822,0.1060614316905647,0.7741745354629569,2324
MOSAIC-NIR-H_TILE102159195-CUTOUT_273.5286217_66.1111315.fits,156.9195,-0.9755648458639999,0.10578769492956222,1.1157280292479088,1121
MOSAIC-NIR-H_TILE102158590-CUTOUT_275.1191434_65.0577895.fits,149.0619,-0.9764929663720339,0.10556185993769156,1.0689536158476804,383
MOSAIC-NIR-H_TILE102158590-CUTOUT_275.2452246_65.2422186.fits,155.18106,-0.9767352606001726,0.10550298307644898,0.3315690241930984,403
MOSAIC-NIR-H_TILE102158590-CUTOUT_275.5811031_65.1228887.fits,151.77078,-0.9770542576797208,0.10542551769809494,1.3368625002276158,459
MOSAIC-NIR-H_TILE102158895-CUTOUT_274.5103236_65.5749655.fits,154.20659,-0.9775234027510057,0.10531169364719806,1.0327636033304404,768
MOSAIC-NIR-H_TILE102160339-CUTOUT_273.2799779_67.9644638.fits,150.37688,-0.977557138376531,0.10530351344223482,1.5761174214850169,2197
MOSAIC-NIR-H_TILE102160063-CUTOUT_275.2350171_67.7231799.fits,149.75471,-0.9782159859654628,0.10514388358356389,1.2278876431715187,2088
MOSAIC-NIR-H_TILE102158895-CUTOUT_274.4646958_65.5813981.fits,151.50732,-0.9784661923254883,0.10508332538461,0.474527196039704,759
MOSAIC-NIR-H_TILE102158895-CUTOUT_274.0050362_65.3561705.fits,149.12761,-0.9787563192825796,0.10501314875215215,1.073107403603661,718
MOSAIC-NIR-H_TILE102158895-CUTOUT_274.3801205_65.2429845.fits,155.99162,-0.9790255748373022,0.10494806247665878,0.8729694580459544,750
MOSAIC-NIR-H_TILE102158589-CUTOUT_274.2945335_64.964277.fits,150.59814,-0.979150115240621,0.1049179713732617,0.9928673290774543,322
MOSAIC-NIR-H_TILE102158895-CUTOUT_274.2644768_65.6405148.fits,153.13144,-0.9797051751310528,0.10478396423938087,1.0496381024295425,740
MOSAIC-NIR-H_TILE102160338-CUTOUT_271.8989097_68.1632753.fits,154.00252,-0.9798394875908046,0.10475156314630121,1.385798892739706,2108
MOSAIC-NIR-H_TILE102160338-CUTOUT_272.2648147_68.0554677.fits,152.39172,-0.9800579913151827,0.10469887343758075,1.0353113274386443,2135
MOSAIC-NIR-H_TILE102158896-CUTOUT_275.6493907_65.683767.fits,153.03897,-0.9800741012999903,0.1046949897456449,0.6140123618117281,910
MOSAIC-NIR-H_TILE102158278-CUTOUT_274.3380777_64.6233914.fits,152.65999,-0.9800832867362551,0.10469277544399952,0.5050308456383175,174
MOSAIC-NIR-H_TILE102158276-CUTOUT_272.9947606_64.5571728.fits,154.79564,-0.9802076830618032,0.10466279225947556,0.8687028501296982,97
MOSAIC-NIR-H_TILE102158590-CUTOUT_275.6742182_64.9448261.fits,151.58229,-0.9802377903729445,0.1046555367999652,0.8122536880441247,487
MOSAIC-NIR-H_TILE102160610-CUTOUT_271.9717119_68.4790311.fits,152.00037,-0.9805219202902703,0.10458709005400615,1.4966079281563693,2351
MOSAIC-NIR-H_TILE102159779-CUTOUT_274.3604701_67.177557.fits,152.8885,-0.9809099099538778,0.10449369584595956,1.0156410579188127,1795
MOSAIC-NIR-H_TILE102159196-CUTOUT_274.4565736_65.877656.fits,152.45837,-0.9809372070915537,0.10448712820745432,0.6774222285303498,1198
MOSAIC-NIR-H_TILE102160061-CUTOUT_272.5070965_67.2423939.fits,147.73778,-0.9820164292394321,0.10422779995607315,1.2632288145821438,1931
MOSAIC-NIR-H_TILE102158588-CUTOUT_272.3995645_65.1239116.fits,157.47934,-0.9830621701300789,0.10397713098169158,0.7856038289827335,229
MOSAIC-NIR-H_TILE102159490-CUTOUT_274.133171_66.6418733.fits,150.0169,-0.9831121476675484,0.10396516623844432,0.8153742944622524,1485
MOSAIC-NIR-H_TILE102158590-CUTOUT_274.7462792_64.764903.fits,152.23619,-0.9831699977780156,0.10395131850137469,1.4079318902904678,347
MOSAIC-NIR-H_TILE102160610-CUTOUT_272.5780824_68.4497126.fits,151.77634,-0.9833297126208095,0.10391309670325606,0.5834813922279969,2391
MOSAIC-NIR-H_TILE102160061-CUTOUT_272.3439808_67.5107858.fits,147.91476,-0.9834482014550805,0.10388474989540938,0.8342729198080564,1926
MOSAIC-NIR-H_TILE102160061-CUTOUT_272.3384463_67.569709.fits,150.70764,-0.9840737739319315,0.10373521850503828,0.7636164813623536,1925
MOSAIC-NIR-H_TILE102160339-CUTOUT_273.4635472_68.062541.fits,156.14178,-0.9841601607367425,0.10371458627681361,1.631194399678982,2214
MOSAIC-NIR-H_TILE102159490-CUTOUT_273.7332803_66.2885043.fits,156.152,-0.9842142147643907,0.10370167834802861,0.5699379695887741,1462
MOSAIC-NIR-H_TILE102158895-CUTOUT_274.3138489_65.523161.fits,154.36548,-0.9845720410583754,0.103616271081283,0.6811629609041434,749
MOSAIC-NIR-H_TILE102158276-CUTOUT_272.1262875_64.6517372.fits,149.1014,-0.9846180754146124,0.10360528854353,1.2317733601328043,64
MOSAIC-NIR-H_TILE102160610-CUTOUT_272.6350778_68.3416272.fits,149.25084,-0.9849049308592392,0.10353687890576077,0.7018003569385418,2401
MOSAIC-NIR-H_TILE102159194-CUTOUT_272.5888185_65.8796633.fits,162.55501,-0.9852677688064433,0.10345041356592946,0.926776957926017,1020
MOSAIC-NIR-H_TILE102160340-CUTOUT_274.7460022_67.8789227.fits,155.57527,-0.9853207782808903,0.10343778730052593,0.8537747138232713,2327
MOSAIC-NIR-H_TILE102158276-CUTOUT_272.3718757_64.479114.fits,153.21657,-0.9864374687017415,0.10317216197749114,0.739982120239535,70
MOSAIC-NIR-H_TILE102158590-CUTOUT_275.5715796_65.1990606.fits,149.08461,-0.9866999491361819,0.10310982526100546,0.9576359180231355,455
MOSAIC-NIR-H_TILE102158590-CUTOUT_275.2048611_65.0070728.fits,149.8463,-0.9868365067987206,0.10307740895399374,1.4190313197941278,395
MOSAIC-NIR-H_TILE102159489-CUTOUT_272.324897_66.5149454.fits,151.75381,-0.9872171434923404,0.10298710650475251,0.7758098939610569,1361
MOSAIC-NIR-H_TILE102160610-CUTOUT_272.7371299_68.52956.fits,149.75797,-0.9872542829215042,0.1029782997642453,1.1533068114930587,2408
MOSAIC-NIR-H_TILE102158277-CUTOUT_274.0691227_64.4387362.fits,151.18205,-0.9874611669900869,0.10292925586220485,0.8136080580128731,143
MOSAIC-NIR-H_TILE102159779-CUTOUT_274.3905979_67.1771121.fits,154.41078,-0.9875905565526741,0.10289859466748438,0.8218879372948075,1797
MOSAIC-NIR-H_TILE102157958-CUTOUT_272.4117463_63.8402755.fits,155.74559,-0.9877411342471986,0.10286292406137183,0.6943072910050585,16
MOSAIC-NIR-H_TILE102160061-CUTOUT_272.9328095_67.5303186.fits,151.3985,-0.9883662888157154,0.10271496232340009,0.8028297508000432,1965
MOSAIC-NIR-H_TILE102160062-CUTOUT_274.2336045_67.3174967.fits,151.30173,-0.9892001469838378,0.10251793578609325,1.057112852471498,2038
MOSAIC-NIR-H_TILE102158588-CUTOUT_272.3974944_65.0690656.fits,150.41733,-0.9893464204880639,0.10248341282230018,0.8080092015315349,228
MOSAIC-NIR-H_TILE102158893-CUTOUT_272.6215742_65.5847311.fits,151.50162,-0.9896407753392694,0.10241397544692392,1.5804940874213884,577
MOSAIC-NIR-H_TILE102160340-CUTOUT_274.1426018_67.9965596.fits,152.33829,-0.9898207991330887,0.10237153159269045,0.5348843908996116,2276
MOSAIC-NIR-H_TILE102159194-CUTOUT_273.0063736_66.1782867.fits,152.27571,-0.9899637709831546,0.10233783593461002,0.6265707229974884,1052
MOSAIC-NIR-H_TILE102160610-CUTOUT_272.6938942_68.4884671.fits,152.76035,-0.9901428600206194,0.10229564381160526,0.9533593247101115,2406
MOSAIC-NIR-H_TILE102158896-CUTOUT_275.4555323_65.5259913.fits,152.75726,-0.9902755454258465,0.10226439527794924,1.4261289679373923,897
MOSAIC-NIR-H_TILE102160610-CUTOUT_272.5317022_68.4235972.fits,153.40668,-0.9909297201119257,0.10211047110397284,1.172524282713123,2387
MOSAIC-NIR-H_TILE102158588-CUTOUT_272.9520899_65.0382608.fits,158.21988,-0.9909571525739223,0.10210402144074034,0.8103666225990718,267
MOSAIC-NIR-H_TILE102160340-CUTOUT_273.9730017_67.9254443.fits,153.84366,-0.9912108886865052,0.10204438469235047,0.36006328449657776,2266
MOSAIC-NIR-H_TILE102158587-CUTOUT_272.1087795_64.8492348.fits,154.38206,-0.9912838321493541,0.10202724690674261,0.7389254444881457,213
MOSAIC-NIR-H_TILE102160611-CUTOUT_273.2619469_68.3111731.fits,153.55289,-0.9916106758758715,0.10195049156698964,0.32808482225859503,2450
MOSAIC-NIR-H_TILE102158894-CUTOUT_272.8120463_65.2654737.fits,152.5463,-0.9917507950128074,0.10191760394979082,0.7365689720177311,598
MOSAIC-NIR-H_TILE102159194-CUTOUT_272.4066148_66.0082649.fits,154.4766,-0.9919464719023054,0.10187169402354555,1.0703790644122426,1003
MOSAIC-NIR-H_TILE102159492-CUTOUT_276.5415772_66.622079.fits,148.18416,-0.992001291199811,0.10185883596871738,0.8341199667059536,1612
MOSAIC-NIR-H_TILE102159779-CUTOUT_274.6193113_66.881137.fits,155.305,-0.9925945878288986,0.10171977999074439,0.8442417343080424,1811
MOSAIC-NIR-H_TILE102159489-CUTOUT_273.2238648_66.361904.fits,153.4418,-0.9926470786802952,0.10170748640788473,1.6370893429366915,1433
MOSAIC-NIR-H_TILE102159194-CUTOUT_272.7859548_65.782153.fits,154.79039,-0.9927361388506205,0.10168663153235873,0.48948835288713066,1039
MOSAIC-NIR-H_TILE102160610-CUTOUT_272.8281939_68.5992049.fits,151.1438,-0.9930587369150228,0.10161112578369653,1.1795237825485818,2415
MOSAIC-NIR-H_TILE102158276-CUTOUT_272.9946141_64.4640517.fits,154.36343,-0.9933166378809987,0.10155080305529376,0.4204476995713838,96
MOSAIC-NIR-H_TILE102160611-CUTOUT_273.2549291_68.2744358.fits,150.71292,-0.9941700850629783,0.10135143799617914,1.4292012942864973,2449
MOSAIC-NIR-H_TILE102159194-CUTOUT_272.9828458_65.7621819.fits,154.76971,-0.9945284642162356,0.10126783744025485,1.019787343240769,1049
MOSAIC-NIR-H_TILE102159491-CUTOUT_275.5935491_66.4507185.fits,151.75494,-0.9947051684635654,0.10122664231156873,0.8252561779273792,1571
MOSAIC-NIR-H_TILE102160611-CUTOUT_273.5161237_68.6046545.fits,155.49867,-0.9949640864924197,0.10116631091762342,1.0100679792932354,2467
MOSAIC-NIR-H_TILE102159195-CUTOUT_273.4735077_66.0659005.fits,153.26187,-0.9949890470034317,0.1011604966824464,0.7813711202363155,1112
MOSAIC-NIR-H_TILE102158590-CUTOUT_275.0676354_65.1687821.fits,152.17938,-0.9953697261854623,0.10107186368363685,0.7968225246796471,379
MOSAIC-NIR-H_TILE102160063-CUTOUT_274.4958984_67.5398673.fits,156.9646,-0.9955465003638174,0.10103073200767479,0.6613288645491933,2049
MOSAIC-NIR-H_TILE102159777-CUTOUT_272.4013244_66.919762.fits,149.60228,-0.9958227653337453,0.10096648441144333,0.5110021217455132,1656
MOSAIC-NIR-H_TILE102158588-CUTOUT_273.1208838_65.2351193.fits,150.56604,-0.9958791179565568,0.10095338418262255,0.6175945440758549,279
MOSAIC-NIR-H_TILE102158893-CUTOUT_272.1982605_65.3109977.fits,148.82521,-0.9960783825060546,0.1009070750140357,1.739389832652213,556
MOSAIC-NIR-H_TILE102159195-CUTOUT_273.7743725_65.8211214.fits,151.72504,-0.99608796690975,0.10090484812994845,0.6582761139383435,1136
MOSAIC-NIR-H_TILE102159195-CUTOUT_273.097061_65.935309.fits,154.47736,-0.9964443960612072,0.10082206864191519,0.9574428618752703,1063
MOSAIC-NIR-H_TILE102158590-CUTOUT_275.5064635_65.1698021.fits,153.05002,-0.9964565665342946,0.10081924328923139,0.8201565874977613,438
MOSAIC-NIR-H_TILE102158590-CUTOUT_275.5284589_65.0412904.fits,150.76714,-0.9965051875569968,0.10080795679922157,0.3540585803917297,444
MOSAIC-NIR-H_TILE102159489-CUTOUT_272.8121464_66.673776.fits,153.71889,-0.9966649644352085,0.10077087638758968,1.2448003944642965,1401
MOSAIC-NIR-H_TILE102160061-CUTOUT_272.4047688_67.5526222.fits,155.44942,-0.9967620011231204,0.10074836313876008,0.35386481751562177,1928
MOSAIC-NIR-H_TILE102160339-CUTOUT_272.701041_68.0670269.fits,152.55678,-0.9971257933459559,0.10066400534467579,0.5985873447885176,2159
MOSAIC-NIR-H_TILE102159779-CUTOUT_274.403269_67.1042629.fits,152.69562,-0.9972318702458,0.10063942105431058,0.5127687266787331,1800
MOSAIC-NIR-H_TILE102158277-CUTOUT_274.2699722_64.3792748.fits,143.87459,-0.9977127884216864,0.10052803916694773,0.7620538014393747,166
MOSAIC-NIR-H_TILE102159195-CUTOUT_273.4361329_66.2119209.fits,154.2456,-0.9977363219496658,0.10052259190610559,1.165599663486212,1108
MOSAIC-NIR-H_TILE102158589-CUTOUT_274.5954526_65.1518218.fits,152.9827,-0.9977767649917245,0.1005132313217705,0.9200456611043872,336
MOSAIC-NIR-H_TILE102159779-CUTOUT_274.0779443_67.0381129.fits,153.80621,-0.9983095497020886,0.10038999909057444,0.8253186211966063,1779
MOSAIC-NIR-H_TILE102159780-CUTOUT_275.8405887_67.1374954.fits,153.33525,-0.9986617429273902,0.10030862033357875,0.4646263451570105,1897
MOSAIC-NIR-H_TILE102159778-CUTOUT_273.8541484_66.8962934.fits,150.79071,-0.9989247863482996,0.10024788381777769,0.6728498947631839,1758
MOSAIC-NIR-H_TILE102159196-CUTOUT_274.9542422_66.2144555.fits,154.53218,-0.999143268254274,0.10019746447947048,0.492572328645498,1244
MOSAIC-NIR-H_TILE102159777-CUTOUT_271.8129386_66.958838.fits,153.60164,-0.9991630388678433,0.10019290324200647,0.7178779588190232,1621
MOSAIC-NIR-H_TILE102160610-CUTOUT_272.2759226_68.5080584.fits,157.30873,-0.9993389618338354,0.10015232556043326,0.7868414934189332,2357
MOSAIC-NIR-H_TILE102160339-CUTOUT_273.2901719_67.7777036.fits,152.69655,-0.9995267281225216,0.10010903427619536,0.6630173588432116,2200
MOSAIC-NIR-H_TILE102160062-CUTOUT_273.5067543_67.3503845.fits,149.00032,-1.0000991463120024,0.0999771733236781,0.466873355178698,2001
MOSAIC-NIR-H_TILE102160061-CUTOUT_273.0172493_67.4601705.fits,151.37688,-1.0001009613249103,0.09997675549778239,0.364407339250986,1970
MOSAIC-NIR-H_TILE102159780-CUTOUT_275.6031521_66.9413026.fits,150.62202,-1.0002312668825124,0.09994676300830024,0.584546325836409,1880
MOSAIC-NIR-H_TILE102158591-CUTOUT_275.9577719_65.1091116.fits,151.8567,-1.0002789999321142,0.09993577852236112,0.904699016641102,520
MOSAIC-NIR-H_TILE102160610-CUTOUT_271.9071278_68.3116691.fits,159.52707,-1.0004774718907345,0.09989011844824415,0.7944172351977917,2347
MOSAIC-NIR-H_TILE102158893-CUTOUT_272.6854175_65.6004869.fits,152.52695,-1.0005576115659252,0.09987168758292986,1.3050841468404681,583
MOSAIC-NIR-H_TILE102159489-CUTOUT_272.7165905_66.2912772.fits,154.69858,-1.000702294397804,0.09983842141784853,0.5493588979326369,1395
MOSAIC-NIR-H_TILE102157960-CUTOUT_274.0271586_64.2108145.fits,152.8437,-1.0008870612582677,0.09979595505232734,0.690483442995075,49
MOSAIC-NIR-H_TILE102158275-CUTOUT_271.814345_64.565765.fits,152.44188,-1.0010397818335985,0.09976086776277222,0.9003962329569764,51
MOSAIC-NIR-H_TILE102157635-CUTOUT_271.9325051_63.7356359.fits,153.48047,-1.0011610822003796,0.09973300800268782,0.7091046908048366,0
MOSAIC-NIR-H_TILE102159778-CUTOUT_273.2088542_67.059348.fits,154.4369,-1.001315930695055,0.09969745435435926,1.100361321158112,1706
MOSAIC-NIR-H_TILE102158278-CUTOUT_274.6808146_64.4365479.fits,153.6429,-1.0015462669367108,0.0996445919550106,1.0769487179062303,200
MOSAIC-NIR-H_TILE102159779-CUTOUT_274.3135629_66.9863542.fits,149.52823,-1.0021496273920953,0.09950625295905553,0.7418489918762672,1793
MOSAIC-NIR-H_TILE102158588-CUTOUT_272.8671785_65.0210258.fits,152.374,-1.0021794205257475,0.09949942694230472,0.5854298432896312,257
MOSAIC-NIR-H_TILE102160611-CUTOUT_273.4715082_68.740131.fits,152.17375,-1.0023206596383585,0.09946707348988516,1.2584187074919448,2464
MOSAIC-NIR-H_TILE102159196-CUTOUT_274.9770905_66.1309972.fits,154.06587,-1.002326662321199,0.09946569869652747,0.6279695448766256,1247
MOSAIC-NIR-H_TILE102159196-CUTOUT_275.115532_65.9897909.fits,152.19252,-1.002329899113119,0.09946495738254918,1.1600639139293563,1257
MOSAIC-NIR-H_TILE102158278-CUTOUT_274.4435546_64.4056964.fits,152.72374,-1.0023322154651462,0.09946442687790122,0.9937828332907137,185
MOSAIC-NIR-H_TILE102160063-CUTOUT_274.7049499_67.4079034.fits,152.91884,-1.0027384491924485,0.09937143257359538,1.4230748866969691,2063
MOSAIC-NIR-H_TILE102159488-CUTOUT_272.1743106_66.5931496.fits,152.7237,-1.003041170658288,0.0993021906530578,1.0089696132372272,1356
MOSAIC-NIR-H_TILE102160062-CUTOUT_274.2755183_67.7117187.fits,148.39828,-1.0031723269140103,0.09927220607433947,1.2571547547007738,2043
MOSAIC-NIR-H_TILE102159489-CUTOUT_272.7662205_66.5468012.fits,154.5817,-1.0031729474219577,0.09927206423705764,0.776664491489079,1397
MOSAIC-NIR-H_TILE102159195-CUTOUT_273.7051841_66.2571302.fits,154.36497,-1.0032301588992674,0.09925898756302402,0.6720881865129565,1131
MOSAIC-NIR-H_TILE102159492-CUTOUT_276.7246724_66.3826998.fits,150.4465,-1.0035244071610196,0.099191759233529,1.4847487863037518,1619
MOSAIC-NIR-H_TILE102158893-CUTOUT_272.6819861_65.4075918.fits,153.64711,-1.0036502211154763,0.09916302780703345,0.9646763820257505,582
MOSAIC-NIR-H_TILE102159778-CUTOUT_273.8170769_66.9838957.fits,155.6564,-1.003735609194607,0.09914353295163782,0.5896932442368729,1755
MOSAIC-NIR-H_TILE102158896-CUTOUT_275.3687486_65.7562877.fits,150.60776,-1.0039253327802173,0.09910023109229077,0.5354492370463324,872
MOSAIC-NIR-H_TILE102159780-CUTOUT_275.7458915_67.0516044.fits,151.05826,-1.0039737711853682,0.09908917870811529,0.8980657128053868,1891
MOSAIC-NIR-H_TILE102158893-CUTOUT_272.1889403_65.4765251.fits,157.99916,-1.0041817770256904,0.09904173119572701,0.6822801805455098,555
MOSAIC-NIR-H_TILE102159780-CUTOUT_275.7209021_66.891955.fits,152.08427,-1.0044367154045801,0.09898360904604027,0.9542225545430038,1887
MOSAIC-NIR-H_TILE102158895-CUTOUT_274.7158628_65.5631526.fits,149.99298,-1.0048581505047922,0.09888760291313715,0.7282642493070761,787
MOSAIC-NIR-H_TILE102158591-CUTOUT_276.0575448_65.076183.fits,149.0993,-1.0052607657503112,0.09879597106160878,0.8968461273555182,525
MOSAIC-NIR-H_TILE102158894-CUTOUT_273.4364256_65.6214633.fits,150.69328,-1.0054949449482506,0.09874271290224985,0.8152118072313786,658
MOSAIC-NIR-H_TILE102159779-CUTOUT_275.1247071_66.9008882.fits,151.4081,-1.0055882274964236,0.09872150613331615,0.6992600560313887,1846
MOSAIC-NIR-H_TILE102158893-CUTOUT_271.8489878_65.6914655.fits,152.63142,-1.0057070670941797,0.09869449584525476,0.8441329686589009,531
MOSAIC-NIR-H_TILE102160340-CUTOUT_274.2768623_68.1019423.fits,154.42828,-1.0058322130123807,0.09866606022280955,0.7916084715073315,2292
MOSAIC-NIR-H_TILE102158893-CUTOUT_272.2150111_65.4030207.fits,151.48589,-1.0059648375124735,0.09863593426073462,1.0731461014409132,557
MOSAIC-NIR-H_TILE102159195-CUTOUT_274.0951541_65.7954012.fits,152.09114,-1.0060215794537721,0.09862304800723272,0.9057702573283632,1166
MOSAIC-NIR-H_TILE102158894-CUTOUT_273.4912896_65.674139.fits,154.70605,-1.0063323891905804,0.09855249210833654,0.8161764853490653,662
MOSAIC-NIR-H_TILE102160611-CUTOUT_273.4296694_68.4086494.fits,151.10208,-1.006601482073514,0.09849144698555874,0.9067563768529886,2461
MOSAIC-NIR-H_TILE102158895-CUTOUT_274.7781271_65.6153545.fits,149.0947,-1.0067149798247297,0.09846571076820494,0.7199899632095118,789
MOSAIC-NIR-H_TILE102159196-CUTOUT_274.3045445_65.849705.fits,150.4784,-1.0071289564264816,0.09837189636240154,0.7662550684492944,1183
MOSAIC-NIR-H_TILE102158276-CUTOUT_272.7960091_64.7404491.fits,161.5064,-1.0072449810248965,0.09834561918003186,0.6699071699406757,84
MOSAIC-NIR-H_TILE102160063-CUTOUT_274.5792849_67.3224215.fits,156.01582,-1.0072475317494813,0.0983450415722969,1.500059165875313,2054
MOSAIC-NIR-H_TILE102158590-CUTOUT_275.6102771_65.0399164.fits,157.08057,-1.0075147003938896,0.09828456041867104,0.68080234947442,467
MOSAIC-NIR-H_TILE102159779-CUTOUT_274.3192663_67.1167207.fits,153.95749,-1.0078669692108868,0.0982048712921101,1.23455488900464,1794
MOSAIC-NIR-H_TILE102159491-CUTOUT_274.8868033_66.3073278.fits,158.99261,-1.0078902316335832,0.09819961121596263,0.821963065773372,1519
MOSAIC-NIR-H_TILE102159489-CUTOUT_272.9901406_66.4334051.fits,149.53177,-1.0082580411799826,0.09811647991781851,0.9027488458565109,1416
MOSAIC-NIR-H_TILE102159195-CUTOUT_274.0860495_65.823378.fits,151.34077,-1.008263903397098,0.09811515552561485,0.7642666697008885,1165
MOSAIC-NIR-H_TILE102158590-CUTOUT_275.4931035_65.0918866.fits,155.37167,-1.0085862544944946,0.09804235747117374,0.8382834775159318,436
MOSAIC-NIR-H_TILE102159194-CUTOUT_272.3531614_65.7539464.fits,157.78362,-1.0088610380364176,0.0979803444675741,0.9254174334834844,997
MOSAIC-NIR-H_TILE102159194-CUTOUT_272.7504287_65.9396307.fits,152.56824,-1.0089902755251294,0.09795119178365475,1.6196227071841947,1036
MOSAIC-NIR-H_TILE102158895-CUTOUT_274.9455036_65.3806487.fits,155.70934,-1.0095332417912908,0.0978288071741256,1.5665900606750627,810
MOSAIC-NIR-H_TILE102160339-CUTOUT_272.8608783_68.2225432.fits,154.74078,-1.009875419529344,0.0977517588635661,0.7924912251057631,2168
MOSAIC-NIR-H_TILE102158589-CUTOUT_274.1134215_64.9818508.fits,152.44925,-1.010614411620586,0.09758556667153997,0.8635029884316437,307
MOSAIC-NIR-H_TILE102158588-CUTOUT_272.738578_64.8147055.fits,152.04349,-1.0109454021184807,0.09751122174810462,0.8007514861643673,246
MOSAIC-NIR-H_TILE102160063-CUTOUT_275.2787756_67.3075336.fits,150.93013,-1.0110124600447734,0.09749616653604344,0.39520439557262926,2092
MOSAIC-NIR-H_TILE102159197-CUTOUT_275.5778594_66.1058702.fits,155.99338,-1.0110313875979913,0.0974919175212723,1.2319594179360212,1286
MOSAIC-NIR-H_TILE102160339-CUTOUT_272.5143444_67.8677623.fits,148.02061,-1.0111476903954957,0.09746581296519342,0.3462530864597115,2146
MOSAIC-NIR-H_TILE102158894-CUTOUT_273.6468662_65.7296839.fits,156.64294,-1.0112790698122494,0.09743633281853163,0.6303843176852153,671
MOSAIC-NIR-H_TILE102158895-CUTOUT_274.8232367_65.3865354.fits,151.51651,-1.0113977729867116,0.09740970475392223,0.5839566135601421,799
MOSAIC-NIR-H_TILE102158893-CUTOUT_272.053336_65.4401738.fits,151.15125,-1.011410464300628,0.09740685820824928,0.4224115278344663,544
MOSAIC-NIR-H_TILE102158590-CUTOUT_275.5354212_65.0725279.fits,152.596,-1.0114159724339506,0.09740562281019213,0.7893226974384675,448
MOSAIC-NIR-H_TILE102158277-CUTOUT_273.3750492_64.7433948.fits,154.89163,-1.011683194047022,0.09734570751634858,0.8658633732687248,117
MOSAIC-NIR-H_TILE102159195-CUTOUT_273.2639064_65.8929501.fits,150.1779,-1.0128942046506557,0.09707464149839103,0.6723278761000834,1082
MOSAIC-NIR-H_TILE102160610-CUTOUT_272.4846655_68.4400211.fits,154.98666,-1.0130497478086722,0.09703988030906653,1.1027385963297678,2380
MOSAIC-NIR-H_TILE102160339-CUTOUT_273.4252416_67.974127.fits,150.89401,-1.013205894592091,0.09700499674005257,0.8247927516413268,2211
MOSAIC-NIR-H_TILE102160338-CUTOUT_272.212427_67.9053278.fits,159.0785,-1.0133428455196525,0.096974411894024,0.9226389788252674,2128
MOSAIC-NIR-H_TILE102159196-CUTOUT_275.1957415_66.0338091.fits,154.19215,-1.0137018649061782,0.09689427892275672,0.30450601299116364,1262
MOSAIC-NIR-H_TILE102159194-CUTOUT_272.4842372_66.1745563.fits,151.70601,-1.0137701889381958,0.09687903652994088,0.5229003333329604,1010
MOSAIC-NIR-H_TILE102160610-CUTOUT_271.9362255_68.3587548.fits,153.88783,-1.0137856656785145,0.0968755841605526,0.6920524383916217,2350
MOSAIC-NIR-H_TILE102160062-CUTOUT_273.8572096_67.6579785.fits,149.5265,-1.0140053974055403,0.09682658225928321,1.0000550024549915,2020
MOSAIC-NIR-H_TILE102159779-CUTOUT_274.7996514_67.2027286.fits,152.08353,-1.014274487420687,0.09676660683397904,0.8741807983553112,1822
MOSAIC-NIR-H_TILE102160611-CUTOUT_273.8413115_68.5366902.fits,155.12231,-1.0147408073456372,0.09666276029314749,0.7282313553932162,2484
MOSAIC-NIR-H_TILE102160611-CUTOUT_274.0466598_68.5989061.fits,151.73296,-1.014815939848039,0.09664603918061933,0.8208145703869903,2492
MOSAIC-NIR-H_TILE102158589-CUTOUT_274.1626333_64.9291098.fits,150.86078,-1.0154224859791487,0.09651115520811832,1.408534700811488,310
MOSAIC-NIR-H_TILE102159193-CUTOUT_271.8267309_65.8288604.fits,152.06467,-1.0154993137875894,0.09649408364711765,0.7922337953801465,963
MOSAIC-NIR-H_TILE102158895-CUTOUT_274.0005493_65.7196041.fits,147.78957,-1.015883585026502,0.09640874178120669,1.4162544495198153,716
MOSAIC-NIR-H_TILE102159195-CUTOUT_273.8157362_65.8117042.fits,149.8217,-1.0159240762318833,0.09639975358459728,0.7584709873956015,1140
MOSAIC-NIR-H_TILE102158895-CUTOUT_274.8065942_65.6558204.fits,153.55696,-1.0161981847867998,0.09633892927956461,0.5909327390946137,795
MOSAIC-NIR-H_TILE102160339-CUTOUT_272.531047_67.9703106.fits,151.95439,-1.0166498324487763,0.09623879299669641,1.0790356621273667,2147
MOSAIC-NIR-H_TILE102158277-CUTOUT_274.1224977_64.4846109.fits,150.37502,-1.016864058882937,0.09619133255164909,0.39379450262382776,148
MOSAIC-NIR-H_TILE102159196-CUTOUT_275.3660921_66.1102929.fits,152.71391,-1.0171473251999203,0.09612861271186762,1.06874579889123,1271
MOSAIC-NIR-H_TILE102159195-CUTOUT_273.5541475_66.1155594.fits,153.36954,-1.0172166570241858,0.09611326773190762,0.8349440314461702,1122
MOSAIC-NIR-H_TILE102160611-CUTOUT_273.4252458_68.5760754.fits,155.50565,-1.0175097443051613,0.09604842676712719,0.4997235301895834,2460
MOSAIC-NIR-H_TILE102159777-CUTOUT_272.1506102_66.9485971.fits,156.47755,-1.0175912594686725,0.09603040059177193,0.7306030071196744,1637
MOSAIC-NIR-H_TILE102158275-CUTOUT_271.8636689_64.3642008.fits,158.17665,-1.0180779792692831,0.09592283828524131,0.932397724287586,55
MOSAIC-NIR-H_TILE102159197-CUTOUT_276.0645555_66.1977201.fits,152.35849,-1.0182254540091669,0.09589027099587381,0.5576094809452588,1317
MOSAIC-NIR-H_TILE102159778-CUTOUT_273.9615757_67.0715072.fits,155.7232,-1.0184866883935755,0.09583260896112611,1.164043141937243,1767
MOSAIC-NIR-H_TILE102160061-CUTOUT_272.9794331_67.5742644.fits,156.16956,-1.018731121864588,0.09577868677834685,0.5966687666829733,1968
MOSAIC-NIR-H_TILE102159491-CUTOUT_275.1744692_66.5341738.fits,161.55032,-1.0187971109580127,0.09576413474321102,1.2964005058556187,1541
MOSAIC-NIR-H_TILE102158278-CUTOUT_274.4985252_64.3143357.fits,153.96991,-1.0192659796242902,0.09566080261478947,0.5072549515332883,189
MOSAIC-NIR-H_TILE102159778-CUTOUT_272.8684855_66.9925657.fits,155.6001,-1.0197436951874983,0.09555563542640769,1.222794608762414,1688
MOSAIC-NIR-H_TILE102160611-CUTOUT_272.9651112_68.292635.fits,147.98239,-1.0200821964947504,0.09548118570035137,0.9845303185504484,2432
MOSAIC-NIR-H_TILE102159491-CUTOUT_275.5444006_66.7525966.fits,149.79066,-1.0202569438288367,0.09544277460601697,1.7847398910282262,1566
MOSAIC-NIR-H_TILE102160063-CUTOUT_274.7188686_67.50405.fits,154.06538,-1.0205356325177428,0.09538154820236006,1.4960727192756735,2064
MOSAIC-NIR-H_TILE102159196-CUTOUT_274.5393518_65.8384673.fits,150.95493,-1.0215793009604,0.09515260862413082,0.8542034494943053,1209
MOSAIC-NIR-H_TILE102158894-CUTOUT_273.3599459_65.7538573.fits,153.1032,-1.021692596223296,0.0951277892118739,1.1268629280351268,650
MOSAIC-NIR-H_TILE102159492-CUTOUT_276.5497778_66.4067586.fits,155.64844,-1.0221072677136027,0.09503700298837749,0.560558088925217,1614
MOSAIC-NIR-H_TILE102158893-CUTOUT_272.1835393_65.7024556.fits,156.34486,-1.0222868895899349,0.0949977043193515,0.7515467122529903,554
MOSAIC-NIR-H_TILE102159195-CUTOUT_273.2770587_65.9702296.fits,153.88669,-1.022524309462325,0.09494578521859905,0.6155443786420137,1084
MOSAIC-NIR-H_TILE102158590-CUTOUT_275.4388067_65.1308192.fits,153.25159,-1.0225469789693855,0.09494082932331667,0.9234121763478249,427
MOSAIC-NIR-H_TILE102160340-CUTOUT_273.8320617_68.2357115.fits,149.60936,-1.0226905018772217,0.09490945905921062,1.5317460357071757,2254
MOSAIC-NIR-H_TILE102159197-CUTOUT_275.8069808_65.9172934.fits,152.15848,-1.0227581697673689,0.09489467226635781,0.34993452760192995,1303
MOSAIC-NIR-H_TILE102158278-CUTOUT_274.4421718_64.6908222.fits,155.32883,-1.022807001581027,0.09488400296559343,0.9857805963511925,184
MOSAIC-NIR-H_TILE102159779-CUTOUT_273.9935965_66.8355531.fits,154.48917,-1.0231143566362038,0.09481687625296494,0.5689736888171241,1773
MOSAIC-NIR-H_TILE102160611-CUTOUT_274.0892336_68.4088241.fits,152.79884,-1.0231240913964197,0.09481475094571722,0.7805900966209456,2494
MOSAIC-NIR-H_TILE102160062-CUTOUT_273.4579852_67.708655.fits,156.71414,-1.0236977347879723,0.09468959634990565,0.914816472826089,1999
MOSAIC-NIR-H_TILE102159777-CUTOUT_272.6244787_67.0393342.fits,150.96764,-1.0239711213537206,0.09463000840092263,1.2064244428191404,1673
MOSAIC-NIR-H_TILE102159779-CUTOUT_274.4454287_66.9261085.fits,154.37506,-1.0246657549166907,0.09447877313985008,0.5874607754505853,1803
MOSAIC-NIR-H_TILE102160061-CUTOUT_272.7449898_67.4844957.fits,151.07239,-1.0253140179608016,0.09433785168866496,0.488882963928458,1943
MOSAIC-NIR-H_TILE102159194-CUTOUT_272.0495386_66.119441.fits,150.21083,-1.0255279120605696,0.09429140085285201,0.8407117051776638,975
MOSAIC-NIR-H_TILE102158896-CUTOUT_275.2987522_65.3573151.fits,148.61363,-1.0257297551382019,0.09424758808216178,0.637070722931808,855
MOSAIC-NIR-H_TILE102158896-CUTOUT_276.1914891_65.4269432.fits,154.62805,-1.0258873975906502,0.09421338381442142,0.894349855365032,957
MOSAIC-NIR-H_TILE102158278-CUTOUT_274.4044498_64.5346033.fits,148.35272,-1.0259695844712584,0.09419555634519322,1.0484947333521262,179
MOSAIC-NIR-H_TILE102159777-CUTOUT_272.2235705_67.126391.fits,152.77246,-1.0261170124479546,0.09416358563397689,0.5213523449740146,1644
MOSAIC-NIR-H_TILE102159489-CUTOUT_273.2217669_66.3717799.fits,150.26805,-1.0266001457630645,0.09405889107353359,1.3332599320412886,1431
MOSAIC-NIR-H_TILE102159490-CUTOUT_274.1351501_66.3725888.fits,154.67798,-1.0272606035905851,0.09391595875204355,0.8462692857598936,1486
MOSAIC-NIR-H_TILE102160340-CUTOUT_274.1832397_68.0111377.fits,150.91714,-1.0285045584751031,0.0936473390358795,0.46001527617062876,2279
MOSAIC-NIR-H_TILE102160340-CUTOUT_274.6692475_67.9913277.fits,148.31818,-1.0286078669912957,0.09362506516996909,0.9597026754971923,2325
MOSAIC-NIR-H_TILE102158277-CUTOUT_273.743941_64.7579466.fits,155.75098,-1.0290729233433809,0.09352486213056463,1.1978904849714906,125
MOSAIC-NIR-H_TILE102159488-CUTOUT_271.9066362_66.4686796.fits,152.1936,-1.029275616877647,0.0934812224746292,0.5593086043937727,1334
MOSAIC-NIR-H_TILE102159491-CUTOUT_274.9875548_66.6520521.fits,149.96756,-1.029690192150168,0.09339202836068454,1.4150565376071533,1525
MOSAIC-NIR-H_TILE102158277-CUTOUT_273.8270115_64.5622512.fits,154.4427,-1.0311122326917592,0.09308672847030848,0.5846858002781259,128
MOSAIC-NIR-H_TILE102158275-CUTOUT_271.9349955_64.5641023.fits,150.34543,-1.0315585521832684,0.0929911134395706,0.8693200498937383,56
MOSAIC-NIR-H_TILE102159778-CUTOUT_273.2912788_67.1319069.fits,154.13034,-1.0321728209313568,0.09285967921756047,0.8002654116373761,1712
MOSAIC-NIR-H_TILE102158276-CUTOUT_272.0561302_64.7298848.fits,156.15993,-1.0323603448051542,0.09281959202196322,1.4603549346774691,60
MOSAIC-NIR-H_TILE102160061-CUTOUT_273.0309844_67.4269754.fits,153.96669,-1.0324378375598753,0.09280303135980236,0.8021934230398671,1971
MOSAIC-NIR-H_TILE102157958-CUTOUT_272.4902221_63.9699836.fits,154.08366,-1.032750345857202,0.09273627645836148,0.512222927900874,20
MOSAIC-NIR-H_TILE102159779-CUTOUT_275.0415006_66.9947052.fits,152.76292,-1.0332704845538965,0.09262527607861146,0.6569206147814192,1839
MOSAIC-NIR-H_TILE102158277-CUTOUT_273.2313382_64.487289.fits,153.45558,-1.033799300722287,0.09251256008390434,0.5002708861974344,109
MOSAIC-NIR-H_TILE102158896-CUTOUT_275.7748358_65.6776158.fits,157.04391,-1.0348813243737733,0.09228235641424416,0.5252326970154078,926
MOSAIC-NIR-H_TILE102159195-CUTOUT_274.0021039_66.0010155.fits,154.84857,-1.0349938298891197,0.09225845344095736,1.0533493805941145,1162
MOSAIC-NIR-H_TILE102159780-CUTOUT_276.0635608_66.99895.fits,151.0853,-1.0350089073631081,0.09225525054443438,0.6013633121539624,1906
MOSAIC-NIR-H_TILE102159780-CUTOUT_275.4301839_67.1115622.fits,151.54562,-1.035190490639406,0.09221668567719343,1.2316638969170952,1867
MOSAIC-NIR-H_TILE102158894-CUTOUT_273.8630395_65.645483.fits,150.77586,-1.0352177087652423,0.09221090644948307,0.5590562392767467,703
MOSAIC-NIR-H_TILE102159489-CUTOUT_272.9990636_66.4916106.fits,154.78787,-1.0355229385558404,0.09214612177324584,1.2789373189568687,1417
MOSAIC-NIR-H_TILE102158896-CUTOUT_275.180498_65.2857151.fits,147.1444,-1.0356549491558547,0.09211811677488849,1.6530061057122984,840
MOSAIC-NIR-H_TILE102159491-CUTOUT_275.6819862_66.490816.fits,155.22403,-1.0356561065598093,0.0921178712784914,1.2197289743829594,1573
MOSAIC-NIR-H_TILE102158894-CUTOUT_273.7409788_65.6988169.fits,155.04532,-1.0357066477061063,0.09210715165826447,1.407529415042278,684
MOSAIC-NIR-H_TILE102158588-CUTOUT_272.4480035_64.7612006.fits,150.09232,-1.0357488457304027,0.09209820254386177,0.61841483063858,233
MOSAIC-NIR-H_TILE102158590-CUTOUT_275.5268908_65.0350327.fits,154.54095,-1.0357714669706841,0.09209340551926613,0.6583879956158071,441
MOSAIC-NIR-H_TILE102160063-CUTOUT_274.8946847_67.5877569.fits,150.98206,-1.0359630057848626,0.09205279811302775,1.4110121818957377,2073
MOSAIC-NIR-H_TILE102159779-CUTOUT_274.461753_67.2027196.fits,156.7055,-1.0367633633806868,0.09188331101779773,1.1030816434038377,1805
MOSAIC-NIR-H_TILE102159779-CUTOUT_275.1008278_67.2253939.fits,149.62843,-1.036942655080519,0.09184538625551446,0.5221249586396336,1844
MOSAIC-NIR-H_TILE102159491-CUTOUT_275.2916176_66.5043631.fits,150.22089,-1.0370763566347387,0.09181711515984042,0.9026855831886548,1549
MOSAIC-NIR-H_TILE102160339-CUTOUT_273.0233973_68.1999283.fits,161.50566,-1.0371209682885532,0.09180768399469125,0.8496159985485793,2175
MOSAIC-NIR-H_TILE102160338-CUTOUT_272.0820445_67.7881462.fits,149.97276,-1.037260278424314,0.09177823925070129,0.530908094914314,2120
MOSAIC-NIR-H_TILE102158588-CUTOUT_272.6157163_64.8108825.fits,150.39883,-1.0376105899123587,0.09170423875208504,0.6625738724677604,242
MOSAIC-NIR-H_TILE102159196-CUTOUT_274.2993852_66.1473285.fits,152.952,-1.0377375163735745,0.09167744128112623,0.5727666044110675,1181
MOSAIC-NIR-H_TILE102158894-CUTOUT_273.4115674_65.7431867.fits,152.28825,-1.0378280950321674,0.09165832256307557,0.3978322741591064,656
MOSAIC-NIR-H_TILE102158896-CUTOUT_275.175653_65.6911571.fits,151.16335,-1.0384909958254114,0.09151852335085403,0.7628037195280722,839
MOSAIC-NIR-H_TILE102159194-CUTOUT_272.3726313_66.090034.fits,152.02805,-1.0388315913637707,0.09144677806655957,1.277406264472793,1000
MOSAIC-NIR-H_TILE102159780-CUTOUT_275.3519809_67.2033581.fits,150.76799,-1.0389300888734743,0.09142604038984044,1.2559466777539536,1860
MOSAIC-NIR-H_TILE102159195-CUTOUT_273.4395821_66.1539474.fits,149.1237,-1.0391751766075468,0.0913744599978424,1.6801281288851704,1110
MOSAIC-NIR-H_TILE102160611-CUTOUT_273.7521617_68.3893868.fits,149.90071,-1.0394083839361543,0.09132540693746916,1.3548927256684786,2478
MOSAIC-NIR-H_TILE102158588-CUTOUT_272.6748291_65.1776648.fits,154.48016,-1.0396155384453507,0.09128185593834784,1.1984727216974596,244
MOSAIC-NIR-H_TILE102158895-CUTOUT_274.2369826_65.6416451.fits,152.09346,-1.0402220179478423,0.09115447246892966,1.087978370760098,732
MOSAIC-NIR-H_TILE102159196-CUTOUT_275.2083906_65.8200355.fits,151.99251,-1.040225135395974,0.09115381814719217,0.7433187141725915,1264
MOSAIC-NIR-H_TILE102159488-CUTOUT_272.1431496_66.648075.fits,152.72496,-1.0407506020311408,0.09104359495312951,1.1223952050468802,1352
MOSAIC-NIR-H_TILE102158894-CUTOUT_273.5597197_65.4007144.fits,157.02249,-1.041121564657792,0.09096586117498023,1.014562314821808,667
MOSAIC-NIR-H_TILE102159777-CUTOUT_272.3318377_67.1466911.fits,148.28824,-1.041537845921195,0.09087871007679432,0.4099007998065256,1651
MOSAIC-NIR-H_TILE102160610-CUTOUT_272.8808553_68.4242199.fits,151.6465,-1.0415404852209516,0.09087815778926006,1.116512085330968,2424
MOSAIC-NIR-H_TILE102159194-CUTOUT_273.0058081_65.8648472.fits,156.38168,-1.0417734215370362,0.0908294278417814,0.7853199246226966,1051
MOSAIC-NIR-H_TILE102158588-CUTOUT_272.753305_65.1322117.fits,148.46945,-1.0423998473108234,0.09069851003833966,1.5034422663652571,247
MOSAIC-NIR-H_TILE102160340-CUTOUT_274.335541_67.7428174.fits,146.2346,-1.0426716149427346,0.09064177155863855,0.4290677100909003,2296
MOSAIC-NIR-H_TILE102158588-CUTOUT_272.9034109_65.009395.fits,153.89531,-1.0428144979961613,0.09061195528560029,0.6489727893403882,259
MOSAIC-NIR-H_TILE102158589-CUTOUT_273.8918938_65.1331386.fits,154.76744,-1.043090838346261,0.09055431749414405,0.802657716416467,302
MOSAIC-NIR-H_TILE102159780-CUTOUT_275.4356908_66.8019848.fits,150.94133,-1.0434839402048344,0.09047238929450446,0.5555553322894046,1868
MOSAIC-NIR-H_TILE102158895-CUTOUT_274.6131458_65.3593329.fits,157.69536,-1.0438214634952292,0.09040210363181239,0.47701488700377676,778
MOSAIC-NIR-H_TILE102160061-CUTOUT_273.0931188_67.5494242.fits,148.93755,-1.0438906695768182,0.09038769894291773,1.7609119574157157,1975
MOSAIC-NIR-H_TILE102158893-CUTOUT_272.4839875_65.5974912.fits,156.40054,-1.0439395603492068,0.09037752410564169,1.1902127319521418,570
MOSAIC-NIR-H_TILE102158895-CUTOUT_274.4153093_65.2883902.fits,153.8703,-1.044017199367968,0.09036136871933322,0.5704085994520424,753
MOSAIC-NIR-H_TILE102160339-CUTOUT_273.0966795_67.9273847.fits,156.58182,-1.0443538859685089,0.09029134325624112,0.6344181274189734,2179
MOSAIC-NIR-H_TILE102159195-CUTOUT_273.3803227_66.1904387.fits,161.08646,-1.0446364850566667,0.09023260902793308,0.5836890210127228,1098
MOSAIC-NIR-H_TILE102160062-CUTOUT_273.2240193_67.7390637.fits,151.60756,-1.0448927912701977,0.09017937244258485,0.5562398489793626,1983
MOSAIC-NIR-H_TILE102159491-CUTOUT_275.5785927_66.3347589.fits,154.79114,-1.0458143664897557,0.08998821422177883,0.6847035717988903,1568
MOSAIC-NIR-H_TILE102160062-CUTOUT_273.6245692_67.5618901.fits,154.19849,-1.0474206241241948,0.0896560034992307,0.7545192841661335,2011
MOSAIC-NIR-H_TILE102159196-CUTOUT_275.0640482_66.0782229.fits,151.10999,-1.0475660943847334,0.08962597756367545,0.6983778556449178,1253
MOSAIC-NIR-H_TILE102160338-CUTOUT_272.2432331_68.1644849.fits,154.26993,-1.0476388480329537,0.08961096454607193,0.4306827062896172,2133
MOSAIC-NIR-H_TILE102158588-CUTOUT_272.8167061_64.7692559.fits,154.53004,-1.0477049629668373,0.08959732363581935,1.1970093085987,250
MOSAIC-NIR-H_TILE102160061-CUTOUT_272.9121834_67.5950233.fits,158.49036,-1.048130998702104,0.08950947323366613,0.7322252269821546,1960
MOSAIC-NIR-H_TILE102157959-CUTOUT_273.1466723_64.0978247.fits,156.76292,-1.048592896831457,0.08941432516774339,0.4202115727940534,34
MOSAIC-NIR-H_TILE102158896-CUTOUT_275.8165434_65.5164578.fits,160.43039,-1.0491673570638331,0.08929613113171125,0.8094472712468236,933
MOSAIC-NIR-H_TILE102160061-CUTOUT_272.7080634_67.5406436.fits,151.1344,-1.0492181421067712,0.08928568973099349,1.437339368643433,1942
MOSAIC-NIR-H_TILE102159491-CUTOUT_275.3685824_66.3903828.fits,153.12051,-1.0495836121849682,0.08921058511144032,0.6975366442994232,1556
MOSAIC-NIR-H_TILE102158893-CUTOUT_272.6914513_65.7121719.fits,151.91388,-1.0496442956843062,0.08919812068348473,0.39030471451612897,584
MOSAIC-NIR-H_TILE102158895-CUTOUT_274.5466281_65.575286.fits,151.8983,-1.050236101386667,0.08907665470045975,0.6202420013556885,769
MOSAIC-NIR-H_TILE102160611-CUTOUT_273.8060841_68.2496313.fits,152.41487,-1.050393553626649,0.0890443660638679,0.32370548391847437,2482
MOSAIC-NIR-H_TILE102160340-CUTOUT_274.6023014_67.8070382.fits,153.84578,-1.0505346710966963,0.08901543713456944,1.1294195632618629,2321
MOSAIC-NIR-H_TILE102158893-CUTOUT_272.6580562_65.260988.fits,149.95285,-1.050912337368629,0.08893806218136459,1.66424028815885,581
MOSAIC-NIR-H_TILE102157958-CUTOUT_272.4475896_63.832149.fits,151.9065,-1.0511317202627528,0.0888931466619905,0.5234709282649626,18
MOSAIC-NIR-H_TILE102158590-CUTOUT_275.4189206_65.0857407.fits,152.562,-1.0516327983822205,0.08879064311534793,2.037588834018867,423
MOSAIC-NIR-H_TILE102159778-CUTOUT_273.4564068_67.2440412.fits,149.62407,-1.0521410892841279,0.08868678484016226,1.370556138766474,1729
MOSAIC-NIR-H_TILE102160610-CUTOUT_272.8922011_68.6959836.fits,162.12175,-1.0521682752866124,0.08868123339110677,1.2612239433262278,2426
MOSAIC-NIR-H_TILE102158590-CUTOUT_275.2415454_65.0001495.fits,151.26126,-1.0525711431798868,0.08859900748792743,1.845011955881318,402
MOSAIC-NIR-H_TILE102159490-CUTOUT_273.6608376_66.3374449.fits,151.97304,-1.0526019251898846,0.08859272797253237,0.9217809274160919,1455
MOSAIC-NIR-H_TILE102159779-CUTOUT_274.8368922_66.8125851.fits,152.29561,-1.0527747048234035,0.08855748926874446,0.7822994869062536,1827
MOSAIC-NIR-H_TILE102160339-CUTOUT_272.7711002_68.1686757.fits,152.26506,-1.053217969668157,0.08846714873353233,0.7285015395937722,2163
MOSAIC-NIR-H_TILE102159490-CUTOUT_274.3335972_66.2888848.fits,153.17068,-1.0534081140553786,0.08842842420307831,0.7002180896718041,1494
MOSAIC-NIR-H_TILE102160611-CUTOUT_274.0285795_68.2956663.fits,151.53488,-1.0536291591004128,0.08838342779560311,0.6644910194454205,2491
MOSAIC-NIR-H_TILE102158895-CUTOUT_274.4366726_65.6903252.fits,149.18617,-1.0537625430517494,0.08835628694727607,0.6410637437516312,755
MOSAIC-NIR-H_TILE102158277-CUTOUT_273.7394557_64.7535147.fits,159.43648,-1.054300323916956,0.08824694428887925,1.2084489323013266,123
MOSAIC-NIR-H_TILE102159778-CUTOUT_273.0515125_66.816717.fits,154.14902,-1.055247055677179,0.08805478161567805,0.592152829290068,1701
MOSAIC-NIR-H_TILE102159488-CUTOUT_272.025249_66.4844492.fits,154.71385,-1.0555119892109242,0.08800108176164094,0.46300737843827705,1344
MOSAIC-NIR-H_TILE102160611-CUTOUT_273.3743648_68.5227697.fits,153.46638,-1.0555350729088093,0.0879964044367286,1.5943858980723766,2457
MOSAIC-NIR-H_TILE102160061-CUTOUT_272.4914333_67.298159.fits,155.0721,-1.0566176466283461,0.08777732736801817,1.1302149963823447,1930
MOSAIC-NIR-H_TILE102158589-CUTOUT_274.1794973_64.9394705.fits,153.01715,-1.0566207075466834,0.08777670871340637,1.1538151202242173,316
MOSAIC-NIR-H_TILE102159780-CUTOUT_275.9696795_67.0701913.fits,149.98232,-1.0566611525190395,0.0877685346255411,1.1565342449222822,1899
MOSAIC-NIR-H_TILE102158894-CUTOUT_273.8691971_65.3925406.fits,153.21758,-1.0569056166852127,0.08771914365973273,0.2882077213906389,704
MOSAIC-NIR-H_TILE102159196-CUTOUT_274.5500584_65.8210034.fits,157.10527,-1.0573323089149167,0.08763300234863769,1.2009862053606453,1211
MOSAIC-NIR-H_TILE102160339-CUTOUT_273.094823_68.2196503.fits,158.49095,-1.0579961352025322,0.08749915617646048,0.7297006091629831,2178
MOSAIC-NIR-H_TILE102160062-CUTOUT_274.1365715_67.3547928.fits,153.22353,-1.0581398081834166,0.08747021455749565,0.588553381938452,2027
MOSAIC-NIR-H_TILE102158896-CUTOUT_275.5850282_65.6615663.fits,146.97955,-1.058755281383073,0.08734634136602905,1.513733708261196,906
MOSAIC-NIR-H_TILE102159777-CUTOUT_272.4022838_67.0330492.fits,153.32536,-1.0589377710229586,0.0873096463248108,1.2029817274561247,1657
MOSAIC-NIR-H_TILE102160610-CUTOUT_271.8511213_68.2854969.fits,151.82393,-1.059271253088079,0.08724262952746696,0.98087074696155,2344
MOSAIC-NIR-H_TILE102159491-CUTOUT_275.8782875_66.5041378.fits,146.32678,-1.059447977281334,0.08720713576126289,0.7202561147434343,1580
MOSAIC-NIR-H_TILE102160340-CUTOUT_274.2634261_67.8108843.fits,151.48943,-1.0596953545192391,0.08715747609863604,1.1882780150934564,2287
MOSAIC-NIR-H_TILE102159194-CUTOUT_272.2302614_66.1726227.fits,150.10959,-1.0598797239269264,0.0871204833149301,1.397337362351627,988
MOSAIC-NIR-H_TILE102158894-CUTOUT_273.7754771_65.4820692.fits,154.72903,-1.0601949984267194,0.08705726146749944,0.4909314165752318,690
MOSAIC-NIR-H_TILE102158894-CUTOUT_273.8169895_65.6410516.fits,152.79124,-1.0603273566142888,0.08703073341768257,0.411575732849476,698
MOSAIC-NIR-H_TILE102160062-CUTOUT_274.2017948_67.5019209.fits,150.891,-1.0612596237846892,0.08684411148927428,0.5266039940729278,2034
MOSAIC-NIR-H_TILE102159779-CUTOUT_275.206528_66.8279903.fits,155.93022,-1.0616024701799076,0.08677558093561101,0.6153490728385411,1852
MOSAIC-NIR-H_TILE102159194-CUTOUT_272.2568042_66.1362216.fits,155.34753,-1.061884569719589,0.08671923344837204,0.9086996841120298,991
MOSAIC-NIR-H_TILE102158276-CUTOUT_272.1742412_64.7056269.fits,152.71835,-1.0623136942702942,0.08663358885808475,0.4635527675736949,65
MOSAIC-NIR-H_TILE102159780-CUTOUT_275.5529358_66.8095748.fits,151.82657,-1.062505935788941,0.0865952487735757,0.6213484204582601,1873
MOSAIC-NIR-H_TILE102158895-CUTOUT_274.0116363_65.2791969.fits,152.38895,-1.0628644830366565,0.08652378649085962,0.6950243475303958,719
MOSAIC-NIR-H_TILE102160340-CUTOUT_274.1922548_68.0481155.fits,153.53203,-1.0628716220652967,0.08652236420543193,0.4933065624705713,2280
MOSAIC-NIR-H_TILE102160339-CUTOUT_273.5447901_67.9493747.fits,150.8359,-1.0629898257605686,0.08649881826615063,0.8607449010497326,2225
MOSAIC-NIR-H_TILE102159490-CUTOUT_273.9159543_66.6884456.fits,150.6284,-1.0630926818292725,0.08647833475715641,0.3560150204836804,1473
MOSAIC-NIR-H_TILE102159491-CUTOUT_275.8024842_66.2874518.fits,150.66652,-1.0635703614419907,0.0863832697040771,0.40823123566079417,1578
MOSAIC-NIR-H_TILE102160061-CUTOUT_272.2261239_67.4014522.fits,152.46011,-1.0638907426062914,0.0863195678428198,0.9610041866849827,1918
MOSAIC-NIR-H_TILE102158895-CUTOUT_274.2445055_65.4003413.fits,148.42583,-1.0643273284723391,0.08623283644550794,0.8195442309962936,734
MOSAIC-NIR-H_TILE102157958-CUTOUT_272.4847173_64.1906447.fits,148.87425,-1.0644173574873983,0.08621496227710441,1.1044280292389574,19
MOSAIC-NIR-H_TILE102160338-CUTOUT_271.8575528_67.8334903.fits,150.40396,-1.065352447203444,0.08602953050404148,0.9799677436318799,2106
MOSAIC-NIR-H_TILE102159194-CUTOUT_272.5192977_66.0764402.fits,151.95543,-1.065588030507575,0.08598287638815688,0.5135737835769613,1013
MOSAIC-NIR-H_TILE102159778-CUTOUT_273.2784748_67.0925593.fits,154.67,-1.0664563757664964,0.08581113063955524,0.8507313766937231,1711
MOSAIC-NIR-H_TILE102160338-CUTOUT_272.3394513_68.0300475.fits,152.97227,-1.0664999514546363,0.08580252106325106,0.9129678608161966,2140
MOSAIC-NIR-H_TILE102158588-CUTOUT_272.8027496_65.0610362.fits,153.87459,-1.0665279712755997,0.08579698543288028,0.749313391654813,249
MOSAIC-NIR-H_TILE102160062-CUTOUT_273.5292724_67.4514795.fits,151.71419,-1.0671823411150436,0.08566780883342717,0.6978513666678114,2003
MOSAIC-NIR-H_TILE102159778-CUTOUT_272.913683_67.0446364.fits,154.1422,-1.067366738111791,0.08563144287852509,0.6743533341609872,1693
MOSAIC-NIR-H_TILE102159488-CUTOUT_271.8707249_66.5276968.fits,152.56473,-1.0675253164957923,0.08560018110218374,0.3869252109744723,1327
MOSAIC-NIR-H_TILE102158590-CUTOUT_275.8116582_65.0595142.fits,160.00238,-1.0680059357101388,0.08550550263593312,0.9880522439258891,502
MOSAIC-NIR-H_TILE102159779-CUTOUT_275.2287635_66.8198882.fits,151.07962,-1.0685032559490235,0.08540764442983005,0.8239163418053852,1854
MOSAIC-NIR-H_TILE102159490-CUTOUT_274.289409_66.4871621.fits,162.27985,-1.068572422003313,0.08539404342949213,0.47465769231228355,1493
MOSAIC-NIR-H_TILE102160063-CUTOUT_274.6273198_67.6549999.fits,154.66502,-1.0688422705295173,0.08534100039028289,1.5097233613680805,2057
MOSAIC-NIR-H_TILE102159492-CUTOUT_276.2693502_66.4401542.fits,153.30852,-1.0691203272710004,0.08528637836156756,0.4186246594865183,1602
MOSAIC-NIR-H_TILE102160339-CUTOUT_273.5260361_67.9664527.fits,154.50754,-1.0696353244158268,0.08518530360370573,0.3219315358563993,2221
MOSAIC-NIR-H_TILE102158895-CUTOUT_274.1334867_65.7107189.fits,150.81473,-1.0697925223928733,0.08515447536447202,0.5304858563495634,727
MOSAIC-NIR-H_TILE102160610-CUTOUT_271.9032523_68.5293719.fits,154.71898,-1.0704006766466734,0.08503531471174917,0.8465968928369385,2346
MOSAIC-NIR-H_TILE102159194-CUTOUT_273.0848803_66.1983414.fits,146.82796,-1.0708641961745218,0.0849446055176742,1.303181689704658,1062
MOSAIC-NIR-H_TILE102160339-CUTOUT_273.1858971_68.1245347.fits,158.9218,-1.0708904726633708,0.08493946619735043,0.34056498575771,2189
MOSAIC-NIR-H_TILE102160062-CUTOUT_273.7658878_67.4682159.fits,155.67322,-1.071170380180685,0.0848847394254123,0.3860169356918969,2019
MOSAIC-NIR-H_TILE102160062-CUTOUT_274.1828999_67.4168072.fits,151.78358,-1.0716607967897493,0.08478893947298602,0.28960301347520406,2032
MOSAIC-NIR-H_TILE102159196-CUTOUT_274.3934588_65.7833836.fits,157.99721,-1.0717310124374115,0.08477523211703439,0.9216707890796253,1189
MOSAIC-NIR-H_TILE102159779-CUTOUT_274.2146669_66.9932983.fits,159.27322,-1.0720202053512946,0.08471879981912055,0.6846419255582225,1788
MOSAIC-NIR-H_TILE102160611-CUTOUT_274.1065158_68.4664467.fits,151.1381,-1.0729492887845284,0.08453775515039055,0.3465757233446514,2496
MOSAIC-NIR-H_TILE102158590-CUTOUT_275.0708543_64.9066142.fits,143.81697,-1.073408144253526,0.08444848363547378,0.8432026012791759,380
MOSAIC-NIR-H_TILE102159779-CUTOUT_274.0556678_67.1751567.fits,156.32275,-1.073506280065263,0.08442940330042582,1.265343357155423,1776
MOSAIC-NIR-H_TILE102159195-CUTOUT_274.1569498_66.1051735.fits,147.85481,-1.0738194440525883,0.0843685443231163,1.9755798548438004,1171
MOSAIC-NIR-H_TILE102159194-CUTOUT_272.2454862_65.8813294.fits,152.93468,-1.074038276109676,0.08432604345743555,0.9924646575357244,989
MOSAIC-NIR-H_TILE102159196-CUTOUT_275.0302113_66.1952008.fits,152.61781,-1.0740680603981339,0.08432026050327444,0.8472636371895834,1248
MOSAIC-NIR-H_TILE102159195-CUTOUT_274.27176_65.8971558.fits,154.12102,-1.0746472209312874,0.08420788878040826,0.8719805113424476,1179
MOSAIC-NIR-H_TILE102159489-CUTOUT_272.8208415_66.3173978.fits,153.78389,-1.0752530908625024,0.08409049503269111,0.5266487822586743,1402
MOSAIC-NIR-H_TILE102159490-CUTOUT_274.2462678_66.4679066.fits,149.65938,-1.0754467983106364,0.08405299669053012,0.38152514887586153,1492
MOSAIC-NIR-H_TILE102158276-CUTOUT_272.547445_64.2420851.fits,152.76106,-1.0757383897930888,0.08399658125611867,1.054052092039705,76
MOSAIC-NIR-H_TILE102159197-CUTOUT_275.5704855_65.9532765.fits,155.62878,-1.0762599975098102,0.08389575804412847,0.8658198199206002,1284
MOSAIC-NIR-H_TILE102160339-CUTOUT_273.1181586_68.0346565.fits,151.6386,-1.0764838796206375,0.08385252028798158,0.8948970500607466,2185
MOSAIC-NIR-H_TILE102158588-CUTOUT_272.9643502_65.229604.fits,148.57195,-1.0764848723526905,0.08385232861391492,0.8078779960457148,268
MOSAIC-NIR-H_TILE102158278-CUTOUT_274.6203523_64.3764896.fits,149.06027,-1.0766734700030156,0.08381592262783977,1.7552110284754372,197
MOSAIC-NIR-H_TILE102158894-CUTOUT_272.8069893_65.5573749.fits,152.41777,-1.0770415799273105,0.08374490998056508,0.5225607857733994,597
MOSAIC-NIR-H_TILE102158588-CUTOUT_272.8797463_65.1523612.fits,154.50648,-1.0775833161886343,0.08364051222184996,1.3222700437196229,258
MOSAIC-NIR-H_TILE102159196-CUTOUT_274.8804046_65.9142774.fits,153.98854,-1.0778852086446467,0.08358239113918838,0.7872930637642334,1237
MOSAIC-NIR-H_TILE102160339-CUTOUT_272.749087_68.1984603.fits,148.60226,-1.0779350230571478,0.0835728046279483,0.4990600334135454,2162
MOSAIC-NIR-H_TILE102158590-CUTOUT_275.4627522_65.2044569.fits,155.16072,-1.0780777997592375,0.08354533412407394,0.7433539031882651,433
MOSAIC-NIR-H_TILE102159491-CUTOUT_274.7907231_66.6462136.fits,152.21745,-1.0785833024787994,0.08344814701618694,0.8256112982333051,1515
MOSAIC-NIR-H_TILE102159777-CUTOUT_272.0706868_66.7946596.fits,153.7157,-1.0787112261320566,0.08342357055888358,0.6875370320346541,1633
MOSAIC-NIR-H_TILE102160061-CUTOUT_272.27854_67.370391.fits,151.44449,-1.0789814399214375,0.0833716813713635,1.2637628469513709,1921
MOSAIC-NIR-H_TILE102160610-CUTOUT_272.5679389_68.4657958.fits,155.4254,-1.0800027188336667,0.08317585639900799,1.1374103738378254,2390
MOSAIC-NIR-H_TILE102160062-CUTOUT_274.379573_67.7020126.fits,148.99338,-1.0802987819076322,0.0831191738736795,1.1913007528620831,2046
MOSAIC-NIR-H_TILE102160063-CUTOUT_275.334329_67.6282641.fits,154.97417,-1.080769640770877,0.08302910551504314,0.49459077889337383,2095
MOSAIC-NIR-H_TILE102158590-CUTOUT_275.621666_65.1378282.fits,154.48514,-1.0807895360219235,0.08302530199662198,0.47648581679345864,469
MOSAIC-NIR-H_TILE102160062-CUTOUT_273.5735148_67.4335911.fits,150.54741,-1.081291907820985,0.08292931768755185,0.4668614571159853,2007
MOSAIC-NIR-H_TILE102159779-CUTOUT_274.4048717_67.0752521.fits,156.10638,-1.0818785664178538,0.08281736979461318,0.8577438134764311,1801
MOSAIC-NIR-H_TILE102158591-CUTOUT_276.113744_65.0203713.fits,152.7123,-1.081949409778134,0.0828038614897408,1.1923543823666507,528
MOSAIC-NIR-H_TILE102159491-CUTOUT_274.8559649_66.4499324.fits,157.05481,-1.082182165898715,0.08275949541401723,0.9857799762193298,1517
MOSAIC-NIR-H_TILE102157958-CUTOUT_271.9020624_64.1410683.fits,150.07603,-1.0823811035995183,0.08272159437183897,0.6666924843948046,4
MOSAIC-NIR-H_TILE102158590-CUTOUT_275.2195887_65.25719.fits,154.13675,-1.0824835528671952,0.08270208280168272,1.0162018418664622,397
MOSAIC-NIR-H_TILE102158587-CUTOUT_272.1206063_65.2042933.fits,151.20906,-1.0825049373714906,0.0826980106810869,0.3242809050860725,214
MOSAIC-NIR-H_TILE102160340-CUTOUT_274.3527451_67.992104.fits,153.19093,-1.0830972378321722,0.0825853021719405,0.6129190525504846,2298
MOSAIC-NIR-H_TILE102159490-CUTOUT_274.564076_66.3591265.fits,166.89923,-1.0835582395507286,0.08249768474103067,0.816489894827646,1510
MOSAIC-NIR-H_TILE102158276-CUTOUT_272.7105855_64.3470617.fits,148.73499,-1.0835902598343623,0.08249160245816686,1.5720671813529343,81
MOSAIC-NIR-H_TILE102158589-CUTOUT_273.8883559_65.0662939.fits,145.40591,-1.084119555025312,0.08239112728664298,0.6025561215992852,301
MOSAIC-NIR-H_TILE102158896-CUTOUT_275.9125856_65.3801518.fits,150.93831,-1.084468752444052,0.08232490676898133,0.3219980540048068,943
MOSAIC-NIR-H_TILE102159778-CUTOUT_273.3683255_67.0142096.fits,149.33417,-1.084554577010569,0.08230863946271533,0.21046586268903686,1722
MOSAIC-NIR-H_TILE102159490-CUTOUT_274.1964255_66.3229088.fits,150.22789,-1.0850756990985835,0.08220993425698557,0.8975074304521115,1488
MOSAIC-NIR-H_TILE102158589-CUTOUT_274.4890819_65.1333031.fits,150.73212,-1.085481150271372,0.08213322004279743,0.9539598492218846,330
MOSAIC-NIR-H_TILE102159488-CUTOUT_271.9732656_66.4084465.fits,154.97443,-1.0859133487767634,0.08205152386885654,0.39452342428059595,1339
MOSAIC-NIR-H_TILE102159491-CUTOUT_275.8875453_66.3474244.fits,154.53099,-1.0867154255883857,0.0819001268498171,0.3882833842005668,1582
MOSAIC-NIR-H_TILE102159196-CUTOUT_274.8022112_66.0507195.fits,152.0622,-1.0868083287536368,0.08188260885783617,0.35343391032853966,1233
MOSAIC-NIR-H_TILE102159488-CUTOUT_272.0727714_66.6014632.fits,151.30775,-1.0870913042627912,0.08182927355935433,0.5372814741429551,1349
MOSAIC-NIR-H_TILE102160338-CUTOUT_272.3476026_67.7591154.fits,152.14308,-1.0873622579480438,0.08177823669583441,0.5831788905099733,2141
MOSAIC-NIR-H_TILE102160062-CUTOUT_273.7458753_67.6496428.fits,149.50201,-1.0878520717975886,0.08168605607950549,0.8421375890910371,2018
MOSAIC-NIR-H_TILE102158590-CUTOUT_275.547916_64.9039169.fits,159.82129,-1.088254124052547,0.08161046942764388,1.7802079967175055,450
MOSAIC-NIR-H_TILE102160061-CUTOUT_273.0591109_67.3983336.fits,155.10905,-1.0884153656103503,0.08158017533622107,0.5264293296944219,1972
MOSAIC-NIR-H_TILE102158276-CUTOUT_272.2288945_64.715148.fits,153.2527,-1.0885641346906927,0.08155223455022585,0.715768666966654,66
MOSAIC-NIR-H_TILE102158588-CUTOUT_273.4768754_64.7724061.fits,148.98868,-1.088570640107734,0.08155101296592066,0.981283624163236,291
MOSAIC-NIR-H_TILE102159492-CUTOUT_276.1583338_66.6074257.fits,149.15448,-1.0886321453830703,0.08153946443707834,0.460032196932362,1597
MOSAIC-NIR-H_TILE102158589-CUTOUT_274.3649498_64.9805521.fits,157.23297,-1.089133799091986,0.08144533254936027,0.4532502572508551,325
MOSAIC-NIR-H_TILE102158896-CUTOUT_275.4281834_65.6957418.fits,150.37543,-1.0891354717882857,0.08144501886118392,0.7421287546699624,890
MOSAIC-NIR-H_TILE102160610-CUTOUT_272.9020634_68.3942454.fits,150.65407,-1.0896201711140736,0.08135417192079182,0.814275751451863,2429
MOSAIC-NIR-H_TILE102159778-CUTOUT_272.8153938_66.9506212.fits,144.56668,-1.0899414021147917,0.0812940196035009,0.31838536953761754,1685
MOSAIC-NIR-H_TILE102158896-CUTOUT_275.6449301_65.64379.fits,151.20374,-1.0900915938237827,0.08126591061926595,0.28266148428936616,909
MOSAIC-NIR-H_TILE102159196-CUTOUT_274.5960742_65.8065697.fits,153.77681,-1.0902582464255834,0.08123473228782162,0.5516527930830103,1217
MOSAIC-NIR-H_TILE102158277-CUTOUT_273.3033425_64.6166873.fits,150.54572,-1.0906624188884515,0.08115916704321784,0.9166635053277696,116
MOSAIC-NIR-H_TILE102158276-CUTOUT_272.0326194_64.452936.fits,152.66922,-1.091415758036259,0.08101850815152004,0.4007605568161601,59
MOSAIC-NIR-H_TILE102158587-CUTOUT_272.1042135_65.049518.fits,149.98473,-1.0924057544369739,0.08083403267444705,0.3226999309716348,211
MOSAIC-NIR-H_TILE102158588-CUTOUT_273.4274468_64.8272587.fits,159.84155,-1.092550970977933,0.08080700843901817,0.9968154986380171,288
MOSAIC-NIR-H_TILE102159194-CUTOUT_271.942943_66.0312511.fits,153.2341,-1.0929425054248156,0.0807341904062199,0.5553455255129826,968
MOSAIC-NIR-H_TILE102159195-CUTOUT_273.3328024_66.1467017.fits,152.23398,-1.09300846833183,0.08072192900823404,0.5826421542535157,1089
MOSAIC-NIR-H_TILE102159491-CUTOUT_275.3017081_66.5043454.fits,157.4769,-1.0931676948781515,0.08069233913635362,0.943266951701717,1550
MOSAIC-NIR-H_TILE102159195-CUTOUT_273.5073059_66.1427503.fits,155.67465,-1.0936768680261832,0.08059778970427098,0.5424045567927007,1116
MOSAIC-NIR-H_TILE102158276-CUTOUT_273.0413294_64.5927621.fits,150.37738,-1.0938077937104345,0.0805734957498815,1.0695163249054482,103
MOSAIC-NIR-H_TILE102158893-CUTOUT_272.4559758_65.2539066.fits,150.18993,-1.0940290046251528,0.08053246552986283,0.8805570838132716,567
MOSAIC-NIR-H_TILE102159490-CUTOUT_273.7458558_66.3304112.fits,149.80066,-1.0941143931185486,0.08051663325425648,0.3529251412667517,1464
MOSAIC-NIR-H_TILE102159490-CUTOUT_273.6104958_66.3777564.fits,152.63799,-1.0944852263339104,0.08044791145541436,1.0892248980733479,1453
MOSAIC-NIR-H_TILE102160061-CUTOUT_272.6933174_67.2701802.fits,150.96245,-1.0945902676009174,0.08042845615710034,0.8430521726577208,1941
MOSAIC-NIR-H_TILE102158896-CUTOUT_275.3558353_65.4283945.fits,151.59706,-1.0947242380743993,0.08040364954076233,0.6598486073734146,866
MOSAIC-NIR-H_TILE102158278-CUTOUT_274.3152301_64.4011199.fits,152.57457,-1.0947318667182508,0.08040223721469054,0.4950665988161342,172
MOSAIC-NIR-H_TILE102158894-CUTOUT_273.3404194_65.5885647.fits,154.56454,-1.0948606423215275,0.08037840013607098,0.4533297547605734,646
MOSAIC-NIR-H_TILE102160339-CUTOUT_273.5314297_67.9175099.fits,151.93205,-1.0949071297737476,0.08036979678692865,0.9042561797877352,2223
MOSAIC-NIR-H_TILE102158893-CUTOUT_272.0651886_65.7081909.fits,153.35298,-1.0950181562889103,0.08034925303531726,0.5134879501479725,546
MOSAIC-NIR-H_TILE102159488-CUTOUT_272.270531_66.510619.fits,154.44897,-1.0950832577291782,0.08033720945595342,0.320038015400655,1358
MOSAIC-NIR-H_TILE102159196-CUTOUT_275.4839783_65.8751137.fits,153.003,-1.095289632535851,0.080299042640315,0.39707295203614784,1279
MOSAIC-NIR-H_TILE102158894-CUTOUT_272.7054169_65.3372829.fits,156.45277,-1.095762593441064,0.08021164195444087,0.39919175739901513,587
MOSAIC-NIR-H_TILE102159195-CUTOUT_273.1445599_66.1642128.fits,153.41698,-1.0958667700323625,0.08019240345694938,0.9316587677011382,1068
MOSAIC-NIR-H_TILE102159777-CUTOUT_272.4711631_66.9429831.fits,153.61867,-1.0959079020509561,0.08018480879624526,0.32479669887816187,1663
MOSAIC-NIR-H_TILE102159195-CUTOUT_273.8302661_66.1892526.fits,153.97728,-1.096072187659346,0.08015448209542766,1.3277913358496511,1142
MOSAIC-NIR-H_TILE102159196-CUTOUT_275.1578445_66.0204025.fits,149.49155,-1.0961976698844522,0.08013132612572656,0.9668582144793992,1259
MOSAIC-NIR-H_TILE102159779-CUTOUT_274.062483_66.9986464.fits,155.73239,-1.0962309774712047,0.08012518080529646,1.5279051572329123,1778
MOSAIC-NIR-H_TILE102159194-CUTOUT_272.099973_65.8358736.fits,149.29504,-1.0975081469981034,0.07988989548564043,1.17386938831892,978
MOSAIC-NIR-H_TILE102158896-CUTOUT_276.2410178_65.5359574.fits,150.23553,-1.0975500652184014,0.07988218486354481,1.0311613831789783,961
MOSAIC-NIR-H_TILE102158590-CUTOUT_275.6063597_65.0014177.fits,150.00403,-1.0977409468971258,0.07984708265582038,0.32201429612016746,466
MOSAIC-NIR-H_TILE102159196-CUTOUT_274.6960501_65.7961381.fits,149.89981,-1.0989643594267509,0.07962246902758434,0.4271665033567998,1227
MOSAIC-NIR-H_TILE102159488-CUTOUT_272.1639549_66.44243.fits,152.48006,-1.0995839286033453,0.0795089597433536,0.9185028655453824,1355
MOSAIC-NIR-H_TILE102159778-CUTOUT_273.4015669_67.1269165.fits,156.11774,-1.1000981700502657,0.07941487011744933,0.5136190523816738,1725
MOSAIC-NIR-H_TILE102160610-CUTOUT_272.8809002_68.5073851.fits,155.80656,-1.1005998873510152,0.07932317931760041,1.418783175296162,2425
MOSAIC-NIR-H_TILE102159780-CUTOUT_275.6541152_67.2541037.fits,153.14,-1.1010765124864028,0.07923617226595772,0.881279630178504,1885
MOSAIC-NIR-H_TILE102159196-CUTOUT_274.7854997_66.0181758.fits,150.06049,-1.1012006711348834,0.07921352300295473,0.37203899584872674,1232
MOSAIC-NIR-H_TILE102159196-CUTOUT_274.5124531_65.7842262.fits,156.66411,-1.1020308278815512,0.07906225046019656,0.6227196221406957,1204
MOSAIC-NIR-H_TILE102158277-CUTOUT_274.1409374_64.7007635.fits,155.85603,-1.1020723230664906,0.07905469672392558,0.5518280319764255,151
MOSAIC-NIR-H_TILE102160610-CUTOUT_271.9192737_68.5122614.fits,151.74303,-1.102211418078536,0.07902938128997025,0.9348839462953863,2349
MOSAIC-NIR-H_TILE102160339-CUTOUT_273.7162232_67.9968275.fits,153.33643,-1.1022773097569376,0.07901739176724241,0.8058695874082192,2243
MOSAIC-NIR-H_TILE102158893-CUTOUT_272.624618_65.4678716.fits,149.68117,-1.1024580691271348,0.07898451047917887,2.0142325092421527,578
MOSAIC-NIR-H_TILE102158587-CUTOUT_272.2044977_64.9061982.fits,153.54268,-1.1026843881953388,0.07894336087980577,0.49084724306433636,217
MOSAIC-NIR-H_TILE102159777-CUTOUT_272.1737925_66.9151407.fits,151.54185,-1.1030017589123295,0.07888569227058047,0.5751883036816814,1641
MOSAIC-NIR-H_TILE102158895-CUTOUT_274.9998378_65.4582633.fits,150.82037,-1.103149693781709,0.07885882580620693,0.754247303685727,820
MOSAIC-NIR-H_TILE102158587-CUTOUT_272.2944914_64.9239683.fits,159.74873,-1.1031865904907963,0.07885212641747064,0.875105028262854,223
MOSAIC-NIR-H_TILE102158278-CUTOUT_274.4944629_64.6131751.fits,151.17104,-1.1034147261700467,0.07881071612981012,0.398387903700928,188
MOSAIC-NIR-H_TILE102159196-CUTOUT_274.6221617_65.9806229.fits,154.89708,-1.1034171725567445,0.07881027218922926,0.3214757664964694,1220
MOSAIC-NIR-H_TILE102160339-CUTOUT_273.1904352_68.2239205.fits,149.92935,-1.1038131227024688,0.07873845290653203,0.6731591677977119,2190
MOSAIC-NIR-H_TILE102157958-CUTOUT_272.028341_63.8794386.fits,151.94635,-1.1039709053593254,0.0787098517930077,0.4436351296754397,5
MOSAIC-NIR-H_TILE102158590-CUTOUT_275.5716146_65.1848638.fits,147.60973,-1.1043516198095127,0.07864088281334976,0.49126907428201744,456
MOSAIC-NIR-H_TILE102159194-CUTOUT_272.2575803_65.9730416.fits,152.34993,-1.1044595916651738,0.07862133398876921,0.8158645448339036,992
MOSAIC-NIR-H_TILE102159491-CUTOUT_275.2328307_66.6838828.fits,160.50385,-1.1046913876313151,0.07857938262553635,1.3534356887989754,1543
MOSAIC-NIR-H_TILE102158588-CUTOUT_273.1442288_64.7799136.fits,158.26031,-1.105627165312644,0.07841024930351323,0.9041694666029904,280
MOSAIC-NIR-H_TILE102158893-CUTOUT_272.2394361_65.4194676.fits,154.60643,-1.1056482551637894,0.07840644170198065,0.7240599573120468,558
MOSAIC-NIR-H_TILE102160611-CUTOUT_273.6933732_68.2656516.fits,153.07672,-1.1057757077328507,0.07838343510934398,0.5013008968942227,2473
MOSAIC-NIR-H_TILE102160610-CUTOUT_272.616449_68.3565498.fits,151.86418,-1.105924562882225,0.07835657366145288,0.8141505073425015,2396
MOSAIC-NIR-H_TILE102159491-CUTOUT_275.1615086_66.6272587.fits,153.78821,-1.1063182482644287,0.07828557607463695,0.5334479235959083,1540
MOSAIC-NIR-H_TILE102158894-CUTOUT_273.7948763_65.3673861.fits,150.23152,-1.1065066086073077,0.0782516297518891,0.7290915154309054,694
MOSAIC-NIR-H_TILE102159490-CUTOUT_274.4397301_66.3399891.fits,149.90675,-1.1066182966699951,0.07823150826847095,0.5036772230332576,1501
MOSAIC-NIR-H_TILE102159780-CUTOUT_276.0472134_66.8926816.fits,152.5768,-1.1070379851725536,0.07815594432116858,0.510206638839476,1904
MOSAIC-NIR-H_TILE102159194-CUTOUT_272.2459815_65.9238913.fits,154.98445,-1.1072171084944644,0.07812371580729272,0.6799150307995554,990
MOSAIC-NIR-H_TILE102160340-CUTOUT_273.8871138_68.0723755.fits,151.60484,-1.1077136415388886,0.0780344472546152,0.6951720785743176,2258
MOSAIC-NIR-H_TILE102160063-CUTOUT_275.1474309_67.7204591.fits,156.29916,-1.1077295404744856,0.07803159057097384,0.6041241460303837,2085
MOSAIC-NIR-H_TILE102159491-CUTOUT_275.9665172_66.7182801.fits,152.48271,-1.1079228023063301,0.07799687409671446,0.46002656882088544,1588
MOSAIC-NIR-H_TILE102160063-CUTOUT_274.7454861_67.3838397.fits,152.31436,-1.1084168359027635,0.07790819885583913,0.5220875887153857,2066
MOSAIC-NIR-H_TILE102160339-CUTOUT_273.2690317_68.1329974.fits,152.23383,-1.1087236907214286,0.07785317153328614,0.6936843304666388,2196
MOSAIC-NIR-H_TILE102159492-CUTOUT_275.9917667_66.5155995.fits,153.87157,-1.1091042887771276,0.07778497406096842,0.77815051927333,1590
MOSAIC-NIR-H_TILE102158895-CUTOUT_274.553887_65.5836984.fits,149.08437,-1.1091858657515115,0.07777036446499419,1.0167056405038206,770
MOSAIC-NIR-H_TILE102158589-CUTOUT_274.5925314_64.9584748.fits,159.11385,-1.1093124710111584,0.07774769620056607,0.5810350123532911,335
MOSAIC-NIR-H_TILE102158894-CUTOUT_273.6734691_65.6035425.fits,157.77493,-1.1097935273215056,0.07766162484800632,0.42130654024411596,679
MOSAIC-NIR-H_TILE102158590-CUTOUT_275.7920769_65.0079164.fits,153.50475,-1.1098596031032326,0.07764980991036535,0.41166610482935756,499
MOSAIC-NIR-H_TILE102159779-CUTOUT_275.1604011_67.1704061.fits,152.84761,-1.1100374938602278,0.0776180103931535,0.7485208583549922,1849
MOSAIC-NIR-H_TILE102158277-CUTOUT_274.2089642_64.7147239.fits,154.72144,-1.1117370840531808,0.07731484969864343,0.9079790995499633,157
MOSAIC-NIR-H_TILE102160339-CUTOUT_272.981438_67.9496091.fits,149.49237,-1.1118628091611278,0.07729247084887739,0.411308195405699,2170
MOSAIC-NIR-H_TILE102159778-CUTOUT_273.7477889_67.0358948.fits,150.05914,-1.112711704442312,0.07714153839932107,0.7904297624624482,1750
MOSAIC-NIR-H_TILE102158588-CUTOUT_273.0616863_65.0585207.fits,155.83609,-1.112865647039291,0.07711419919794332,0.28279013011375365,274
MOSAIC-NIR-H_TILE102158277-CUTOUT_273.244685_64.5847758.fits,150.33038,-1.112943373071608,0.07710039924269449,0.6889831659843316,113
MOSAIC-NIR-H_TILE102158276-CUTOUT_273.0392872_64.3948792.fits,152.81108,-1.1131102983902272,0.07707077064687846,0.526249510682546,102
MOSAIC-NIR-H_TILE102159489-CUTOUT_272.915068_66.4520848.fits,149.08539,-1.1133951691141553,0.07702023349276381,0.9085272707764391,1411
MOSAIC-NIR-H_TILE102159777-CUTOUT_272.4218226_66.867896.fits,153.01378,-1.1138746332684153,0.07693524953482521,0.5691497083818251,1659
MOSAIC-NIR-H_TILE102159489-CUTOUT_273.1369495_66.5034722.fits,158.3327,-1.114212211940265,0.07687547072320057,1.0511276108603942,1427
MOSAIC-NIR-H_TILE102158587-CUTOUT_271.8094469_65.2495929.fits,155.93285,-1.1142476076157548,0.07686920550813119,0.5191197606782207,201
MOSAIC-NIR-H_TILE102158895-CUTOUT_274.0133564_65.7049406.fits,159.73164,-1.1147428922804723,0.07678159113790148,0.9950807635163657,720
MOSAIC-NIR-H_TILE102160340-CUTOUT_274.2126854_68.2024233.fits,155.28407,-1.1147924679908563,0.076772826843554,0.3562479141909462,2282
MOSAIC-NIR-H_TILE102159778-CUTOUT_273.9658322_67.2066096.fits,158.10416,-1.1149367206114236,0.07674733068167294,0.9544195570825424,1770
MOSAIC-NIR-H_TILE102159492-CUTOUT_276.0716984_66.4737306.fits,153.46173,-1.1152410456606998,0.07669357003111733,0.3545153240424029,1592
MOSAIC-NIR-H_TILE102158278-CUTOUT_274.4676873_64.4076086.fits,152.08522,-1.1152929698041105,0.07668440111452712,0.6993496757845906,187
MOSAIC-NIR-H_TILE102158894-CUTOUT_272.8299027_65.680596.fits,150.69324,-1.1153422941901419,0.07667569228589154,0.7290701619780827,602
MOSAIC-NIR-H_TILE102159195-CUTOUT_273.2051635_65.8377132.fits,153.35648,-1.1156320534415791,0.07662455168413275,1.0789719188122004,1073
MOSAIC-NIR-H_TILE102160061-CUTOUT_272.5859658_67.4065718.fits,150.41014,-1.1157418292735104,0.07660518588220651,0.3210406762678317,1934
MOSAIC-NIR-H_TILE102160063-CUTOUT_275.3668483_67.2417871.fits,152.53978,-1.1159027242682995,0.07657681087709423,0.3930955079426385,2099
MOSAIC-NIR-H_TILE102158590-CUTOUT_274.8005148_65.177818.fits,153.48373,-1.1160275273770826,0.07655480817757139,0.7161431724374803,349
MOSAIC-NIR-H_TILE102159489-CUTOUT_272.5659211_66.2810013.fits,157.9104,-1.1160490274434904,0.0765510183695325,0.8497012063690498,1382
MOSAIC-NIR-H_TILE102159778-CUTOUT_273.1554295_66.9250868.fits,152.54843,-1.1162711579008782,0.07651187450393139,0.4145743320192876,1705
MOSAIC-NIR-H_TILE102158896-CUTOUT_275.2889644_65.462787.fits,151.57121,-1.1164162453811282,0.07648631797150053,0.4904001602379701,853
MOSAIC-NIR-H_TILE102160339-CUTOUT_273.1280305_67.8815534.fits,153.71558,-1.1167054156932017,0.07643540732994607,0.4179014557207019,2187
MOSAIC-NIR-H_TILE102159779-CUTOUT_274.0938645_66.9222588.fits,155.8832,-1.116729522537055,0.07643116466657579,0.3184962632512306,1781
MOSAIC-NIR-H_TILE102160062-CUTOUT_274.007413_67.6872429.fits,148.45921,-1.1170931349874516,0.07636719956144192,0.8767507792186825,2025
MOSAIC-NIR-H_TILE102160063-CUTOUT_275.1425061_67.5797097.fits,152.46938,-1.1172600654261848,0.07633785182393557,0.5358851282824001,2084
MOSAIC-NIR-H_TILE102160610-CUTOUT_272.8565117_68.2611031.fits,151.98865,-1.1173689691624782,0.07631871173495573,0.39320317852794,2422
MOSAIC-NIR-H_TILE102160339-CUTOUT_272.8495799_68.0354297.fits,153.15695,-1.1177774083049192,0.07624697033096307,0.9120911894805401,2167
MOSAIC-NIR-H_TILE102159780-CUTOUT_275.7835772_67.1648727.fits,150.72595,-1.117856068575136,0.07623316158039654,0.6369188671775031,1894
MOSAIC-NIR-H_TILE102158588-CUTOUT_272.3927137_64.8484691.fits,149.80042,-1.117916977315789,0.07622247081532076,0.5295631655837777,227
MOSAIC-NIR-H_TILE102158590-CUTOUT_275.4962637_64.9089748.fits,149.15845,-1.1179316673883313,0.07621989262302209,0.8716852209695857,437
MOSAIC-NIR-H_TILE102159195-CUTOUT_273.237668_66.2394237.fits,152.53334,-1.1182198289014886,0.0761693362482589,0.8465077407977045,1080
MOSAIC-NIR-H_TILE102159488-CUTOUT_271.8259854_66.3666995.fits,155.22644,-1.11846150628463,0.07612696111894723,0.5956016498982453,1320
MOSAIC-NIR-H_TILE102160340-CUTOUT_274.9268725_67.8553589.fits,151.43602,-1.1185349140033765,0.07611409465501205,0.5831470425267496,2336
MOSAIC-NIR-H_TILE102159490-CUTOUT_274.2265918_66.7535151.fits,152.46016,-1.1187353830649553,0.07607896871935885,0.3482648632663592,1490
MOSAIC-NIR-H_TILE102159777-CUTOUT_272.6153179_66.966362.fits,150.81369,-1.1187848842858081,0.07607029767385401,0.650368543789863,1672
MOSAIC-NIR-H_TILE102160061-CUTOUT_272.6846047_67.6369535.fits,152.93723,-1.1188142343775096,0.0760651569344155,0.37856821130861473,1938
MOSAIC-NIR-H_TILE102160061-CUTOUT_272.861327_67.5945076.fits,155.02162,-1.1189488293329186,0.07604158675211625,0.5822749470083001,1954
MOSAIC-NIR-H_TILE102158277-CUTOUT_273.6167854_64.5817084.fits,152.13351,-1.1190260152924156,0.07602807329168898,0.4979274270013947,120
MOSAIC-NIR-H_TILE102158896-CUTOUT_275.6030807_65.5229288.fits,154.8605,-1.1190962480904252,0.07601577925434087,1.0612007838876545,908
MOSAIC-NIR-H_TILE102160062-CUTOUT_273.225052_67.736631.fits,151.18948,-1.1192889880983132,0.07598205091593699,0.42052748042283733,1984
MOSAIC-NIR-H_TILE102159490-CUTOUT_273.5791796_66.7411827.fits,159.30779,-1.119392208699655,0.07596399408731441,0.40303503103402666,1450
MOSAIC-NIR-H_TILE102158591-CUTOUT_276.1316753_65.1127039.fits,152.04764,-1.1194469601091486,0.07595441792698844,0.7723309436928358,530
MOSAIC-NIR-H_TILE102158588-CUTOUT_272.3791614_65.1157854.fits,149.39061,-1.1195623736668623,0.07593423575737156,1.317365549428857,225
MOSAIC-NIR-H_TILE102160062-CUTOUT_274.2646717_67.384586.fits,153.04543,-1.1196196535390706,0.07592422131628979,1.0748694771484233,2040
MOSAIC-NIR-H_TILE102160340-CUTOUT_274.2483067_67.7691075.fits,152.31557,-1.119627339045972,0.07592287773264288,0.8441525550895838,2286
MOSAIC-NIR-H_TILE102160610-CUTOUT_272.5019512_68.4716946.fits,154.06798,-1.119852593974092,0.07588350912744682,0.2911439603386119,2381
MOSAIC-NIR-H_TILE102158277-CUTOUT_273.742468_64.673033.fits,151.17708,-1.1199150304023817,0.07587260050457102,0.39670543917180157,124
MOSAIC-NIR-H_TILE102158277-CUTOUT_273.9921282_64.4731281.fits,152.97734,-1.1200531759247652,0.07584846988902932,0.21107066313708253,138
MOSAIC-NIR-H_TILE102160611-CUTOUT_273.0602699_68.2816328.fits,158.94646,-1.1202926916736022,0.0758066505816959,0.8799257987227572,2436
MOSAIC-NIR-H_TILE102160062-CUTOUT_273.6638743_67.4016823.fits,149.03969,-1.1211717965024988,0.0756533569248942,1.0107484856706308,2015
MOSAIC-NIR-H_TILE102158893-CUTOUT_272.1210656_65.5212164.fits,153.50659,-1.121230779314496,0.07564308291748079,1.0304619717391077,550
MOSAIC-NIR-H_TILE102159777-CUTOUT_272.5625456_67.0474504.fits,151.2453,-1.1214357628200493,0.07560738841461859,0.6476734500862367,1666
MOSAIC-NIR-H_TILE102159780-CUTOUT_275.991618_67.0432233.fits,152.64316,-1.1215334243664905,0.07559038818869514,0.6617052851467817,1900
MOSAIC-NIR-H_TILE102158590-CUTOUT_275.4522114_65.080893.fits,151.51468,-1.1215612850636874,0.07558553909791958,0.35442199681358344,431
MOSAIC-NIR-H_TILE102159490-CUTOUT_274.4601326_66.486156.fits,153.879,-1.1216008941915703,0.07557864575506755,1.2512405371776911,1504
MOSAIC-NIR-H_TILE102159197-CUTOUT_275.9542548_66.2400145.fits,159.99754,-1.1216887410966652,0.07556335963250427,0.9712964420739361,1313
MOSAIC-NIR-H_TILE102159196-CUTOUT_274.4800905_65.846965.fits,145.60599,-1.121860675006391,0.07553345058913424,0.4979246151857775,1200
MOSAIC-NIR-H_TILE102158894-CUTOUT_273.6534535_65.6934273.fits,157.76279,-1.1220603165839673,0.07549873646678859,0.7533392116699396,674
MOSAIC-NIR-H_TILE102159195-CUTOUT_273.3621129_66.192657.fits,158.20227,-1.1220609160744344,0.0754986322500798,0.4140577152912569,1095
MOSAIC-NIR-H_TILE102158895-CUTOUT_274.2536746_65.6879843.fits,153.18407,-1.1227363897935598,0.07538129780168687,0.7964866259556544,736
MOSAIC-NIR-H_TILE102160340-CUTOUT_274.761126_67.9232669.fits,155.71747,-1.1227690978085212,0.07537562082471261,0.493603517602026,2329
MOSAIC-NIR-H_TILE102158893-CUTOUT_271.8592763_65.4621473.fits,151.62424,-1.1229373649489667,0.07534642224180581,0.4221919421824483,532
MOSAIC-NIR-H_TILE102160062-CUTOUT_273.2398678_67.3428568.fits,151.83565,-1.1230168982513842,0.07533262514938348,0.7327086522370204,1986
MOSAIC-NIR-H_TILE102159488-CUTOUT_271.8290144_66.4004714.fits,161.98276,-1.1230543791711278,0.07532612399784085,0.9458337233179288,1321
MOSAIC-NIR-H_TILE102158895-CUTOUT_274.5553896_65.6465238.fits,151.55945,-1.1233377753020442,0.07527698644363852,0.6992316446438098,771
MOSAIC-NIR-H_TILE102158896-CUTOUT_275.3940107_65.5288857.fits,151.35756,-1.123393851942936,0.07526726721349547,0.6436725007674639,881
MOSAIC-NIR-H_TILE102158277-CUTOUT_273.8624375_64.5149026.fits,154.94182,-1.123653331459047,0.07522231043502663,0.8583547391502556,130
MOSAIC-NIR-H_TILE102158894-CUTOUT_272.8934904_65.5528098.fits,153.9904,-1.1243147447828947,0.07510783702190613,0.9694693235682295,608
MOSAIC-NIR-H_TILE102159490-CUTOUT_273.5342094_66.6137075.fits,150.3003,-1.1245522957991758,0.07506676566354836,1.536834393130663,1449
MOSAIC-NIR-H_TILE102158895-CUTOUT_274.2635879_65.6818035.fits,153.48161,-1.1245727721693717,0.07506322645521893,0.4925976919478754,739
MOSAIC-NIR-H_TILE102158275-CUTOUT_271.8313462_64.6193349.fits,151.36375,-1.1250973943172962,0.07497260578849899,0.5666967958625807,52
MOSAIC-NIR-H_TILE102159196-CUTOUT_275.1259912_65.8801597.fits,151.35207,-1.125111636452957,0.07497014719747587,0.3211791658301245,1258
MOSAIC-NIR-H_TILE102160339-CUTOUT_273.5291496_67.9326331.fits,153.8724,-1.1252925675420973,0.07493892044740316,0.7973010319074824,2222
MOSAIC-NIR-H_TILE102159194-CUTOUT_272.4037889_65.7728838.fits,152.05322,-1.1253776841225172,0.07492423474473875,0.3547604846518664,1002
MOSAIC-NIR-H_TILE102158893-CUTOUT_272.066239_65.417189.fits,152.60231,-1.125378947479342,0.07492401679146146,0.4562373286251944,548
MOSAIC-NIR-H_TILE102158590-CUTOUT_275.6357283_65.1352149.fits,151.925,-1.125551644981266,0.0748942291271577,0.5100574441943885,474
MOSAIC-NIR-H_TILE102158895-CUTOUT_275.0583988_65.6582696.fits,154.8712,-1.1258480485116569,0.07484313167773039,0.7986627145210751,826
MOSAIC-NIR-H_TILE102159489-CUTOUT_273.5130396_66.5013616.fits,155.82239,-1.125987172705959,0.07481915987240144,0.7519640420542001,1446
MOSAIC-NIR-H_TILE102160610-CUTOUT_271.9766165_68.3281984.fits,156.01367,-1.1261240385997042,0.07479558467583107,0.5257938104179953,2352
MOSAIC-NIR-H_TILE102160610-CUTOUT_272.5830862_68.5526862.fits,156.13121,-1.1261480290701034,0.07479145307440639,0.6914343326379779,2392
MOSAIC-NIR-H_TILE102159196-CUTOUT_274.7504824_66.0999405.fits,154.06816,-1.126183372139065,0.07478536676192038,0.5389913010159146,1230
MOSAIC-NIR-H_TILE102159194-CUTOUT_272.9560704_65.9053761.fits,147.3731,-1.1265060963081315,0.0747298144093157,0.5688724456386826,1047
MOSAIC-NIR-H_TILE102159778-CUTOUT_273.3956732_67.1320299.fits,146.832,-1.1265778376538182,0.07471747076949256,0.3903964239022999,1724
MOSAIC-NIR-H_TILE102158590-CUTOUT_275.3465816_65.1688454.fits,152.11699,-1.1266407014218773,0.07470665625993853,0.7734666784730347,415
MOSAIC-NIR-H_TILE102158893-CUTOUT_272.4772582_65.6097465.fits,155.77853,-1.126809599390426,0.07467760834480466,0.5406655864420306,569
MOSAIC-NIR-H_TILE102159777-CUTOUT_272.4946847_66.9961478.fits,151.20467,-1.126823172266151,0.07467527450428585,0.4225951481982001,1665
MOSAIC-NIR-H_TILE102159778-CUTOUT_273.259402_67.0870793.fits,152.10457,-1.1268559617993752,0.07466963668233675,0.8431001463525584,1710
MOSAIC-NIR-H_TILE102159492-CUTOUT_276.6763259_66.3084609.fits,155.65471,-1.1269959114405852,0.07464557857028178,0.3739309352548397,1618
MOSAIC-NIR-H_TILE102160062-CUTOUT_273.2372424_67.4668145.fits,149.29884,-1.1270632983996345,0.07463399714678375,1.064884954338689,1985
MOSAIC-NIR-H_TILE102158896-CUTOUT_275.2554585_65.275826.fits,153.48436,-1.1274195913330851,0.07457279291307287,0.548869986682137,848
MOSAIC-NIR-H_TILE102160611-CUTOUT_273.4499853_68.3615826.fits,154.28111,-1.127634473214046,0.07453590462865199,0.6303207347976276,2463
MOSAIC-NIR-H_TILE102160063-CUTOUT_274.8750522_67.7470689.fits,161.67174,-1.1276851883276557,0.07452720114213465,0.6213606185417372,2072
MOSAIC-NIR-H_TILE102159489-CUTOUT_273.4901481_66.5002461.fits,153.43205,-1.1278376083049306,0.07450104966736919,0.9083379651667032,1444
MOSAIC-NIR-H_TILE102159488-CUTOUT_271.9130347_66.4340295.fits,153.80304,-1.1278751419721327,0.07449461123241283,0.48928893577311916,1336
MOSAIC-NIR-H_TILE102159777-CUTOUT_271.9300676_67.1701562.fits,154.41867,-1.1279020775034219,0.07448999111912084,0.9059778739628108,1626
MOSAIC-NIR-H_TILE102159195-CUTOUT_273.8014978_66.0644925.fits,154.32605,-1.1279842106312052,0.07447590501458132,0.9136866592370768,1137
MOSAIC-NIR-H_TILE102160610-CUTOUT_271.8797188_68.3058006.fits,158.14575,-1.1280096220566689,0.07447154741018853,0.7432721550067446,2345
MOSAIC-NIR-H_TILE102158894-CUTOUT_273.763664_65.6560591.fits,154.50139,-1.1283111157069126,0.07441986610197783,0.4183376283625947,688
MOSAIC-NIR-H_TILE102158590-CUTOUT_275.4304109_65.1124819.fits,150.52814,-1.128432776351202,0.07439902148803189,0.5353354438720932,426
MOSAIC-NIR-H_TILE102159488-CUTOUT_272.1413264_66.4089822.fits,152.70673,-1.128453860718816,0.07439540961105176,0.5835477833884747,1351
MOSAIC-NIR-H_TILE102160062-CUTOUT_274.1647706_67.4260738.fits,152.17651,-1.1286454558098862,0.0743625962730862,0.49228882182435796,2030
MOSAIC-NIR-H_TILE102159196-CUTOUT_274.6787705_66.1738107.fits,155.47485,-1.1286772425381204,0.07435715375139647,0.5041125812722627,1226
MOSAIC-NIR-H_TILE102160611-CUTOUT_274.0259766_68.4598865.fits,153.52771,-1.1286815355570465,0.07435641873148735,0.5612648221324418,2490
MOSAIC-NIR-H_TILE102159491-CUTOUT_275.3069793_66.5051365.fits,157.95088,-1.1286825679330812,0.07435624197655105,0.45061909063779015,1551
MOSAIC-NIR-H_TILE102158590-CUTOUT_275.0596361_65.0416277.fits,153.07413,-1.1287634629940293,0.07434239309564936,0.6400138669031481,377
MOSAIC-NIR-H_TILE102160062-CUTOUT_273.7196301_67.5649525.fits,151.44783,-1.1289586376714111,0.07430899066183097,0.835059701053179,2017
MOSAIC-NIR-H_TILE102158590-CUTOUT_275.6442943_65.1556823.fits,150.15723,-1.1290481595481947,0.07429367479896104,0.5043647197222815,478
MOSAIC-NIR-H_TILE102159195-CUTOUT_273.8970036_66.2259326.fits,154.09935,-1.129151348068494,0.07427602469284807,0.7481181659016733,1149
MOSAIC-NIR-H_TILE102159777-CUTOUT_272.127308_67.1302917.fits,152.62257,-1.1292189502400982,0.07426446380502683,0.5697907168992157,1636
MOSAIC-NIR-H_TILE102158590-CUTOUT_275.6328006_64.9823161.fits,161.87137,-1.12923206982679,0.07426222038634397,0.46219477931320746,472
MOSAIC-NIR-H_TILE102159779-CUTOUT_274.8579405_66.8760964.fits,151.02919,-1.1293871725588511,0.07423570331741171,0.5747386552649557,1829
MOSAIC-NIR-H_TILE102159492-CUTOUT_276.541378_66.410063.fits,151.35774,-1.1295115461090146,0.07421444668991369,0.6743804611502617,1611
MOSAIC-NIR-H_TILE102158591-CUTOUT_275.9913852_65.032101.fits,150.12949,-1.1296079599297988,0.07419797283524165,0.4622178421579089,522
MOSAIC-NIR-H_TILE102158588-CUTOUT_272.8189867_64.7895503.fits,163.32414,-1.129904960496804,0.07414724848233988,1.376595442862296,251
MOSAIC-NIR-H_TILE102159489-CUTOUT_273.1494013_66.2443069.fits,152.87851,-1.1299247406675337,0.07414387148379123,0.3189033652927073,1429
MOSAIC-NIR-H_TILE102160610-CUTOUT_272.5121406_68.4677187.fits,150.89409,-1.1300523764582675,0.07412208437485103,0.8039159840548773,2383
MOSAIC-NIR-H_TILE102158896-CUTOUT_275.251498_65.3251491.fits,151.10376,-1.1305847654400063,0.07403127593720463,0.430400503346551,847
MOSAIC-NIR-H_TILE102158276-CUTOUT_272.5865743_64.4833836.fits,151.72452,-1.1307769660969704,0.07399852002531138,1.1909470642873108,77
MOSAIC-NIR-H_TILE102159491-CUTOUT_274.7701642_66.4420252.fits,149.91573,-1.1308419796625442,0.07398744333021674,0.3983831885810297,1512
MOSAIC-NIR-H_TILE102158895-CUTOUT_274.5042346_65.3907672.fits,149.03728,-1.13086170827246,0.07398408239353578,1.0751338838531495,765
MOSAIC-NIR-H_TILE102158895-CUTOUT_274.8938076_65.4350434.fits,151.17613,-1.1310554877498789,0.07395107852301334,0.5674307520364558,804
MOSAIC-NIR-H_TILE102159196-CUTOUT_274.6295724_66.2573232.fits,148.73973,-1.131155653315281,0.07393402443240933,1.6639525941271023,1222
MOSAIC-NIR-H_TILE102159492-CUTOUT_276.2538257_66.3902538.fits,154.31247,-1.1315497000000174,0.07386697259165445,0.4369637711935472,1601
MOSAIC-NIR-H_TILE102158894-CUTOUT_273.0984624_65.3771965.fits,151.07646,-1.1316773907820958,0.07384525749874762,0.7547862162059098,623
MOSAIC-NIR-H_TILE102158895-CUTOUT_274.257501_65.6978689.fits,149.45308,-1.1321043271470375,0.07377269904898687,1.1450850920715328,737
MOSAIC-NIR-H_TILE102158896-CUTOUT_275.8517984_65.3801554.fits,152.65132,-1.1326512297549147,0.07367985631235463,0.9844775251016962,936
MOSAIC-NIR-H_TILE102158896-CUTOUT_275.3748007_65.5336356.fits,148.92181,-1.1328829335178763,0.07364055729428463,0.7314200724339716,876
MOSAIC-NIR-H_TILE102160063-CUTOUT_275.1478807_67.6925981.fits,151.55652,-1.1330395676142777,0.07361400263420205,0.35287130426212915,2086
MOSAIC-NIR-H_TILE102160339-CUTOUT_273.1041183_68.2379035.fits,156.46054,-1.1332277280719438,0.07358211587332215,1.833805077223517,2182
MOSAIC-NIR-H_TILE102159780-CUTOUT_275.6403916_66.7831399.fits,152.4496,-1.1333770045353841,0.07355682844515855,0.5709604202100478,1883
MOSAIC-NIR-H_TILE102160339-CUTOUT_272.4950372_67.8229184.fits,156.87663,-1.1333881566247608,0.07355493963047842,0.6767303506082704,2145
MOSAIC-NIR-H_TILE102159778-CUTOUT_272.763812_66.8254321.fits,159.95734,-1.1333924559682444,0.07355421146929227,1.0793070285804047,1684
MOSAIC-NIR-H_TILE102160339-CUTOUT_273.4838404_68.1483183.fits,154.81206,-1.1339062978314967,0.07346723619221708,1.1833503827499778,2219
MOSAIC-NIR-H_TILE102158896-CUTOUT_275.4442319_65.4053973.fits,153.1405,-1.1341164012205927,0.07343170274013743,0.5188778682094987,893
MOSAIC-NIR-H_TILE102158590-CUTOUT_275.1223263_64.8399423.fits,150.67163,-1.13434828988249,0.07339250483452449,0.39932757913113465,385
MOSAIC-NIR-H_TILE102159491-CUTOUT_275.4998212_66.353796.fits,154.27225,-1.1344084899623441,0.0733823321783398,1.0711504164810752,1564
MOSAIC-NIR-H_TILE102160611-CUTOUT_273.772611_68.3937791.fits,158.92204,-1.1345784273739752,0.07335362363005726,0.9037849641570779,2481
MOSAIC-NIR-H_TILE102160611-CUTOUT_274.001959_68.3207363.fits,151.21303,-1.1351549371954555,0.07325631401631594,0.7201256457585161,2487
MOSAIC-NIR-H_TILE102159490-CUTOUT_274.4255451_66.4909925.fits,157.12622,-1.1353245935044542,0.07322770216625525,1.543433033370056,1499
MOSAIC-NIR-H_TILE102159489-CUTOUT_272.5949662_66.7319308.fits,151.54604,-1.1353519222104977,0.07322309433570146,0.4150663734293923,1386
MOSAIC-NIR-H_TILE102159195-CUTOUT_273.9266882_66.1898188.fits,153.9758,-1.1354238672242205,0.07321096523800345,0.4941258204602509,1151
MOSAIC-NIR-H_TILE102160340-CUTOUT_273.7998754_67.8755807.fits,152.72319,-1.1356505875705558,0.07317275594846093,0.35150938345543414,2251
MOSAIC-NIR-H_TILE102158894-CUTOUT_273.3008922_65.6676171.fits,154.2036,-1.1358097170005856,0.07314594969954206,0.7709278268970834,639
MOSAIC-NIR-H_TILE102159194-CUTOUT_272.6289828_66.2323096.fits,148.17802,-1.1362126979296174,0.07307810920728097,1.2423518853753484,1029
MOSAIC-NIR-H_TILE102159490-CUTOUT_274.4138837_66.3193627.fits,164.93176,-1.1362179796441108,0.07307722046616731,0.9264266544449454,1498
MOSAIC-NIR-H_TILE102158277-CUTOUT_274.1758879_64.6715756.fits,152.37444,-1.1363196271775977,0.07306011859103802,0.46163312998579414,156
MOSAIC-NIR-H_TILE102159778-CUTOUT_273.1074491_67.077933.fits,153.72293,-1.1365004311016467,0.07302970879448974,1.1362483583023868,1702
MOSAIC-NIR-H_TILE102157959-CUTOUT_273.6173279_64.1256351.fits,149.8943,-1.1365821033364818,0.07301597631807909,0.23884313127672804,41
MOSAIC-NIR-H_TILE102160339-CUTOUT_273.6049943_68.1470925.fits,152.36523,-1.1369190254306065,0.07295935308976591,0.20985365343578127,2228
MOSAIC-NIR-H_TILE102158590-CUTOUT_275.7341627_65.055466.fits,154.35442,-1.137208129430283,0.07291080119095542,0.5550336019343601,494
MOSAIC-NIR-H_TILE102159196-CUTOUT_274.6172331_66.1782115.fits,151.6303,-1.1375993307088572,0.07284515459080028,0.34733247230366376,1219
MOSAIC-NIR-H_TILE102159196-CUTOUT_274.9442272_65.7850629.fits,152.88617,-1.13781900101,0.07280831813205327,0.47054706059943585,1243
MOSAIC-NIR-H_TILE102159195-CUTOUT_273.5147799_66.1180093.fits,150.36714,-1.138033959546408,0.07277228982052736,1.0190775295971046,1119
MOSAIC-NIR-H_TILE102160340-CUTOUT_273.7364257_68.156733.fits,168.05429,-1.1380403110469701,0.0727712255429943,0.4136507776515019,2245
MOSAIC-NIR-H_TILE102160611-CUTOUT_273.4102512_68.3095219.fits,152.96028,-1.1381148071635303,0.07275874389978701,0.8196167796957189,2459
MOSAIC-NIR-H_TILE102158590-CUTOUT_275.7774741_65.1043827.fits,153.51988,-1.1381718829342455,0.07274918244163452,0.9095945160588333,496
MOSAIC-NIR-H_TILE102160339-CUTOUT_272.7406842_68.0521123.fits,151.25307,-1.1382828536170313,0.07273059598598229,0.4030337443228948,2161
MOSAIC-NIR-H_TILE102159780-CUTOUT_275.5825417_67.0923416.fits,151.15433,-1.1385076601322817,0.07269295774398103,0.9710201570800404,1876
MOSAIC-NIR-H_TILE102159490-CUTOUT_273.7304953_66.5698715.fits,153.85141,-1.138580414293527,0.07268078104723627,0.3977345472985166,1461
MOSAIC-NIR-H_TILE102159489-CUTOUT_272.5966908_66.5826012.fits,157.33673,-1.1391044720527692,0.0725931309449101,0.586697066400769,1387
MOSAIC-NIR-H_TILE102159194-CUTOUT_272.576515_66.2225618.fits,161.99165,-1.1393074956954128,0.07255920309608113,0.8463840526578275,1019
MOSAIC-NIR-H_TILE102159195-CUTOUT_273.6602242_66.0237411.fits,153.73665,-1.139391659037744,0.07254514297417915,0.8330395180623875,1125
MOSAIC-NIR-H_TILE102158894-CUTOUT_273.8723265_65.581133.fits,152.17862,-1.139412040017941,0.0725417385873142,0.3177097748924483,706
MOSAIC-NIR-H_TILE102159196-CUTOUT_274.6993134_65.8292114.fits,149.12694,-1.1395625212420624,0.07251660753202312,0.9605483732814589,1228
MOSAIC-NIR-H_TILE102158896-CUTOUT_275.262133_65.5068048.fits,149.27461,-1.139615812425302,0.0725077097474798,1.061875573437004,850
MOSAIC-NIR-H_TILE102159488-CUTOUT_272.0101464_66.6257535.fits,151.69467,-1.1399583431187903,0.07245054502281899,0.49448041156109945,1343
MOSAIC-NIR-H_TILE102160339-CUTOUT_273.4809833_67.7909598.fits,153.85234,-1.1400836740521312,0.07242963988882789,0.5037573655667155,2218
MOSAIC-NIR-H_TILE102159491-CUTOUT_275.287808_66.3065765.fits,156.28569,-1.1402567760013214,0.07240077649303255,0.48027100360620095,1548
MOSAIC-NIR-H_TILE102160061-CUTOUT_272.5158046_67.6576298.fits,153.37292,-1.1402744523588635,0.07239782974601895,0.6279445052385562,1932
MOSAIC-NIR-H_TILE102159779-CUTOUT_274.4173977_67.1955886.fits,153.39285,-1.140455206274031,0.07236770394692532,0.3254208973015972,1802
MOSAIC-NIR-H_TILE102159491-CUTOUT_275.0041917_66.6299573.fits,153.63069,-1.1405491422790779,0.07235205282042527,0.685110491096586,1527
MOSAIC-NIR-H_TILE102159779-CUTOUT_274.3639034_67.1985319.fits,155.15251,-1.1406938449705042,0.07232794983678312,0.7749021511437177,1796
MOSAIC-NIR-H_TILE102159491-CUTOUT_275.1249026_66.5363049.fits,152.30527,-1.1411510492424606,0.07225184652763944,0.7022910669059326,1537
MOSAIC-NIR-H_TILE102158278-CUTOUT_274.5378831_64.7177614.fits,151.33516,-1.1412131201826257,0.07224152076998623,0.4127973641986444,190
MOSAIC-NIR-H_TILE102160338-CUTOUT_272.2630097_67.8112442.fits,151.10619,-1.1420090945856962,0.07210923785878615,1.657363337255927,2134
MOSAIC-NIR-H_TILE102160339-CUTOUT_272.5566219_68.121256.fits,155.58908,-1.1423170393304165,0.0720581255583606,0.5914496225182649,2152
MOSAIC-NIR-H_TILE102160338-CUTOUT_271.920407_68.1091912.fits,150.42126,-1.143101495342821,0.07192808612261678,0.2835809257482092,2110
MOSAIC-NIR-H_TILE102160340-CUTOUT_273.8204556_68.0396.fits,151.69855,-1.1431411687697344,0.0719215156883863,0.5834761135671427,2252
MOSAIC-NIR-H_TILE102158590-CUTOUT_275.5572906_65.0069269.fits,155.7462,-1.1436531506011232,0.07183677868460975,0.8149413132301713,451
MOSAIC-NIR-H_TILE102158588-CUTOUT_273.1065423_64.9514992.fits,155.21077,-1.143818240457045,0.07180947631232118,0.5317678768799475,277
MOSAIC-NIR-H_TILE102158590-CUTOUT_274.9696743_65.1298642.fits,163.00308,-1.1443966293168812,0.0717139048556449,1.7676260460779347,368
MOSAIC-NIR-H_TILE102160339-CUTOUT_273.6825303_68.2392352.fits,153.41203,-1.1444948022367432,0.07169769565187809,0.6003619969352151,2239
MOSAIC-NIR-H_TILE102160610-CUTOUT_272.4390701_68.529267.fits,151.97083,-1.1445000504236742,0.07169682923369546,0.5185938182245282,2372
MOSAIC-NIR-H_TILE102158587-CUTOUT_272.2320539_64.8097515.fits,153.4568,-1.1450404486438839,0.07160767142679263,0.49239312850344946,220
MOSAIC-NIR-H_TILE102159490-CUTOUT_273.8483651_66.4320413.fits,151.45618,-1.1453096210134774,0.07156330329538046,0.4176901123221166,1469
MOSAIC-NIR-H_TILE102159491-CUTOUT_275.3265752_66.3644894.fits,152.11327,-1.1457697402542713,0.07148752472235181,0.8583662436056769,1553
MOSAIC-NIR-H_TILE102158276-CUTOUT_272.3722587_64.268435.fits,150.26431,-1.1458020885865645,0.071482200187549,0.6976664061375591,71
MOSAIC-NIR-H_TILE102158894-CUTOUT_272.7383027_65.5876506.fits,153.75375,-1.1461450923599883,0.07142576616500695,1.3921496263844808,589
MOSAIC-NIR-H_TILE102158275-CUTOUT_271.8377299_64.399799.fits,150.5183,-1.1462179997426234,0.07141377653860735,0.802072561928476,53
MOSAIC-NIR-H_TILE102160610-CUTOUT_272.4808174_68.5276485.fits,152.2734,-1.146605231992268,0.07135012988030097,0.39391807109400107,2379
MOSAIC-NIR-H_TILE102158896-CUTOUT_275.2459439_65.3789017.fits,149.30724,-1.1468172692963803,0.07131530282814957,0.6218740474309796,845
MOSAIC-NIR-H_TILE102159489-CUTOUT_273.1964927_66.5420487.fits,148.15887,-1.146870458855387,0.07130656912926465,0.5107620331456473,1430
MOSAIC-NIR-H_TILE102158590-CUTOUT_275.5275931_65.1281469.fits,149.83441,-1.1473595444935663,0.07122631163062575,0.3224034295767818,443
MOSAIC-NIR-H_TILE102159491-CUTOUT_275.3921907_66.4310809.fits,167.90013,-1.1474856472667327,0.07120563319254751,1.1840997492952987,1559
MOSAIC-NIR-H_TILE102159194-CUTOUT_272.8735471_65.7682753.fits,146.50839,-1.1478625394875535,0.07114386586910394,1.2704774374888423,1044
MOSAIC-NIR-H_TILE102160061-CUTOUT_273.1720355_67.5887074.fits,151.26396,-1.1481027165877182,0.07110453218159492,0.39245477869875733,1981
MOSAIC-NIR-H_TILE102158895-CUTOUT_274.5868206_65.4417247.fits,151.04608,-1.148218072499261,0.07108564813119886,0.5340494773108848,774
MOSAIC-NIR-H_TILE102160339-CUTOUT_273.5474086_68.0840624.fits,157.97458,-1.1483315426845888,0.07106707767184225,0.8025246097097566,2226
MOSAIC-NIR-H_TILE102159777-CUTOUT_272.4639088_66.9166512.fits,152.44955,-1.1484838129928097,0.07104216483177973,0.6083254035914675,1661
MOSAIC-NIR-H_TILE102159195-CUTOUT_273.8285173_65.8711851.fits,153.19986,-1.1485734486735446,0.07102750368371706,0.8105313035580659,1141
MOSAIC-NIR-H_TILE102160611-CUTOUT_273.0789296_68.7020151.fits,150.04974,-1.1486316691077842,0.07101798255206257,0.8651912070931316,2438
MOSAIC-NIR-H_TILE102158590-CUTOUT_275.5917353_64.9254537.fits,154.55666,-1.1491058315175067,0.07094048748091873,0.8628137747236235,463
MOSAIC-NIR-H_TILE102159779-CUTOUT_274.4031443_66.9304685.fits,153.008,-1.149113925730146,0.07093916533186219,0.32930665938663417,1799
MOSAIC-NIR-H_TILE102160611-CUTOUT_273.596579_68.6034999.fits,153.67442,-1.1503760226747168,0.0707333093067647,0.4932383992873078,2469
MOSAIC-NIR-H_TILE102159194-CUTOUT_272.6007571_65.8978529.fits,160.4487,-1.1503888356476932,0.07073122249551278,1.1691862970114089,1023
MOSAIC-NIR-H_TILE102159196-CUTOUT_274.9768243_66.2101156.fits,159.75143,-1.1511080636460047,0.07061418261383226,0.9955271603190697,1246
MOSAIC-NIR-H_TILE102159195-CUTOUT_273.5236009_66.1240386.fits,155.39146,-1.1511438953318858,0.07060835679531577,0.5605274647100403,1120
MOSAIC-NIR-H_TILE102157958-CUTOUT_272.4250853_64.2013884.fits,150.34857,-1.1514609272115492,0.0705568320062311,0.5626344776074321,17
MOSAIC-NIR-H_TILE102158590-CUTOUT_275.2401397_65.2089241.fits,152.68796,-1.1514625726728915,0.07055656467997115,0.7240766865777333,401
MOSAIC-NIR-H_TILE102160340-CUTOUT_274.8647798_67.7868357.fits,157.51515,-1.1517017812869244,0.0705177129526511,0.27282348728203737,2332
MOSAIC-NIR-H_TILE102157959-CUTOUT_273.5540568_64.1368562.fits,166.79568,-1.1521498093211173,0.07044500279231024,1.042259675211604,39
MOSAIC-NIR-H_TILE102160340-CUTOUT_274.4101969_68.0067423.fits,153.5744,-1.1524629217192877,0.07039423250780437,0.5707586834702588,2303
MOSAIC-NIR-H_TILE102158895-CUTOUT_274.3044967_65.7465338.fits,152.49701,-1.1526122035615043,0.0703700397646867,0.5639357380387999,747
MOSAIC-NIR-H_TILE102160062-CUTOUT_273.3120256_67.4587137.fits,154.58821,-1.1528437584937206,0.07033253022376215,0.49796426914975567,1991
MOSAIC-NIR-H_TILE102158277-CUTOUT_273.2342717_64.3112734.fits,154.83987,-1.1531083386741074,0.07028969540289484,0.35994997886150065,111
MOSAIC-NIR-H_TILE102158896-CUTOUT_275.167372_65.3087432.fits,150.10625,-1.1536609969110836,0.07020030565808254,0.4912813358939864,838
MOSAIC-NIR-H_TILE102159777-CUTOUT_272.0680603_66.7817025.fits,150.60431,-1.1539093396738176,0.07016017446839912,1.4163899205469908,1632
MOSAIC-NIR-H_TILE102159196-CUTOUT_274.9385704_66.0820168.fits,157.91214,-1.1539443325710959,0.07015452160156779,0.6951048772974829,1242
MOSAIC-NIR-H_TILE102160062-CUTOUT_273.6961403_67.3275975.fits,153.48824,-1.1540805848376108,0.07013251530471067,0.6846680421911763,2016
MOSAIC-NIR-H_TILE102158894-CUTOUT_272.960143_65.604829.fits,154.35196,-1.1546559580000868,0.07003966206739161,0.9572652566524454,613
MOSAIC-NIR-H_TILE102159195-CUTOUT_274.249059_65.9995461.fits,153.16849,-1.15475566552931,0.07002358385237134,0.8005792946997861,1177
MOSAIC-NIR-H_TILE102158894-CUTOUT_272.738663_65.4669503.fits,155.80542,-1.1549772933166074,0.06998785875472342,0.7424637306117998,590
MOSAIC-NIR-H_TILE102160610-CUTOUT_272.4680531_68.3867233.fits,151.86261,-1.155229622113945,0.06994720702262573,1.493155693080652,2378
MOSAIC-NIR-H_TILE102159194-CUTOUT_272.5758437_66.1619172.fits,148.09149,-1.1557165214814944,0.06986883124730162,0.3982746063331536,1018
MOSAIC-NIR-H_TILE102158278-CUTOUT_274.3405349_64.3492609.fits,155.40714,-1.155804666478559,0.06985465201351808,1.1250118365609227,175
MOSAIC-NIR-H_TILE102158590-CUTOUT_274.9478342_64.8971634.fits,156.40536,-1.1558377686330412,0.06984932785800387,1.0463185325486972,362
MOSAIC-NIR-H_TILE102160062-CUTOUT_273.5667262_67.6698211.fits,150.1741,-1.1561558895312076,0.0697981819292562,0.7601078161445369,2006
MOSAIC-NIR-H_TILE102159778-CUTOUT_272.8759875_67.2412415.fits,151.40836,-1.1563580838702405,0.06976569357604563,0.35287448346047506,1689
MOSAIC-NIR-H_TILE102157958-CUTOUT_272.1535296_63.9440294.fits,151.10727,-1.1564768394846456,0.06974661911044994,1.5400406299196536,8
MOSAIC-NIR-H_TILE102158590-CUTOUT_275.7316451_65.1114117.fits,156.44604,-1.1571588838568792,0.06963717043718333,0.7057107473732568,493
MOSAIC-NIR-H_TILE102158896-CUTOUT_275.6677743_65.6533099.fits,151.64453,-1.1573925830065062,0.06959970790814286,0.4209022769640174,913
MOSAIC-NIR-H_TILE102159778-CUTOUT_273.5708565_67.0400667.fits,149.23805,-1.1577677369185981,0.06953961198347378,1.140631675216671,1739
MOSAIC-NIR-H_TILE102159194-CUTOUT_272.7730987_65.9677643.fits,155.72823,-1.1579912349359192,0.06950383449237281,0.560325389576249,1038
MOSAIC-NIR-H_TILE102160339-CUTOUT_273.0970432_68.131142.fits,149.2928,-1.1588019518021684,0.06937420961259257,0.6015140846362512,2180
MOSAIC-NIR-H_TILE102159196-CUTOUT_274.8719753_65.9446193.fits,153.99998,-1.1591158363539946,0.06932408780257401,0.4316889634951056,1236
MOSAIC-NIR-H_TILE102159492-CUTOUT_276.5577008_66.3710616.fits,154.58269,-1.1592012481614598,0.06931045531659945,0.5747709697411688,1616
MOSAIC-NIR-H_TILE102160339-CUTOUT_272.7912491_67.8847224.fits,148.69366,-1.1604673058807107,0.06910869531579035,0.38658150705210736,2165
MOSAIC-NIR-H_TILE102160062-CUTOUT_274.2046255_67.3544864.fits,159.66219,-1.1604761097852643,0.06910729437652943,0.7217512223265806,2035
MOSAIC-NIR-H_TILE102158590-CUTOUT_275.2735257_64.9738162.fits,149.92534,-1.1606231693888436,0.06908389741601555,0.6707016061718339,408
MOSAIC-NIR-H_TILE102158893-CUTOUT_272.5764673_65.35632.fits,159.48315,-1.160702033516459,0.06907135351577699,1.137498621131027,575
MOSAIC-NIR-H_TILE102159490-CUTOUT_273.7021981_66.3448103.fits,151.87062,-1.1608140424854267,0.0690535416074401,1.5897937335718015,1459
MOSAIC-NIR-H_TILE102158588-CUTOUT_272.8616782_65.0067151.fits,149.56589,-1.1608267798162428,0.06905151638045226,0.8384964045449658,256
MOSAIC-NIR-H_TILE102159196-CUTOUT_274.6696348_65.8670463.fits,149.38521,-1.1608794391803974,0.06904314420752143,0.37775082871916243,1225
MOSAIC-NIR-H_TILE102159488-CUTOUT_272.0040073_66.5845065.fits,150.54437,-1.1615076687549,0.06894334190752088,0.7712501542503843,1341
MOSAIC-NIR-H_TILE102159491-CUTOUT_275.4634613_66.3429668.fits,152.041,-1.1615351291382694,0.06893898276683186,0.4611959267866735,1562
MOSAIC-NIR-H_TILE102160340-CUTOUT_273.7817118_68.2185215.fits,152.79672,-1.1616103924438557,0.0689270366648701,0.8515934472687403,2249
MOSAIC-NIR-H_TILE102159196-CUTOUT_274.4269975_66.13675.fits,156.94583,-1.1617374750605023,0.06890687028679837,1.0274519773631297,1196
MOSAIC-NIR-H_TILE102158894-CUTOUT_272.9575433_65.5110113.fits,155.09535,-1.1618992368068293,0.06888120931129683,0.9277153893093465,612
MOSAIC-NIR-H_TILE102158894-CUTOUT_273.8404583_65.2865158.fits,151.02016,-1.1619199314627542,0.06887792711678695,0.7267061164070991,702
MOSAIC-NIR-H_TILE102158894-CUTOUT_273.6563546_65.6940094.fits,158.09088,-1.1620380118306555,0.06885920243628925,0.6566805936431636,675
MOSAIC-NIR-H_TILE102159194-CUTOUT_272.3607992_65.7777859.fits,155.57706,-1.1621060642191747,0.06884841329143607,0.5301395668087642,998
MOSAIC-NIR-H_TILE102158896-CUTOUT_275.5036217_65.7098608.fits,153.4768,-1.162279310658821,0.06882095412670902,0.46561691560309365,898
MOSAIC-NIR-H_TILE102160340-CUTOUT_274.2684937_68.0411308.fits,150.54874,-1.1626234658322006,0.06876643880063085,0.6786115076654747,2289
MOSAIC-NIR-H_TILE102159492-CUTOUT_276.4769477_66.3512554.fits,154.08946,-1.1639905538582247,0.068550313635749,0.5684573992468822,1610
MOSAIC-NIR-H_TILE102158895-CUTOUT_274.4445022_65.4819395.fits,150.32066,-1.1643340827064075,0.06849611147560986,0.5252935832009809,756
MOSAIC-NIR-H_TILE102157958-CUTOUT_272.7853163_64.0493304.fits,154.50685,-1.1645896567209197,0.06845581467929887,1.0199644629009197,29
MOSAIC-NIR-H_TILE102159489-CUTOUT_273.3400588_66.7359254.fits,149.955,-1.1646619752107725,0.0684444164019065,0.3206274109085741,1438
MOSAIC-NIR-H_TILE102158896-CUTOUT_275.8516797_65.2378944.fits,149.31377,-1.164984112980892,0.06839366660569307,0.4511266989020206,935
MOSAIC-NIR-H_TILE102158894-CUTOUT_272.7598927_65.5976663.fits,157.02055,-1.1652177284375347,0.068356886214272,0.3201313891066351,593
MOSAIC-NIR-H_TILE102159779-CUTOUT_275.1659901_66.7768632.fits,145.81909,-1.1654960571394848,0.0683130919940903,0.8259408052924054,1850
MOSAIC-NIR-H_TILE102160062-CUTOUT_273.2099591_67.6456739.fits,153.26419,-1.1655097046083185,0.06831094532590914,0.4168126072690779,1982
MOSAIC-NIR-H_TILE102159195-CUTOUT_274.2914577_66.065449.fits,154.7879,-1.165979697374206,0.06823705932137604,0.46347490039995953,1180
MOSAIC-NIR-H_TILE102160338-CUTOUT_272.077253_68.1393173.fits,152.99236,-1.1662577434397066,0.06819338625057877,1.316861357187019,2119
MOSAIC-NIR-H_TILE102159196-CUTOUT_274.4050485_65.9016693.fits,165.25706,-1.1662880930292383,0.06818862089192573,1.0795721211263132,1190
MOSAIC-NIR-H_TILE102157958-CUTOUT_272.35092_64.1813743.fits,154.4371,-1.1665230893381795,0.06815173407810353,0.8078439854038805,13
MOSAIC-NIR-H_TILE102158591-CUTOUT_276.1169367_65.0195328.fits,152.4583,-1.1665409750842282,0.0681489274122133,0.9144867424673098,529
MOSAIC-NIR-H_TILE102159780-CUTOUT_276.0976023_66.8188081.fits,152.71854,-1.166541242429776,0.06814888546070923,0.5537060408071419,1908
MOSAIC-NIR-H_TILE102160339-CUTOUT_273.3149197_67.9458024.fits,150.1385,-1.1666201404077612,0.06813650602436411,0.5778281036120214,2202
MOSAIC-NIR-H_TILE102159777-CUTOUT_271.920299_67.0972707.fits,169.90648,-1.1666807217786255,0.06812700206973227,0.46438441629097593,1625
MOSAIC-NIR-H_TILE102160063-CUTOUT_274.9977634_67.2768078.fits,150.18477,-1.1667798944542196,0.06811144680481646,0.412094847497599,2078
MOSAIC-NIR-H_TILE102160610-CUTOUT_272.9178188_68.4468593.fits,157.10532,-1.1680438706234069,0.06791350257545914,0.27009116970624475,2430
MOSAIC-NIR-H_TILE102160062-CUTOUT_273.5775886_67.4189729.fits,155.54225,-1.1681643634034113,0.06789466293555278,0.35010047541007655,2008
MOSAIC-NIR-H_TILE102158587-CUTOUT_272.0463911_65.0336427.fits,151.92552,-1.1682778101124647,0.06787692976033582,0.42430274776369736,208
MOSAIC-NIR-H_TILE102158589-CUTOUT_273.908578_65.1272193.fits,150.77676,-1.1701403487791096,0.0675864524332549,0.34769902653190254,303
MOSAIC-NIR-H_TILE102158895-CUTOUT_274.9536771_65.2877944.fits,148.04266,-1.1704341924625221,0.06754073890042123,0.5948855220860734,813
MOSAIC-NIR-H_TILE102158894-CUTOUT_273.2833094_65.3023643.fits,158.14995,-1.1707151978158412,0.06749705156121083,0.5511619690880347,637
MOSAIC-NIR-H_TILE102158590-CUTOUT_275.5802221_65.2091694.fits,154.87355,-1.1711968274857945,0.06742223927419906,0.5033420147042222,458
MOSAIC-NIR-H_TILE102158895-CUTOUT_274.7128962_65.4062633.fits,158.627,-1.1717139204188145,0.06734201072425287,0.9464683011471915,785
MOSAIC-NIR-H_TILE102158276-CUTOUT_272.3557711_64.4279088.fits,153.22694,-1.1717660555937635,0.0673339270922202,0.4882452647011857,69
MOSAIC-NIR-H_TILE102160340-CUTOUT_274.5028647_67.7483109.fits,154.2219,-1.1719081935199491,0.06731189333596509,0.7824680126267678,2312
MOSAIC-NIR-H_TILE102158894-CUTOUT_272.8058821_65.6996119.fits,158.22174,-1.1723106697300478,0.06724954189603405,0.6184637914231504,596
MOSAIC-NIR-H_TILE102159194-CUTOUT_272.2690503_65.885435.fits,150.61142,-1.1730579935286751,0.06713391996368945,0.3471819153614063,994
MOSAIC-NIR-H_TILE102159491-CUTOUT_275.1595165_66.6363413.fits,148.19644,-1.1730731018718505,0.06713158453300487,0.6714795257401996,1539
MOSAIC-NIR-H_TILE102160338-CUTOUT_272.2164163_67.905774.fits,160.33098,-1.1731210089820268,0.06712417964306537,0.9325041804611223,2129
MOSAIC-NIR-H_TILE102158894-CUTOUT_273.388481_65.3696579.fits,153.81839,-1.1733542981295084,0.06708813235671962,0.4974528030674234,651
MOSAIC-NIR-H_TILE102159194-CUTOUT_273.0758107_66.1691465.fits,151.3797,-1.173385316116656,0.06708334098910218,0.5698947549656943,1060
MOSAIC-NIR-H_TILE102158276-CUTOUT_273.0020626_64.6631842.fits,149.96317,-1.1735718574133989,0.06705453305620793,0.8082880836942181,98
MOSAIC-NIR-H_TILE102160338-CUTOUT_271.9764247_68.2085051.fits,158.6411,-1.1738108142147556,0.0670176485686094,0.9630410717203437,2114
MOSAIC-NIR-H_TILE102158894-CUTOUT_273.6492273_65.7314634.fits,153.12025,-1.1746823369039068,0.06688329540908793,0.9495280696183089,672
MOSAIC-NIR-H_TILE102159779-CUTOUT_274.8023887_66.863415.fits,153.91411,-1.1752664424634665,0.06679340100213496,0.46319191475323146,1824
MOSAIC-NIR-H_TILE102158588-CUTOUT_273.0300135_65.2199131.fits,150.64372,-1.1753209678711105,0.06678501565772609,0.9739905538662825,271
MOSAIC-NIR-H_TILE102158894-CUTOUT_272.987175_65.5491219.fits,154.05995,-1.1759305878488575,0.06669133517126821,0.5550585549314128,615
MOSAIC-NIR-H_TILE102160610-CUTOUT_272.1980267_68.5105461.fits,150.95076,-1.1760451773200622,0.06667374084980367,0.5010093851964318,2355
MOSAIC-NIR-H_TILE102158590-CUTOUT_275.0476962_64.850919.fits,156.94884,-1.1760688018523902,0.0666701140638996,0.9705949491993597,375
MOSAIC-NIR-H_TILE102158277-CUTOUT_274.164274_64.2808733.fits,151.73143,-1.1763370149803754,0.06662895240984934,0.8515052184989788,154
MOSAIC-NIR-H_TILE102158895-CUTOUT_274.0192677_65.7173642.fits,153.02882,-1.1772235226582037,0.0664930841551939,0.25574547121542185,722
MOSAIC-NIR-H_TILE102160061-CUTOUT_273.1466662_67.5766954.fits,158.38667,-1.177306051661347,0.06648044967143299,0.8080416715763337,1977
MOSAIC-NIR-H_TILE102160610-CUTOUT_272.5275858_68.2633941.fits,162.56476,-1.1776440312469243,0.06642873293306677,0.4754770976993213,2386
MOSAIC-NIR-H_TILE102160611-CUTOUT_273.1093325_68.4911726.fits,167.69336,-1.1777913214278568,0.06640620756946153,1.0025961395873721,2439
MOSAIC-NIR-H_TILE102160061-CUTOUT_272.7893519_67.5439904.fits,154.07214,-1.178014057726699,0.06637215859758822,0.6840369543544488,1949
MOSAIC-NIR-H_TILE102159489-CUTOUT_272.3795165_66.5132504.fits,156.09157,-1.1781942424227012,0.0663446271248857,0.4164931170024753,1365
MOSAIC-NIR-H_TILE102160610-CUTOUT_272.7403821_68.4411536.fits,151.71924,-1.1782852737642961,0.06633072225674917,0.5827175802535101,2409
MOSAIC-NIR-H_TILE102158895-CUTOUT_274.587681_65.2829454.fits,156.14836,-1.1783481476343647,0.06632112009159036,0.7593216799929029,775
MOSAIC-NIR-H_TILE102158895-CUTOUT_274.8529382_65.3378231.fits,154.56917,-1.178432902780398,0.06630817839420049,0.694098550728304,802
MOSAIC-NIR-H_TILE102158590-CUTOUT_275.2645037_65.2374999.fits,158.85738,-1.1785164186339467,0.06629542840101327,0.42674786785233304,406
MOSAIC-NIR-H_TILE102159777-CUTOUT_272.3224334_67.1285165.fits,153.72475,-1.1791759069605643,0.06619483333492784,0.43751781184986716,1650
MOSAIC-NIR-H_TILE102159490-CUTOUT_274.3491966_66.4477059.fits,154.38118,-1.1796004046210418,0.06613016333636912,0.6370556537579811,1496
MOSAIC-NIR-H_TILE102159489-CUTOUT_272.4988771_66.3837002.fits,154.63315,-1.1796613563803087,0.06612088284323347,0.6873274341519383,1373
MOSAIC-NIR-H_TILE102160062-CUTOUT_273.6003179_67.4248692.fits,153.28563,-1.1803565115475134,0.06601513085131396,0.5634690232894738,2010
MOSAIC-NIR-H_TILE102158590-CUTOUT_275.6664892_65.0291153.fits,152.9291,-1.1806341776164442,0.06597293758339697,0.49130441277252235,486
MOSAIC-NIR-H_TILE102160061-CUTOUT_273.0975478_67.5653006.fits,155.30481,-1.180804480485191,0.0659470722353837,0.6426619088344432,1976
MOSAIC-NIR-H_TILE102159194-CUTOUT_272.7927229_66.1647227.fits,154.11658,-1.1809642562506146,0.06592281494821864,0.49424431751049835,1040
MOSAIC-NIR-H_TILE102158894-CUTOUT_273.4088319_65.5793876.fits,154.81158,-1.181085836765172,0.06590436247342704,0.5597386964533339,654
MOSAIC-NIR-H_TILE102159780-CUTOUT_276.2893232_66.7703796.fits,153.52226,-1.1815198572798988,0.06583853258524211,0.6309274684787142,1911
MOSAIC-NIR-H_TILE102159491-CUTOUT_275.0168524_66.3224761.fits,159.43246,-1.1816566659906644,0.06581779581197679,0.8871586412550918,1528
MOSAIC-NIR-H_TILE102160339-CUTOUT_272.4512826_67.9196957.fits,159.02698,-1.1816628849377981,0.06581685333059828,1.0264055587360101,2144
MOSAIC-NIR-H_TILE102159194-CUTOUT_272.2301454_65.9581435.fits,152.38213,-1.1817652454750716,0.06580134253119559,1.5830245615842498,987
MOSAIC-NIR-H_TILE102158589-CUTOUT_274.625467_64.8816379.fits,154.01775,-1.181798071767682,0.06579636910283429,0.734065169507321,341
MOSAIC-NIR-H_TILE102159194-CUTOUT_273.0143854_66.0713982.fits,154.63864,-1.181841066085636,0.06578985571132329,0.7438284602242764,1054
MOSAIC-NIR-H_TILE102160610-CUTOUT_272.8964896_68.260106.fits,152.27354,-1.1825449243847044,0.06568331686818177,0.2757419174945891,2428
MOSAIC-NIR-H_TILE102159778-CUTOUT_272.9111102_67.0391648.fits,152.51212,-1.18262871113712,0.06567064606254715,0.49562984203365185,1692
MOSAIC-NIR-H_TILE102158895-CUTOUT_273.9430478_65.5987347.fits,154.54778,-1.1829993741622735,0.06561462118381924,0.8984742133232716,711
MOSAIC-NIR-H_TILE102159489-CUTOUT_273.1050887_66.7368187.fits,153.23651,-1.1837365227469858,0.06550334484493955,0.4902740632693577,1426
MOSAIC-NIR-H_TILE102159491-CUTOUT_275.3974298_66.7243086.fits,153.23836,-1.184180912961358,0.06543635307118424,0.37705166390560324,1560
MOSAIC-NIR-H_TILE102159195-CUTOUT_273.3543886_66.221518.fits,155.7538,-1.1844208673152996,0.06540020846987563,0.6727509404095905,1092
MOSAIC-NIR-H_TILE102158894-CUTOUT_273.0387229_65.7235294.fits,157.18526,-1.1844721970757277,0.06539247920137711,1.3688292347305673,618
MOSAIC-NIR-H_TILE102158587-CUTOUT_272.1952914_64.9605834.fits,157.10599,-1.18458876770725,0.06537492931306776,0.9787797996460051,216
MOSAIC-NIR-H_TILE102158276-CUTOUT_272.8228656_64.673425.fits,154.09567,-1.1850606255704559,0.06530393849021436,0.72844575247151,86
MOSAIC-NIR-H_TILE102159778-CUTOUT_273.1133427_66.9163673.fits,151.2093,-1.1851759670529403,0.0652865971394523,0.6524974823647686,1703
MOSAIC-NIR-H_TILE102159779-CUTOUT_273.9908737_67.0907028.fits,156.7927,-1.1852395251096406,0.06527704328648828,0.4623696354379492,1772
MOSAIC-NIR-H_TILE102159195-CUTOUT_273.9319309_66.2360819.fits,155.81354,-1.185305578807427,0.06526711577788145,1.0395199371801955,1152
MOSAIC-NIR-H_TILE102158895-CUTOUT_274.7798146_65.5425554.fits,158.40073,-1.1855517841912784,0.06523012575852553,0.7671536996118251,791
MOSAIC-NIR-H_TILE102160061-CUTOUT_272.6470158_67.5015336.fits,152.81522,-1.1855671350271988,0.06522782013572213,0.6072057712453969,1935
MOSAIC-NIR-H_TILE102158276-CUTOUT_272.842919_64.7287637.fits,151.60875,-1.1858774917428052,0.06518122350321445,0.7894587424318739,87
MOSAIC-NIR-H_TILE102160063-CUTOUT_274.6043351_67.5273972.fits,151.55667,-1.1860565957976772,0.06515434815708379,0.4951579669161956,2055
MOSAIC-NIR-H_TILE102160061-CUTOUT_272.6894929_67.4769204.fits,149.65372,-1.1861135484816017,0.06514580448026189,1.2018359292854772,1939
MOSAIC-NIR-H_TILE102158589-CUTOUT_274.1590365_65.0641338.fits,157.43092,-1.1861620283265468,0.0651385327271966,0.5428147351758911,309
MOSAIC-NIR-H_TILE102159196-CUTOUT_274.4905013_65.815507.fits,151.6602,-1.1862630555712468,0.06512338171469882,0.5993870607699997,1203
MOSAIC-NIR-H_TILE102159780-CUTOUT_275.3761843_66.86948.fits,148.77023,-1.1866628557811847,0.06506345840861788,0.7536573115993455,1862
MOSAIC-NIR-H_TILE102160611-CUTOUT_273.6069417_68.5690677.fits,156.24965,-1.1872792691423655,0.06497117647062471,1.2151995654677497,2470
MOSAIC-NIR-H_TILE102159197-CUTOUT_275.5424281_65.8996432.fits,154.89064,-1.187541305268655,0.06493198725431991,0.46694943293409547,1283
MOSAIC-NIR-H_TILE102159779-CUTOUT_274.7448009_66.8199627.fits,156.8856,-1.1876672565744841,0.06491315882537231,1.2645250017690124,1818
MOSAIC-NIR-H_TILE102160339-CUTOUT_273.315881_68.1268668.fits,164.5636,-1.1876723897086952,0.06491239159023342,0.4217735523356289,2203
MOSAIC-NIR-H_TILE102158896-CUTOUT_275.7068274_65.6082673.fits,153.93237,-1.1880500987330722,0.06485596136035383,0.4945698873099081,918
MOSAIC-NIR-H_TILE102159489-CUTOUT_273.3043435_66.3082955.fits,155.64886,-1.1880746397469808,0.06485229659796977,1.4946176375656848,1436
MOSAIC-NIR-H_TILE102158893-CUTOUT_272.5243523_65.7236968.fits,157.793,-1.1881985216397875,0.06483380020933982,1.116541914639447,572
MOSAIC-NIR-H_TILE102158893-CUTOUT_272.003678_65.5010791.fits,157.87946,-1.188322162271139,0.06481534510256291,0.7331253798358741,542
MOSAIC-NIR-H_TILE102158278-CUTOUT_274.5737581_64.7522235.fits,149.42545,-1.1883510229517518,0.0648110379955237,0.38959191113713,194
MOSAIC-NIR-H_TILE102158896-CUTOUT_275.6959978_65.6274749.fits,154.88206,-1.188677970749275,0.0647622649788383,0.5165520485944933,915
MOSAIC-NIR-H_TILE102158896-CUTOUT_275.6585485_65.5264234.fits,154.80434,-1.1887253869155974,0.06475519463641331,0.42137202998097034,912
MOSAIC-NIR-H_TILE102158277-CUTOUT_273.9161466_64.6364911.fits,154.93843,-1.1887272864996805,0.06475491140079061,0.3498856089942761,133
MOSAIC-NIR-H_TILE102159195-CUTOUT_273.5075053_66.1918237.fits,149.31198,-1.188899295089972,0.0647292693629164,0.5589446137786906,1117
MOSAIC-NIR-H_TILE102158894-CUTOUT_273.6222897_65.7028265.fits,155.02861,-1.189229129563998,0.06468012796206091,0.5553415646634003,670
MOSAIC-NIR-H_TILE102160340-CUTOUT_274.4574848_67.8084581.fits,155.22957,-1.1897140015977246,0.06460795553979366,1.2447004958583952,2308
MOSAIC-NIR-H_TILE102158277-CUTOUT_274.2498498_64.427271.fits,158.48161,-1.189727977481173,0.06460587644653912,0.647869321309643,164
MOSAIC-NIR-H_TILE102159194-CUTOUT_273.0096123_65.8875279.fits,157.25952,-1.1897704362065291,0.06459956057287604,0.7408506997492287,1053
MOSAIC-NIR-H_TILE102159778-CUTOUT_273.0374179_67.0281943.fits,152.38065,-1.1898380765262062,0.06458950013035235,1.048054753887288,1700
MOSAIC-NIR-H_TILE102160061-CUTOUT_273.059347_67.3123492.fits,153.6683,-1.1900317887392649,0.06456069712783269,0.6990056627871575,1973
MOSAIC-NIR-H_TILE102158590-CUTOUT_275.0435526_64.8638774.fits,152.12218,-1.190192442194004,0.06453681936441359,0.7951336875952711,374
MOSAIC-NIR-H_TILE102158896-CUTOUT_275.9392243_65.4030348.fits,147.78168,-1.1903402216992764,0.06451486284140717,0.8322401053327059,945
MOSAIC-NIR-H_TILE102159778-CUTOUT_272.8419468_66.8759244.fits,155.10646,-1.190406084240017,0.06450507963950639,0.30650627797198676,1687
MOSAIC-NIR-H_TILE102158894-CUTOUT_273.6164288_65.6765096.fits,148.62323,-1.1906269587160252,0.06447228184019421,0.8594313312696016,669
MOSAIC-NIR-H_TILE102158278-CUTOUT_274.5452037_64.7208676.fits,149.99878,-1.1906396505476833,0.06447039772831771,0.3983863232116023,192
MOSAIC-NIR-H_TILE102159778-CUTOUT_273.5969063_66.9642026.fits,149.55298,-1.1906957661962903,0.06446206797830815,0.8968837519970526,1743
MOSAIC-NIR-H_TILE102160340-CUTOUT_273.8869366_68.088683.fits,159.28558,-1.1907849634748873,0.06444882983955028,0.9725689053899408,2257
MOSAIC-NIR-H_TILE102159489-CUTOUT_272.624882_66.2627471.fits,154.90764,-1.1909294098809218,0.06442739771400242,0.3419250146581413,1388
MOSAIC-NIR-H_TILE102158590-CUTOUT_275.4077796_65.1697696.fits,149.86174,-1.191058671403928,0.06440822467665258,0.4437724306828701,422
MOSAIC-NIR-H_TILE102159489-CUTOUT_272.4655679_66.3165583.fits,154.65816,-1.1911030565308147,0.0644016424582152,1.2551650433243298,1372
MOSAIC-NIR-H_TILE102158589-CUTOUT_274.5960594_65.0337088.fits,155.7652,-1.1912312567632328,0.06438263441782396,0.8385613835171251,337
MOSAIC-NIR-H_TILE102159491-CUTOUT_275.9463549_66.4586022.fits,153.33597,-1.1915109479660455,0.06434118452609505,0.4989449887553346,1587
MOSAIC-NIR-H_TILE102158590-CUTOUT_275.2703828_65.1689141.fits,155.58183,-1.1916004059631562,0.0643279325945756,0.5606865607018147,407
MOSAIC-NIR-H_TILE102158896-CUTOUT_275.355374_65.4360023.fits,158.54436,-1.1917287127385516,0.06430893053298768,0.5653429352652505,865
MOSAIC-NIR-H_TILE102158278-CUTOUT_274.3978879_64.7329447.fits,152.31332,-1.191770158106512,0.06430279372898241,0.5907057395568432,178
MOSAIC-NIR-H_TILE102158590-CUTOUT_275.0232511_65.2200379.fits,154.42827,-1.191997772975137,0.06426910129729743,0.6311759423698418,371
MOSAIC-NIR-H_TILE102158277-CUTOUT_273.7367881_64.5818265.fits,159.52083,-1.1921863409791813,0.0642412021044218,0.9592140157720738,122
MOSAIC-NIR-H_TILE102158277-CUTOUT_274.2668573_64.2657325.fits,151.19,-1.1926171134009653,0.06417751347967039,0.3369715200327266,165
MOSAIC-NIR-H_TILE102158588-CUTOUT_273.0140713_65.0453593.fits,154.18135,-1.1927100129595067,0.06416378679122609,0.6103776644235037,270
MOSAIC-NIR-H_TILE102159196-CUTOUT_274.5355166_65.8925966.fits,151.77562,-1.1927502664378344,0.06415783991412875,0.6785837428182807,1208
MOSAIC-NIR-H_TILE102158896-CUTOUT_275.2329902_65.3371744.fits,146.80034,-1.1930119562806663,0.06411919241017582,1.269844825711312,843
MOSAIC-NIR-H_TILE102158894-CUTOUT_273.6593389_65.7055775.fits,151.529,-1.1934740487978,0.06405100540089019,0.6370609075002922,677
MOSAIC-NIR-H_TILE102159489-CUTOUT_273.0264169_66.3494652.fits,153.18353,-1.1936648168564863,0.06402287655461848,0.3451090648756686,1420
MOSAIC-NIR-H_TILE102158587-CUTOUT_272.2842816_64.8054003.fits,146.84546,-1.1940407231974395,0.06396748512376126,0.2746433240260485,222
MOSAIC-NIR-H_TILE102158277-CUTOUT_273.9601623_64.695603.fits,154.93976,-1.1940896033970647,0.06396028593606606,1.1588308977242288,135
MOSAIC-NIR-H_TILE102159489-CUTOUT_273.4332955_66.6202035.fits,154.3522,-1.1941095809855458,0.06395734382435056,0.9316541073588236,1440
MOSAIC-NIR-H_TILE102159195-CUTOUT_273.8123007_65.8156552.fits,156.19655,-1.1943301885006512,0.06392486381755447,0.5591719076342268,1138
MOSAIC-NIR-H_TILE102158278-CUTOUT_274.5663787_64.530709.fits,153.57396,-1.1945318281049049,0.0638951908814982,0.3605933429872625,193
MOSAIC-NIR-H_TILE102158589-CUTOUT_274.1655778_64.8859445.fits,150.07701,-1.194696629033548,0.06387094929062585,0.9791850356707253,311
MOSAIC-NIR-H_TILE102160339-CUTOUT_273.289758_67.7645592.fits,149.85199,-1.1947915077665374,0.06385699716115671,0.7384942532529366,2199
MOSAIC-NIR-H_TILE102160339-CUTOUT_273.5917685_67.8348063.fits,152.11623,-1.1952175492973611,0.06379438436281255,0.34670314504497507,2227
MOSAIC-NIR-H_TILE102160611-CUTOUT_273.1364299_68.6147078.fits,156.83368,-1.1953605587495821,0.06377338087690226,0.6357004627789926,2443
MOSAIC-NIR-H_TILE102159489-CUTOUT_272.3618737_66.5143687.fits,152.62312,-1.195436197050619,0.06376227484090859,0.4907965220116625,1362
MOSAIC-NIR-H_TILE102159197-CUTOUT_275.6033475_66.0062241.fits,151.43794,-1.1954395447178587,0.06376178334478137,0.35696156406609353,1289
MOSAIC-NIR-H_TILE102158588-CUTOUT_272.5536095_65.1918562.fits,151.57854,-1.1956839783382769,0.06372590644782476,0.8101083136560434,241
MOSAIC-NIR-H_TILE102159778-CUTOUT_273.649007_67.2242668.fits,149.93774,-1.195982153022026,0.06368216900388339,0.3391612146417352,1745
MOSAIC-NIR-H_TILE102159780-CUTOUT_275.2868824_67.1407461.fits,154.35834,-1.1968357099874558,0.0635571317756632,0.6230957570853626,1856
MOSAIC-NIR-H_TILE102159194-CUTOUT_273.0178346_65.8911836.fits,151.78668,-1.196908456734045,0.06354648649340376,0.8694541680025983,1056
MOSAIC-NIR-H_TILE102160338-CUTOUT_272.2823067_68.2259249.fits,163.08344,-1.1970083354338854,0.0635318738033084,1.0124562906510104,2137
MOSAIC-NIR-H_TILE102158894-CUTOUT_273.3403001_65.5817041.fits,152.95491,-1.1970527460763436,0.06352537741159076,0.34738195129808225,645
MOSAIC-NIR-H_TILE102160062-CUTOUT_274.4661227_67.6553157.fits,152.61555,-1.1971461812600996,0.06351171187561205,0.7778894523399433,2048
MOSAIC-NIR-H_TILE102158894-CUTOUT_273.8188151_65.4288583.fits,155.83661,-1.1975756399039137,0.06344893840448133,0.8251327421636936,699
MOSAIC-NIR-H_TILE102159777-CUTOUT_272.5797941_66.937912.fits,148.33711,-1.197772269828869,0.0634202179471581,0.3233352035105063,1668
MOSAIC-NIR-H_TILE102158895-CUTOUT_273.9614477_65.7180498.fits,152.05515,-1.1985138533225275,0.06331201658342606,0.30391859761015666,713
MOSAIC-NIR-H_TILE102159195-CUTOUT_273.9746678_65.9442952.fits,153.12071,-1.1986464811737443,0.06329268487409352,0.9740313566729059,1156
MOSAIC-NIR-H_TILE102158894-CUTOUT_272.97176_65.3157955.fits,154.68547,-1.1987497967966172,0.06327762977740375,0.6805011242559644,614
MOSAIC-NIR-H_TILE102159491-CUTOUT_275.7468853_66.3717832.fits,152.08089,-1.1987774410775915,0.0632736020750548,0.6137027042678173,1577
MOSAIC-NIR-H_TILE102160611-CUTOUT_273.7614718_68.5536509.fits,157.148,-1.1990852905212397,0.06322876650405476,0.6833551067686039,2480
MOSAIC-NIR-H_TILE102159195-CUTOUT_273.2730951_66.2217596.fits,150.01003,-1.1994698634491199,0.06317280146198022,0.3248219694305158,1083
MOSAIC-NIR-H_TILE102159780-CUTOUT_275.2409301_66.8940716.fits,146.50891,-1.2000088098083497,0.063094454542993,0.7191696533405292,1855
MOSAIC-NIR-H_TILE102159491-CUTOUT_275.66271_66.3312469.fits,150.74399,-1.200430667216154,0.0630331967075352,0.6324916753132511,1572
MOSAIC-NIR-H_TILE102159195-CUTOUT_273.4084722_66.1789763.fits,154.20653,-1.2005708183882784,0.06301285854648514,0.4213643462208856,1103
MOSAIC-NIR-H_TILE102158278-CUTOUT_274.3340504_64.6466684.fits,152.85979,-1.200586167588717,0.0630106315324548,0.6093069879237508,173
MOSAIC-NIR-H_TILE102160061-CUTOUT_272.7987796_67.6404354.fits,153.69815,-1.2015629599963509,0.06286907057487474,0.31911331624055916,1951
MOSAIC-NIR-H_TILE102159197-CUTOUT_275.6112447_65.8682582.fits,154.08653,-1.2016353199567626,0.06285859651939896,0.5582936474417228,1291
MOSAIC-NIR-H_TILE102160339-CUTOUT_272.649562_67.9805406.fits,156.12854,-1.201910679125539,0.06281875441781723,1.1344192443010834,2157
MOSAIC-NIR-H_TILE102158896-CUTOUT_275.3090198_65.4093893.fits,149.26207,-1.202222982508668,0.06277359736850831,0.47064913278660925,856
MOSAIC-NIR-H_TILE102159489-CUTOUT_273.0620944_66.3469537.fits,150.63904,-1.2022994074169606,0.06276255176574336,0.399594065063066,1423
MOSAIC-NIR-H_TILE102158587-CUTOUT_272.2227542_65.222985.fits,155.5646,-1.2025601905303733,0.06272487571595094,0.6991209242780472,218
MOSAIC-NIR-H_TILE102158590-CUTOUT_275.6528652_64.945103.fits,151.49464,-1.2025998908586475,0.0627191420848656,0.5582034313016322,481
MOSAIC-NIR-H_TILE102159196-CUTOUT_274.4657416_65.9038427.fits,155.42978,-1.202657715228206,0.06271079186727585,0.6141360954828045,1199
MOSAIC-NIR-H_TILE102160611-CUTOUT_273.5273149_68.3772422.fits,150.81468,-1.2027659098808012,0.06269517083700336,0.6942200820234817,2468
MOSAIC-NIR-H_TILE102158894-CUTOUT_273.230449_65.3377195.fits,151.84798,-1.2027919372370308,0.06269141361530822,0.671279699999772,633
MOSAIC-NIR-H_TILE102159490-CUTOUT_274.4530559_66.4686483.fits,152.73653,-1.2031673938307264,0.06263723900794341,0.8340581241969639,1503
MOSAIC-NIR-H_TILE102159779-CUTOUT_274.1617595_66.7647751.fits,153.17247,-1.2033989649328498,0.06260384897272978,0.570368514912152,1787
MOSAIC-NIR-H_TILE102160340-CUTOUT_274.4385914_68.0642982.fits,153.38785,-1.2036249929249314,0.06257127535902803,0.6655552546191695,2307
MOSAIC-NIR-H_TILE102159490-CUTOUT_274.3398714_66.5142142.fits,150.1561,-1.2037067120404108,0.06255950272904938,0.8553342103187337,1495
MOSAIC-NIR-H_TILE102158589-CUTOUT_274.6005842_64.765781.fits,152.88638,-1.2039673437055212,0.06252197037141113,0.28667078768035964,338
MOSAIC-NIR-H_TILE102158588-CUTOUT_273.1121049_65.0996846.fits,150.19312,-1.2041026338760281,0.06250249673999159,0.5387174579552116,278
MOSAIC-NIR-H_TILE102160610-CUTOUT_272.4200879_68.529488.fits,153.64743,-1.2041891141442773,0.06249005197088172,0.3069438932717477,2369
MOSAIC-NIR-H_TILE102159779-CUTOUT_274.8783807_67.0255318.fits,152.56644,-1.2042423145483445,0.06248239750475551,0.6834088685880007,1831
MOSAIC-NIR-H_TILE102158896-CUTOUT_275.7146708_65.6027911.fits,152.13503,-1.2042552379961162,0.06248053822258587,0.552965122111213,921
MOSAIC-NIR-H_TILE102160340-CUTOUT_274.340799_67.9526421.fits,154.6752,-1.2044277365874543,0.06245572633772618,0.9638621634539761,2297
MOSAIC-NIR-H_TILE102160610-CUTOUT_272.9399593_68.6736218.fits,154.58525,-1.2044727168570637,0.06244925807701413,1.0377285259676592,2431
MOSAIC-NIR-H_TILE102159196-CUTOUT_274.4842591_65.8407355.fits,152.85,-1.2044820861887269,0.06244791083102321,0.7912863963027046,1201
MOSAIC-NIR-H_TILE102160062-CUTOUT_273.3783292_67.6372114.fits,156.91873,-1.2047040815515069,0.062415997913324146,0.6419472377665664,1994
MOSAIC-NIR-H_TILE102158894-CUTOUT_273.0942251_65.6174879.fits,158.96365,-1.20470781487828,0.06241546136882672,0.3440264953054592,622
MOSAIC-NIR-H_TILE102159194-CUTOUT_272.4706899_66.2503927.fits,150.70457,-1.2047264075767194,0.06241278934083819,0.3521253706518485,1009
MOSAIC-NIR-H_TILE102159778-CUTOUT_273.563369_67.097579.fits,153.57321,-1.205286868256762,0.062332297060638045,0.4801472698684307,1738
MOSAIC-NIR-H_TILE102158896-CUTOUT_276.1763002_65.5060592.fits,150.78827,-1.2053798163331815,0.06231895807657672,1.0996845532616948,956
MOSAIC-NIR-H_TILE102160610-CUTOUT_272.3324407_68.5445989.fits,152.35909,-1.2054813901008634,0.06230438448318021,0.4913650928043055,2360
MOSAIC-NIR-H_TILE102159488-CUTOUT_272.0516871_66.7251189.fits,151.96365,-1.20558142912808,0.06229003442241707,0.35273250814882007,1347
MOSAIC-NIR-H_TILE102160339-CUTOUT_273.0842992_67.7780341.fits,150.02307,-1.2057052348167603,0.06227227973795019,0.34656362717183553,2177
MOSAIC-NIR-H_TILE102160611-CUTOUT_273.4336366_68.3815323.fits,150.95514,-1.2059760563424553,0.06223345949665117,0.4001701250614623,2462
MOSAIC-NIR-H_TILE102159780-CUTOUT_276.104509_66.7582734.fits,153.53265,-1.2061863179323502,0.06220333675827759,0.32142425491424903,1910
MOSAIC-NIR-H_TILE102159195-CUTOUT_273.1282684_66.0830953.fits,153.57616,-1.2062706588539076,0.062191257909529514,0.41847897488579794,1066
MOSAIC-NIR-H_TILE102158278-CUTOUT_274.4062104_64.6086275.fits,150.48236,-1.2062810677481757,0.06218976736682757,0.6156572871960664,180
MOSAIC-NIR-H_TILE102159492-CUTOUT_276.0760292_66.6751773.fits,166.0838,-1.2064717446812392,0.06216246895106612,0.8898058563944532,1594
MOSAIC-NIR-H_TILE102160061-CUTOUT_272.7726638_67.2829702.fits,151.93881,-1.2065387302616004,0.06215288175131446,0.4642387226838788,1946
MOSAIC-NIR-H_TILE102159778-CUTOUT_273.2088605_67.1264338.fits,148.62614,-1.2067752069234776,0.062119048244708965,0.991994152058974,1707
MOSAIC-NIR-H_TILE102158276-CUTOUT_273.1088659_64.3441436.fits,152.38652,-1.2067801739149489,0.062118337798154157,0.4605135917131549,104
MOSAIC-NIR-H_TILE102159490-CUTOUT_274.113971_66.5905729.fits,161.29134,-1.2070722039209345,0.06207658198117829,0.8663000229055465,1484
MOSAIC-NIR-H_TILE102158895-CUTOUT_274.9982647_65.2799264.fits,158.21585,-1.2073540334734996,0.062036311287665555,0.9355154347121655,819
MOSAIC-NIR-H_TILE102160340-CUTOUT_274.4251294_68.0512342.fits,153.2275,-1.2074572589047299,0.06202156791818716,0.6125103532565491,2306
MOSAIC-NIR-H_TILE102158278-CUTOUT_274.4185742_64.4647188.fits,155.28456,-1.2074717111839743,0.06201950402342909,0.6184184872567039,182
MOSAIC-NIR-H_TILE102159778-CUTOUT_273.9349921_67.1022486.fits,149.54959,-1.2078396031063785,0.06196698939500423,0.3903631161882498,1763
MOSAIC-NIR-H_TILE102159778-CUTOUT_273.4729166_67.1845065.fits,150.63052,-1.208168826370776,0.061920032215696766,1.6242391055943595,1731
MOSAIC-NIR-H_TILE102160061-CUTOUT_272.9147943_67.3447021.fits,150.80518,-1.208242707344693,0.0619094994473125,0.6047456856278998,1961
MOSAIC-NIR-H_TILE102158896-CUTOUT_275.6689866_65.6131312.fits,158.29147,-1.2087979248080554,0.06183040271905205,0.6948776238340001,914
MOSAIC-NIR-H_TILE102159194-CUTOUT_272.8124116_65.8390504.fits,149.88103,-1.2091429600719261,0.06178129963822302,0.8870071442280262,1041
MOSAIC-NIR-H_TILE102159489-CUTOUT_273.3730945_66.5581163.fits,155.77574,-1.2092124635912753,0.06177141308808352,0.8377452708098186,1439
MOSAIC-NIR-H_TILE102158894-CUTOUT_273.1319101_65.2917087.fits,155.03555,-1.209606215667845,0.06171543356152642,0.23954781678044745,625
MOSAIC-NIR-H_TILE102160061-CUTOUT_272.7544305_67.4883985.fits,147.06992,-1.2096183248001098,0.06171371281682324,0.8769744721625948,1944
MOSAIC-NIR-H_TILE102158276-CUTOUT_272.4849846_64.6348689.fits,153.66492,-1.2099517594496365,0.06166634957879363,0.49615689907079963,75
MOSAIC-NIR-H_TILE102159489-CUTOUT_273.1436597_66.6108447.fits,153.77441,-1.210207413113375,0.06163005948174502,1.145096231986412,1428
MOSAIC-NIR-H_TILE102160061-CUTOUT_272.07113_67.3589433.fits,153.40945,-1.2102995668970329,0.06161698346793055,0.3945769599734345,1916
MOSAIC-NIR-H_TILE102158588-CUTOUT_273.4456019_65.1760648.fits,151.35504,-1.2104691987245064,0.06159292108413661,0.5872918942009719,289
MOSAIC-NIR-H_TILE102158590-CUTOUT_275.6385724_65.0796892.fits,153.30513,-1.210504017739176,0.06158798314699044,0.46239819289569706,476
MOSAIC-NIR-H_TILE102160062-CUTOUT_273.6474006_67.5035955.fits,154.50107,-1.2106454947603078,0.06156792333578408,0.5012894679534375,2013
MOSAIC-NIR-H_TILE102159196-CUTOUT_274.3113603_66.0067836.fits,150.01674,-1.2107021589198217,0.061559890843564995,0.49740809740177844,1185
MOSAIC-NIR-H_TILE102159489-CUTOUT_273.2751633_66.6657454.fits,151.9057,-1.210972127639364,0.06152163550947323,1.1716305884889893,1435
MOSAIC-NIR-H_TILE102158588-CUTOUT_273.2925357_64.9583177.fits,154.92276,-1.211018207827068,0.06151510819163342,0.44946516659485514,282
MOSAIC-NIR-H_TILE102160063-CUTOUT_275.5274551_67.3788716.fits,152.45221,-1.2111187606448608,0.06150086716001165,0.3990242751377892,2104
MOSAIC-NIR-H_TILE102159197-CUTOUT_275.5808636_65.9736563.fits,149.56781,-1.2116629675490385,0.061423849751696014,0.7172624019879044,1287
MOSAIC-NIR-H_TILE102159488-CUTOUT_271.9060648_66.5788194.fits,151.54578,-1.2117568576870812,0.06141057196295262,0.8339584455945072,1333
MOSAIC-NIR-H_TILE102158894-CUTOUT_273.0772664_65.665239.fits,156.25827,-1.2117605023286862,0.06141005660161202,0.815707301550501,620
MOSAIC-NIR-H_TILE102159489-CUTOUT_272.7843248_66.2873333.fits,152.27713,-1.211797481751902,0.061404827864227185,0.28575444156129903,1400
MOSAIC-NIR-H_TILE102159196-CUTOUT_274.6588977_65.9116802.fits,164.11351,-1.2123169545380823,0.0613314235987255,0.7540388344188457,1224
MOSAIC-NIR-H_TILE102158590-CUTOUT_275.6614463_65.2085212.fits,153.06029,-1.2124495057972127,0.06131270745731957,0.42405073271809435,485
MOSAIC-NIR-H_TILE102158587-CUTOUT_271.9039054_64.8136744.fits,158.67815,-1.2135652985686682,0.061155384555084895,0.7637901145760391,205
MOSAIC-NIR-H_TILE102159780-CUTOUT_275.7339519_66.8010859.fits,156.3661,-1.2136331458165048,0.06114583135876798,0.32104032018766687,1888
MOSAIC-NIR-H_TILE102158895-CUTOUT_274.7859842_65.4507721.fits,153.47946,-1.2136747157112198,0.061139978868736185,0.9315721364205793,793
MOSAIC-NIR-H_TILE102158894-CUTOUT_273.6956274_65.28664.fits,154.62079,-1.2138529616105975,0.061114890559125286,0.6664266302021553,680
MOSAIC-NIR-H_TILE102160610-CUTOUT_272.4412219_68.4725005.fits,152.37476,-1.2142679184463239,0.0610565247932838,0.9790465091594568,2373
MOSAIC-NIR-H_TILE102160611-CUTOUT_272.9948431_68.4780505.fits,154.15813,-1.214473234667444,0.06102766665045288,0.5556540812823104,2434
MOSAIC-NIR-H_TILE102160060-CUTOUT_271.8156828_67.5857054.fits,154.8956,-1.2145031337757493,0.06102346533065203,0.9150033472412373,1912
MOSAIC-NIR-H_TILE102158590-CUTOUT_275.1034755_64.9077751.fits,159.66895,-1.2146998466018986,0.06099583113169066,0.41329508105591695,382
MOSAIC-NIR-H_TILE102158896-CUTOUT_275.1478561_65.7365814.fits,152.55284,-1.2147419478907648,0.06098991837262114,0.49985878239120884,836
MOSAIC-NIR-H_TILE102158894-CUTOUT_273.8263336_65.6314369.fits,152.83888,-1.2147974568114268,0.06098212350454378,0.4853807505014134,700
MOSAIC-NIR-H_TILE102159492-CUTOUT_276.3624275_66.4638566.fits,152.81157,-1.214913243698496,0.060965867278938934,0.7865946909613128,1607
MOSAIC-NIR-H_TILE102159779-CUTOUT_274.0859283_67.1403757.fits,155.39796,-1.2161356915097978,0.06079450244999808,0.49607006582398344,1780
MOSAIC-NIR-H_TILE102159491-CUTOUT_275.4698952_66.3540132.fits,155.4192,-1.2161978042188573,0.06078580825427613,0.5531197933784167,1563
MOSAIC-NIR-H_TILE102158895-CUTOUT_274.591374_65.6485469.fits,150.80864,-1.2163028995337875,0.06077110042114773,0.49225022919097866,776
MOSAIC-NIR-H_TILE102158894-CUTOUT_273.7473646_65.5645679.fits,148.08372,-1.2163679707554083,0.06076199564622748,0.39562086561836357,687
MOSAIC-NIR-H_TILE102159779-CUTOUT_273.9953923_67.1454037.fits,152.70667,-1.2167202356204714,0.060712730369548266,0.7791565351469858,1774
MOSAIC-NIR-H_TILE102158590-CUTOUT_275.636312_64.9838844.fits,156.69601,-1.2172698501643466,0.060635944927065435,0.6013591539462614,475
MOSAIC-NIR-H_TILE102160063-CUTOUT_275.113146_67.3292164.fits,153.34177,-1.2175302117919053,0.060599604281167625,1.108016292373268,2081
MOSAIC-NIR-H_TILE102159195-CUTOUT_273.1662306_66.2063443.fits,152.52617,-1.2180024500985949,0.06053374596963781,0.21229505755385017,1070
MOSAIC-NIR-H_TILE102158895-CUTOUT_274.9689357_65.6760332.fits,150.38463,-1.2188720980942813,0.06041265214742154,0.8746656441585295,816
MOSAIC-NIR-H_TILE102160611-CUTOUT_274.0804355_68.586495.fits,152.2818,-1.2190504962572146,0.06038784111864375,0.3493226538223305,2493
MOSAIC-NIR-H_TILE102159196-CUTOUT_274.8387942_66.1435946.fits,158.76631,-1.2195312157785632,0.06032103494263189,0.27985214641714923,1235
MOSAIC-NIR-H_TILE102158896-CUTOUT_275.2595697_65.3246169.fits,149.63162,-1.2196153971043053,0.060309343768099405,0.28474036825756377,849
MOSAIC-NIR-H_TILE102158590-CUTOUT_275.016027_65.2258409.fits,154.87471,-1.2199065995244365,0.06026891880068349,0.8358668666889094,370
MOSAIC-NIR-H_TILE102160340-CUTOUT_274.5327318_67.9125299.fits,156.74194,-1.2200013788160629,0.06025576730463275,0.4602625149646981,2315
MOSAIC-NIR-H_TILE102159489-CUTOUT_272.5492625_66.3591627.fits,150.04381,-1.220164727890054,0.060233107857216285,0.6966636411352444,1379
MOSAIC-NIR-H_TILE102160339-CUTOUT_273.2051754_67.9859831.fits,156.78404,-1.2205024493454983,0.060186286848788746,0.4251498020032166,2191
MOSAIC-NIR-H_TILE102158590-CUTOUT_274.8676073_65.0693078.fits,151.84096,-1.2205360290426326,0.06018163341837038,0.6115702460281305,356
MOSAIC-NIR-H_TILE102157960-CUTOUT_274.0282835_64.2087109.fits,154.25035,-1.2205719528089722,0.06017665554825277,0.5466397227371357,50
MOSAIC-NIR-H_TILE102158894-CUTOUT_273.6985408_65.6439033.fits,149.84189,-1.2205834789013097,0.06017505849253744,0.6414603095364204,681
MOSAIC-NIR-H_TILE102158278-CUTOUT_274.5832063_64.4867262.fits,156.55081,-1.220633268226718,0.06016816016902916,0.5212095404097035,195
MOSAIC-NIR-H_TILE102158590-CUTOUT_275.7988608_64.9731568.fits,153.35298,-1.2206735562150735,0.06016257883699478,0.6145760803418032,500
MOSAIC-NIR-H_TILE102158894-CUTOUT_272.8776251_65.4334779.fits,155.78177,-1.2210168112719486,0.060115046686851144,0.388871554393948,606
MOSAIC-NIR-H_TILE102159491-CUTOUT_274.952543_66.6049228.fits,152.20523,-1.2211393182690644,0.060098091658513736,0.39388551328954835,1523
MOSAIC-NIR-H_TILE102158895-CUTOUT_273.9072916_65.5843217.fits,151.05983,-1.2211439409091955,0.060097451976492966,0.7682450063794128,708
MOSAIC-NIR-H_TILE102158589-CUTOUT_274.2609189_65.0146472.fits,151.55202,-1.2212913948642319,0.060077050835904755,0.5381373523982886,320
MOSAIC-NIR-H_TILE102159492-CUTOUT_276.312859_66.3131641.fits,154.5866,-1.2213488869920492,0.060069098331276646,0.706576753266058,1604
MOSAIC-NIR-H_TILE102158588-CUTOUT_273.072963_65.171104.fits,157.37305,-1.2214228279043735,0.06005887212293218,0.34387209942246694,275
MOSAIC-NIR-H_TILE102159195-CUTOUT_273.7654383_66.0834785.fits,155.52107,-1.2215089670698291,0.060046961061850264,0.39899723528310915,1135
MOSAIC-NIR-H_TILE102159778-CUTOUT_273.9641802_66.9313488.fits,148.06679,-1.221533652642228,0.06004354805169256,0.34367261034692953,1769
MOSAIC-NIR-H_TILE102158590-CUTOUT_274.9527953_65.0506235.fits,159.57957,-1.2215353039766144,0.06004331974626571,0.5479983735339855,364
MOSAIC-NIR-H_TILE102159194-CUTOUT_272.1993212_65.9292426.fits,152.6921,-1.2216183455873244,0.06003183993814981,0.5679754915532911,985
MOSAIC-NIR-H_TILE102159194-CUTOUT_272.9936913_65.8019431.fits,151.84203,-1.221723023214595,0.0600173722587856,0.4903900250673215,1050
MOSAIC-NIR-H_TILE102160340-CUTOUT_274.5592056_67.7802033.fits,154.21004,-1.2217796628491102,0.06000954544883914,0.6898987204775255,2317
MOSAIC-NIR-H_TILE102160611-CUTOUT_274.0119423_68.448647.fits,155.63504,-1.2219536162270404,0.05998551389133856,0.3403821090924023,2488
MOSAIC-NIR-H_TILE102160610-CUTOUT_272.6867088_68.457639.fits,160.6631,-1.2220193780096802,0.05997643144649064,0.374530487844584,2405
MOSAIC-NIR-H_TILE102158893-CUTOUT_271.8988014_65.6014663.fits,160.95296,-1.2220333305666742,0.0599745046176435,0.9032432301709444,537
MOSAIC-NIR-H_TILE102159777-CUTOUT_272.2308773_67.1250312.fits,151.40933,-1.2221476186781774,0.059958723917349334,0.5609283867939334,1645
MOSAIC-NIR-H_TILE102158277-CUTOUT_274.2245377_64.7097259.fits,155.93839,-1.2221599029114991,0.05995702797929747,0.5135194991147084,162
MOSAIC-NIR-H_TILE102158896-CUTOUT_276.0970489_65.7270988.fits,155.30525,-1.2225378865288157,0.0599048677148446,0.48844192723820057,953
MOSAIC-NIR-H_TILE102160611-CUTOUT_273.2381864_68.3588972.fits,167.7112,-1.2226926245103287,0.05988352756999894,1.0581817453103632,2448
MOSAIC-NIR-H_TILE102158896-CUTOUT_275.3588336_65.4013064.fits,153.14244,-1.2227999461316374,0.059868731150712694,0.34695958730100535,868
MOSAIC-NIR-H_TILE102159491-CUTOUT_274.7788334_66.6476904.fits,154.37325,-1.2228988313256497,0.059855101096887624,0.4511697340965036,1514
MOSAIC-NIR-H_TILE102158894-CUTOUT_273.791037_65.6228201.fits,159.9448,-1.2231568680321252,0.059819548663169235,0.9950132174741287,693
MOSAIC-NIR-H_TILE102158896-CUTOUT_275.2829597_65.2759885.fits,151.41783,-1.2232046599298794,0.059812966188431085,0.2772368493478643,852
MOSAIC-NIR-H_TILE102158588-CUTOUT_272.5026765_65.1175422.fits,157.06071,-1.2233791324189045,0.05978894188788951,1.3513498374217188,237
MOSAIC-NIR-H_TILE102159197-CUTOUT_275.951531_66.2391409.fits,161.33275,-1.2234000449581914,0.05978606294619206,0.663546829531652,1311
MOSAIC-NIR-H_TILE102158895-CUTOUT_274.9149576_65.3466372.fits,157.62506,-1.2236963867887487,0.059745281704909364,0.3741791233193254,808
MOSAIC-NIR-H_TILE102158591-CUTOUT_276.039941_65.1022864.fits,153.35333,-1.2245659110827287,0.05962578213760976,0.6371356691101714,524
MOSAIC-NIR-H_TILE102160610-CUTOUT_272.6133782_68.4399691.fits,149.47757,-1.2249038189902717,0.059579407643005976,0.4202644475590262,2394
MOSAIC-NIR-H_TILE102159491-CUTOUT_275.3819384_66.6604965.fits,152.87411,-1.2249401323844276,0.05957442613816415,0.48324179461320976,1557
MOSAIC-NIR-H_TILE102158896-CUTOUT_275.1392642_65.5742355.fits,152.50746,-1.2250523377366906,0.059559036336306284,0.9544710366425225,835
MOSAIC-NIR-H_TILE102158894-CUTOUT_273.4089139_65.6808698.fits,155.29721,-1.2250987763188095,0.05955266810128021,1.351457716708194,655
MOSAIC-NIR-H_TILE102160340-CUTOUT_274.589378_68.1679223.fits,161.67656,-1.2252442000051664,0.05953273020410138,1.110629742022519,2318
MOSAIC-NIR-H_TILE102158893-CUTOUT_272.505469_65.3251258.fits,156.40723,-1.2255106284713317,0.05949621960949915,0.3224811611252944,571
MOSAIC-NIR-H_TILE102159778-CUTOUT_273.954293_67.0484781.fits,157.97333,-1.2258258237330097,0.05945305506599891,0.6806842494253859,1766
MOSAIC-NIR-H_TILE102158276-CUTOUT_272.117081_64.4361337.fits,157.29898,-1.2260115824040734,0.059427630936945294,0.8585210920755406,63
MOSAIC-NIR-H_TILE102159777-CUTOUT_272.4916158_66.8607625.fits,148.63963,-1.2260764708693368,0.05941875244582139,0.549019737511668,1664
MOSAIC-NIR-H_TILE102159196-CUTOUT_274.3407695_66.076643.fits,151.14693,-1.2263496644210699,0.05938138675012932,0.6459579777903439,1186
MOSAIC-NIR-H_TILE102159195-CUTOUT_273.3568034_66.2101498.fits,156.8866,-1.2270600311112276,0.05928433721083775,0.4221777641628157,1093
MOSAIC-NIR-H_TILE102157959-CUTOUT_273.6116663_64.1789076.fits,148.71074,-1.2270896155719182,0.05928029885557444,0.3195025535845775,40
MOSAIC-NIR-H_TILE102158277-CUTOUT_274.220505_64.624707.fits,155.61676,-1.227585779873545,0.059212612126315615,0.6725402443776416,161
MOSAIC-NIR-H_TILE102160610-CUTOUT_272.458741_68.3675512.fits,155.58923,-1.2281120789433393,0.05914089887905884,0.7317272783592313,2376
MOSAIC-NIR-H_TILE102160062-CUTOUT_274.2920715_67.4322913.fits,152.98634,-1.228228793672555,0.05912500715847438,0.6780347086479185,2044
MOSAIC-NIR-H_TILE102160339-CUTOUT_273.3907235_68.1432034.fits,152.66705,-1.2282561060670816,0.05912128895616663,0.4943434071962777,2208
MOSAIC-NIR-H_TILE102158893-CUTOUT_272.5627399_65.6399174.fits,149.66852,-1.2283218968959326,0.0591123334106522,0.2779061801391848,574
MOSAIC-NIR-H_TILE102160338-CUTOUT_271.8792617_67.9263809.fits,155.68149,-1.228663501063616,0.05906585554657857,0.652295953706357,2107
MOSAIC-NIR-H_TILE102159195-CUTOUT_273.9752604_66.0214154.fits,158.555,-1.2286843270748227,0.05906302319036125,0.7714210675260526,1157
MOSAIC-NIR-H_TILE102160339-CUTOUT_273.209985_68.1563768.fits,154.74141,-1.2287644446236363,0.05905212839801355,0.41435422544795064,2192
MOSAIC-NIR-H_TILE102158896-CUTOUT_275.3602854_65.3964124.fits,152.06226,-1.2287717478215956,0.05905113537190929,0.4903594212280634,869
MOSAIC-NIR-H_TILE102160061-CUTOUT_272.8643083_67.4962792.fits,150.90567,-1.2294137364515056,0.05896390849512234,0.310480758649559,1955
MOSAIC-NIR-H_TILE102159778-CUTOUT_273.5911687_67.0733938.fits,153.78839,-1.2296486062153993,0.05893202898538988,0.47626877374814747,1742
MOSAIC-NIR-H_TILE102160063-CUTOUT_275.244083_67.6590385.fits,153.15489,-1.2296744915103592,0.05892851655878561,0.6590875003302835,2089
MOSAIC-NIR-H_TILE102159488-CUTOUT_271.8359832_66.4005364.fits,156.98297,-1.2297100663536602,0.058923689679856714,0.30876480836631665,1324
MOSAIC-NIR-H_TILE102159196-CUTOUT_274.5642202_65.8239976.fits,149.64816,-1.2299125461165115,0.05889622427470121,0.2850387163984509,1213
MOSAIC-NIR-H_TILE102160340-CUTOUT_274.2643996_68.1596936.fits,152.24403,-1.2300213504057493,0.0588814707850001,0.6486506831186144,2288
MOSAIC-NIR-H_TILE102158278-CUTOUT_274.5402005_64.3307333.fits,156.0904,-1.230636261673816,0.05879816035608961,0.8933719687273179,191
MOSAIC-NIR-H_TILE102159489-CUTOUT_273.3293999_66.4714359.fits,156.96423,-1.2307801410565713,0.05877868407403549,0.323218170948571,1437
MOSAIC-NIR-H_TILE102160062-CUTOUT_273.8977438_67.546757.fits,158.91977,-1.2310939679194777,0.05873622517201695,0.5370310136023987,2022
MOSAIC-NIR-H_TILE102158895-CUTOUT_274.8359565_65.4255025.fits,152.03221,-1.2312368246663132,0.058716907666256694,0.49501778224296666,801
MOSAIC-NIR-H_TILE102160610-CUTOUT_271.9084979_68.5015505.fits,151.69281,-1.23123888961258,0.058716628484788605,1.322564121953473,2348
MOSAIC-NIR-H_TILE102159195-CUTOUT_273.4687841_66.1818887.fits,154.11975,-1.2312455314226887,0.05871573051870616,0.929655207749971,1111
MOSAIC-NIR-H_TILE102158895-CUTOUT_274.6383618_65.6543618.fits,154.0166,-1.231370345466342,0.05869885833850475,0.5520765294818176,780
MOSAIC-NIR-H_TILE102159195-CUTOUT_273.2046945_66.0156812.fits,154.95651,-1.231417671522513,0.05869246213909064,0.5356373025108324,1072
MOSAIC-NIR-H_TILE102160610-CUTOUT_272.6159881_68.4399959.fits,149.42268,-1.2315218166495099,0.05867838919703299,0.3054605633117872,2395
MOSAIC-NIR-H_TILE102159491-CUTOUT_275.267234_66.6225531.fits,155.70267,-1.2320139072149756,0.05861193951782815,0.3877599341647975,1547
MOSAIC-NIR-H_TILE102158893-CUTOUT_272.0659411_65.6475314.fits,150.25966,-1.232261000704924,0.05857860151769358,1.243539839570931,547
MOSAIC-NIR-H_TILE102160063-CUTOUT_274.9905321_67.7476863.fits,148.78212,-1.2324098871865283,0.05855852282125144,0.3183686136733273,2077
MOSAIC-NIR-H_TILE102159489-CUTOUT_272.8325769_66.4616949.fits,156.66878,-1.2327699358535325,0.058509995424191844,0.871593424441204,1405
MOSAIC-NIR-H_TILE102158894-CUTOUT_273.7902673_65.6965836.fits,150.63979,-1.2328033072262266,0.058505499663989526,0.7856239553818224,692
MOSAIC-NIR-H_TILE102158590-CUTOUT_274.8371596_65.2259903.fits,153.32832,-1.2329818674918667,0.058481450060097084,0.48598226465577415,352
MOSAIC-NIR-H_TILE102158277-CUTOUT_273.2655893_64.6128803.fits,158.953,-1.2330058643627744,0.058478218766366136,0.6365950049929157,114
MOSAIC-NIR-H_TILE102160063-CUTOUT_275.3469101_67.6621728.fits,158.24571,-1.2332332522959641,0.05844760875086266,0.7968912971284439,2097
MOSAIC-NIR-H_TILE102159777-CUTOUT_272.383876_66.9294037.fits,158.15172,-1.2334443747739205,0.058419202667709676,1.2840909207078357,1654
MOSAIC-NIR-H_TILE102159195-CUTOUT_273.7462467_66.0383506.fits,154.22145,-1.2335887182037422,0.0583997895108003,0.40639602896216276,1134
MOSAIC-NIR-H_TILE102158277-CUTOUT_274.3032733_64.3537774.fits,151.42235,-1.2336616502833568,0.05838998312212769,0.6647154999654953,170
MOSAIC-NIR-H_TILE102158893-CUTOUT_272.3359097_65.5827275.fits,154.87479,-1.2339608802052655,0.05834976614248627,0.7601397109858379,562
MOSAIC-NIR-H_TILE102158895-CUTOUT_274.8031887_65.6566946.fits,155.94249,-1.2339821491157235,0.058346908621576814,0.34099373526583376,794
MOSAIC-NIR-H_TILE102158894-CUTOUT_273.0625861_65.4029729.fits,158.7037,-1.234278572808297,0.058307098065014384,0.8725354121931891,619
MOSAIC-NIR-H_TILE102159490-CUTOUT_274.4373303_66.4617349.fits,149.05284,-1.2349326124198374,0.05821935471955983,0.4112678120798471,1500
MOSAIC-NIR-H_TILE102158276-CUTOUT_272.3190506_64.5387429.fits,162.07425,-1.2349446010265268,0.05821774760885276,0.7351462202330703,68
MOSAIC-NIR-H_TILE102160611-CUTOUT_273.7584493_68.3760852.fits,155.62094,-1.235103652717038,0.05819643042387785,1.0354370730927132,2479
MOSAIC-NIR-H_TILE102159195-CUTOUT_273.4278678_65.8192081.fits,156.2485,-1.2353420527883532,0.058164493048532946,0.6265474296954265,1105
MOSAIC-NIR-H_TILE102158588-CUTOUT_272.4135328_64.8901444.fits,147.7344,-1.2353555550961646,0.05816268473018385,0.4339021916106558,230
MOSAIC-NIR-H_TILE102159194-CUTOUT_271.8964932_65.8936816.fits,155.79315,-1.235377092626101,0.0581598003981124,0.6428850558764008,967
MOSAIC-NIR-H_TILE102159196-CUTOUT_275.0887078_65.8750573.fits,162.54976,-1.235546295250604,0.05813714555324595,0.6423512925515409,1256
MOSAIC-NIR-H_TILE102159778-CUTOUT_273.4892156_66.8125944.fits,154.17441,-1.2355524964883415,0.058136315425988835,0.49066392405918063,1732
MOSAIC-NIR-H_TILE102158895-CUTOUT_274.301113_65.324609.fits,149.05481,-1.2357840922608103,0.05810532139756228,0.24108477709535686,746
MOSAIC-NIR-H_TILE102159194-CUTOUT_272.6204565_66.0641842.fits,152.09845,-1.2358128524068925,0.0581014736346515,0.5602689337054577,1027
MOSAIC-NIR-H_TILE102159196-CUTOUT_274.639708_65.8452715.fits,146.21759,-1.2359790984147145,0.058079236903721326,0.23813672443463837,1223
MOSAIC-NIR-H_TILE102160340-CUTOUT_274.5908733_67.8152681.fits,153.00957,-1.2360035953077013,0.058075960968186874,2.4239843630709763,2319
MOSAIC-NIR-H_TILE102160339-CUTOUT_272.4484324_67.7929036.fits,158.40977,-1.2361361668562958,0.058058235564341,0.6949843679730029,2143
MOSAIC-NIR-H_TILE102158590-CUTOUT_274.8928285_65.0649953.fits,153.05937,-1.2362246946630506,0.058046402016700145,0.6185087120929753,357
MOSAIC-NIR-H_TILE102158275-CUTOUT_271.9897222_64.5863881.fits,150.08723,-1.2364665940156492,0.05801407953069972,0.5319661808921989,58
MOSAIC-NIR-H_TILE102158276-CUTOUT_272.0929168_64.5311502.fits,148.14307,-1.2365101598632595,0.058008260194076504,0.4653660518608327,62
MOSAIC-NIR-H_TILE102159489-CUTOUT_272.7758408_66.3264849.fits,161.45398,-1.23653544341523,0.05800488319475745,0.47748019978930123,1398
MOSAIC-NIR-H_TILE102158590-CUTOUT_275.6457404_65.1966462.fits,157.24823,-1.2366127024843783,0.0579945653001465,1.0357456180227929,480
MOSAIC-NIR-H_TILE102158896-CUTOUT_275.4553939_65.7168069.fits,147.20181,-1.2368362885548985,0.057964715877086265,1.7187799773287367,896
MOSAIC-NIR-H_TILE102158590-CUTOUT_274.6798257_65.0066522.fits,153.45671,-1.237572930337939,0.0578664805987187,0.47618096202079,344
MOSAIC-NIR-H_TILE102159196-CUTOUT_274.5768106_65.9616573.fits,159.72621,-1.2375797531111874,0.05786557152252492,0.5358885745921094,1214
MOSAIC-NIR-H_TILE102160340-CUTOUT_274.0043282_67.9278021.fits,153.27304,-1.2376306802428398,0.0578587863688463,0.2877552082136175,2270
MOSAIC-NIR-H_TILE102159777-CUTOUT_272.2125043_66.9367866.fits,157.19563,-1.2376908838955598,0.057850766306417736,0.8735520318369643,1643
MOSAIC-NIR-H_TILE102159194-CUTOUT_271.960421_66.0093958.fits,155.18758,-1.2376909150510826,0.05785076215630559,1.0341037367444965,970
MOSAIC-NIR-H_TILE102159490-CUTOUT_273.7001614_66.411208.fits,153.67851,-1.2378248654375776,0.05783292187199435,0.5724825346241994,1458
MOSAIC-NIR-H_TILE102158895-CUTOUT_274.9365423_65.3325578.fits,150.73254,-1.2385166943169685,0.057740867664854395,0.6465812370965811,809
MOSAIC-NIR-H_TILE102159489-CUTOUT_272.6263572_66.2674635.fits,152.02556,-1.23872017104688,0.05771382110650135,0.42674286546001977,1389
MOSAIC-NIR-H_TILE102157958-CUTOUT_272.6220921_64.2018608.fits,154.35117,-1.2388428783341099,0.0576975167178021,0.6775679445811942,21
MOSAIC-NIR-H_TILE102159488-CUTOUT_272.0297959_66.3814864.fits,160.01463,-1.239151123103329,0.05765657986864822,0.2768580357065124,1345
MOSAIC-NIR-H_TILE102160610-CUTOUT_272.2785524_68.2468679.fits,153.6131,-1.2393262261214788,0.0576333380210627,0.49937711596834666,2358
MOSAIC-NIR-H_TILE102159194-CUTOUT_272.6897558_66.1105297.fits,159.21527,-1.2396462050651957,0.05759089064163865,0.7670271137811548,1034
MOSAIC-NIR-H_TILE102159779-CUTOUT_274.4015855_66.932584.fits,152.48474,-1.2396513470020707,0.0575902087840891,0.3975194580472806,1798
MOSAIC-NIR-H_TILE102159195-CUTOUT_273.395667_66.1878598.fits,151.61319,-1.239665716807667,0.05758830328805339,0.511720684221525,1102
MOSAIC-NIR-H_TILE102159780-CUTOUT_276.1009474_66.9699327.fits,161.40955,-1.2399458259302563,0.057551172242539195,1.1860521564049142,1909
MOSAIC-NIR-H_TILE102159778-CUTOUT_272.9109301_66.9246391.fits,156.25763,-1.2403271763909602,0.05750065920595132,0.53232659773116,1691
MOSAIC-NIR-H_TILE102159779-CUTOUT_274.1181594_67.0195567.fits,152.22913,-1.2404294461911378,0.057487120262141596,0.4885763966212386,1783
MOSAIC-NIR-H_TILE102159197-CUTOUT_275.6554947_66.1271499.fits,157.3132,-1.2410514419789866,0.05740484624072871,0.7557031915715856,1294
MOSAIC-NIR-H_TILE102160340-CUTOUT_274.9514371_67.8115887.fits,153.9116,-1.2413080341470542,0.057370940022471964,0.4457072165634589,2338
MOSAIC-NIR-H_TILE102159778-CUTOUT_273.0075074_67.0931761.fits,153.84409,-1.2413310223813931,0.0573679033232645,0.49666758165773367,1699
MOSAIC-NIR-H_TILE102160339-CUTOUT_273.2906698_67.9912085.fits,150.92717,-1.2416180815099975,0.05732999692625554,0.44508611392116804,2201
MOSAIC-NIR-H_TILE102158893-CUTOUT_271.8892339_65.7483566.fits,151.73761,-1.2416998413042735,0.05731920506090693,0.8143388945050658,535
MOSAIC-NIR-H_TILE102159778-CUTOUT_273.7591716_67.2394207.fits,144.70947,-1.241783414001151,0.057308176001431156,0.27889749991101526,1751
MOSAIC-NIR-H_TILE102159195-CUTOUT_273.694473_65.9416836.fits,157.0244,-1.2418624368790885,0.05729774933196962,0.8870987021534761,1129
MOSAIC-NIR-H_TILE102160611-CUTOUT_273.7112274_68.6793445.fits,154.412,-1.2420035134985676,0.05727913970105485,0.9098791055107278,2476
MOSAIC-NIR-H_TILE102158894-CUTOUT_272.9441275_65.6175773.fits,153.84251,-1.2424896250315403,0.05721506227370229,0.38900515257986523,610
MOSAIC-NIR-H_TILE102159779-CUTOUT_274.8991552_67.125807.fits,156.09737,-1.2426958756669493,0.057187896740257774,0.46418040562048446,1834
MOSAIC-NIR-H_TILE102160340-CUTOUT_274.8715068_67.8246323.fits,150.55518,-1.2428111860649205,0.057172714682820425,2.1079469549555516,2333
MOSAIC-NIR-H_TILE102158896-CUTOUT_275.4351069_65.3740019.fits,151.79933,-1.24309846778148,0.057134907975362685,0.5251268873466635,891
MOSAIC-NIR-H_TILE102160063-CUTOUT_275.0924052_67.4343799.fits,153.73082,-1.2435395139919068,0.05707691427620264,0.4139576395177534,2080
MOSAIC-NIR-H_TILE102160062-CUTOUT_273.5622259_67.3670273.fits,154.67268,-1.2437090960068435,0.057054631403584175,0.4417491133356125,2005
MOSAIC-NIR-H_TILE102159194-CUTOUT_272.1162708_66.2288875.fits,153.90218,-1.2446146146870114,0.05693579450037368,0.3916310338470236,980
MOSAIC-NIR-H_TILE102159195-CUTOUT_274.1675263_65.8414833.fits,150.96127,-1.2449165829833828,0.05689622036387348,0.4566005130606306,1172
MOSAIC-NIR-H_TILE102159778-CUTOUT_272.9422492_66.9693023.fits,152.21327,-1.245185384487809,0.05686101600764283,0.3498470045093918,1695
MOSAIC-NIR-H_TILE102158590-CUTOUT_275.0406951_65.1933064.fits,150.5469,-1.2454101446434558,0.0568315963744799,0.5786579458253787,373
MOSAIC-NIR-H_TILE102158277-CUTOUT_273.8202099_64.4793434.fits,163.33522,-1.2454909421813163,0.05682102422554406,0.7329793843327895,127
MOSAIC-NIR-H_TILE102159195-CUTOUT_273.1722076_66.0477073.fits,151.12407,-1.2457031808719319,0.05679326270885543,0.5276490470239383,1071
MOSAIC-NIR-H_TILE102159492-CUTOUT_276.3741798_66.2759598.fits,150.10326,-1.2457854727059943,0.056782502316574994,0.31801484626580834,1609
MOSAIC-NIR-H_TILE102159778-CUTOUT_273.6074319_66.8286122.fits,151.74495,-1.2458028808685062,0.05678022630511588,0.6735632325178074,1744
MOSAIC-NIR-H_TILE102158894-CUTOUT_273.0123386_65.2850396.fits,158.17833,-1.2458581131872168,0.056773005618981076,0.41663182960358447,617
MOSAIC-NIR-H_TILE102158590-CUTOUT_275.1963891_64.8516648.fits,156.68095,-1.2459799300159773,0.056757083386605164,0.4727033650296545,392
MOSAIC-NIR-H_TILE102159195-CUTOUT_274.0522446_66.0779664.fits,151.00867,-1.246122239064424,0.05673848834643687,0.31983608092415805,1164
MOSAIC-NIR-H_TILE102158895-CUTOUT_274.4540153_65.7136729.fits,153.77304,-1.2463412596307946,0.05670988157529099,0.34570361019502793,758
MOSAIC-NIR-H_TILE102159779-CUTOUT_274.8804988_67.1985446.fits,149.46762,-1.2465886758575184,0.05667758333166219,0.46053622477938466,1832
MOSAIC-NIR-H_TILE102158896-CUTOUT_275.4096278_65.4238578.fits,149.07846,-1.246590272663546,0.056677374940940946,0.3874574549344568,884
MOSAIC-NIR-H_TILE102159196-CUTOUT_275.0801829_65.9102453.fits,146.64967,-1.2466169308472792,0.05667389603534458,0.27771720227698204,1254
MOSAIC-NIR-H_TILE102158896-CUTOUT_275.2920375_65.2863057.fits,149.7409,-1.2466891436547598,0.05666447330242103,0.4142077994489102,854
MOSAIC-NIR-H_TILE102160611-CUTOUT_273.3255936_68.5781177.fits,159.10931,-1.2467440341283103,0.05665731193299767,0.6030500206593067,2453
MOSAIC-NIR-H_TILE102158590-CUTOUT_275.6529243_64.9777096.fits,155.24066,-1.2467545494411336,0.05665594013996072,0.3525955676174624,482
MOSAIC-NIR-H_TILE102158894-CUTOUT_273.3136939_65.6602402.fits,148.97992,-1.247137552192242,0.05660599749423775,0.5673799166413781,642
MOSAIC-NIR-H_TILE102159197-CUTOUT_275.643377_65.7887322.fits,152.75726,-1.2472705869126193,0.056588660387540304,0.2575092740448984,1293
MOSAIC-NIR-H_TILE102160062-CUTOUT_273.4514571_67.355006.fits,161.11516,-1.2473693388570701,0.05657579445166545,0.4141022893737579,1998
MOSAIC-NIR-H_TILE102158587-CUTOUT_271.8425206_65.0040165.fits,158.17436,-1.247420603793994,0.0565691165326959,0.3458982238370168,202
MOSAIC-NIR-H_TILE102159489-CUTOUT_272.6929493_66.3158308.fits,150.51878,-1.2476002242641329,0.05654572486926326,0.3655358505021278,1393
MOSAIC-NIR-H_TILE102158895-CUTOUT_274.7138889_65.5048729.fits,162.2755,-1.2476549633479472,0.05653859821616357,1.105056800317506,786
MOSAIC-NIR-H_TILE102158588-CUTOUT_272.9145774_64.9814763.fits,160.84062,-1.247668620749949,0.05653682025614932,1.411568879062115,260
MOSAIC-NIR-H_TILE102159488-CUTOUT_271.9457494_66.3722759.fits,150.72742,-1.2476977625882948,0.05653302667444715,0.4107400904801473,1338
MOSAIC-NIR-H_TILE102157959-CUTOUT_273.6362831_64.1045959.fits,157.71202,-1.2477865500735401,0.05652147020198821,0.3450667821731678,42
MOSAIC-NIR-H_TILE102160611-CUTOUT_273.807233_68.5633434.fits,154.3801,-1.2481322661995307,0.05647649470927663,0.26939047522395965,2483
MOSAIC-NIR-H_TILE102160340-CUTOUT_274.0456222_67.9035387.fits,152.0528,-1.248150287624363,0.056474151216946135,0.7613506667587786,2272
MOSAIC-NIR-H_TILE102158896-CUTOUT_275.3411413_65.4138783.fits,154.90137,-1.248238339720688,0.056462702387761625,0.462714286469038,862
MOSAIC-NIR-H_TILE102158591-CUTOUT_276.0587364_65.0641854.fits,157.06622,-1.248274913007694,0.05645794768845759,0.5414387771719014,526
MOSAIC-NIR-H_TILE102159196-CUTOUT_275.1949849_65.8911688.fits,155.17729,-1.248619447488628,0.05641317623305849,0.3841258295984735,1261
MOSAIC-NIR-H_TILE102159197-CUTOUT_275.9027615_66.1622882.fits,152.02159,-1.2486629833703857,0.0564075213735664,0.45731383253727964,1309
MOSAIC-NIR-H_TILE102158590-CUTOUT_275.6441197_65.0914368.fits,150.68237,-1.2488069001971964,0.056388832104192495,0.41971016122113625,477
MOSAIC-NIR-H_TILE102159780-CUTOUT_276.0376716_66.8313822.fits,153.57497,-1.2488337717401081,0.056385343208734964,0.4186566488230653,1903
MOSAIC-NIR-H_TILE102160339-CUTOUT_273.6138261_68.1766841.fits,151.84445,-1.2488758814244363,0.05637987628710654,0.39447039544986945,2229
MOSAIC-NIR-H_TILE102160063-CUTOUT_274.5215519_67.5685161.fits,150.15912,-1.248939439758304,0.0563716257820939,0.5285038508306208,2052
MOSAIC-NIR-H_TILE102158896-CUTOUT_275.3709423_65.4151775.fits,150.89017,-1.2490418778365282,0.056358330839903395,0.41464653132127416,873
MOSAIC-NIR-H_TILE102158587-CUTOUT_272.2996385_64.9243209.fits,154.64087,-1.249091534863914,0.056351887223173115,0.6090491824429132,224
MOSAIC-NIR-H_TILE102159491-CUTOUT_275.4462536_66.3819372.fits,152.73807,-1.2494047312353174,0.056311263073195665,0.8975669888916167,1561
MOSAIC-NIR-H_TILE102159195-CUTOUT_273.2176564_66.1205882.fits,148.94942,-1.2495568433582613,0.05629154344459401,0.31728338081517277,1075
MOSAIC-NIR-H_TILE102159197-CUTOUT_276.0512289_65.7444332.fits,151.38152,-1.2496022532348188,0.05628565790261187,0.6036144575451904,1316
MOSAIC-NIR-H_TILE102160063-CUTOUT_275.1212912_67.6755027.fits,151.01625,-1.2499504171156492,0.056240553069553334,0.716601369382131,2082
MOSAIC-NIR-H_TILE102160339-CUTOUT_273.3534975_67.8772237.fits,150.03755,-1.250035400146486,0.0562295489576931,1.6683962987691006,2206
MOSAIC-NIR-H_TILE102158588-CUTOUT_272.5256635_65.1079899.fits,153.20827,-1.2501807632669595,0.05621073146108991,0.32416025742050997,240
MOSAIC-NIR-H_TILE102159489-CUTOUT_272.6754023_66.589669.fits,155.01671,-1.2502124996480626,0.056206623971607896,0.9469671856343578,1392
MOSAIC-NIR-H_TILE102158894-CUTOUT_273.1654012_65.654495.fits,154.27542,-1.2504950584549264,0.056170066953374766,0.2917973365749339,627
MOSAIC-NIR-H_TILE102159778-CUTOUT_273.7206299_66.76981.fits,155.60689,-1.2505613255427703,0.05616149686337497,0.45065922153658944,1748
MOSAIC-NIR-H_TILE102159491-CUTOUT_275.244426_66.3234433.fits,162.3928,-1.2505962988105987,0.05615697442049364,0.5407917306743847,1544
MOSAIC-NIR-H_TILE102160340-CUTOUT_274.5079761_67.749536.fits,156.50223,-1.2506182296635635,0.05615413869656646,0.30707878079813977,2313
MOSAIC-NIR-H_TILE102158895-CUTOUT_274.8089164_65.3345286.fits,151.01572,-1.2508981223854465,0.05611796031576054,0.3206352561142035,796
MOSAIC-NIR-H_TILE102158276-CUTOUT_272.8086609_64.7379037.fits,162.72046,-1.2509393874129706,0.05611262845164065,0.34753622378161625,85
MOSAIC-NIR-H_TILE102160611-CUTOUT_274.1668669_68.4227913.fits,151.12521,-1.2509775421271891,0.056107698922604324,0.5916419629405887,2498
MOSAIC-NIR-H_TILE102159780-CUTOUT_276.0661144_66.9498525.fits,156.36606,-1.2510209806599935,0.056102087259692304,0.40923103372521247,1907
MOSAIC-NIR-H_TILE102160063-CUTOUT_275.3308099_67.348932.fits,157.12277,-1.2515239357792314,0.05603715321020713,0.41590795099844674,2094
MOSAIC-NIR-H_TILE102159491-CUTOUT_275.109464_66.3069384.fits,163.64366,-1.251584909477698,0.05602928630702868,0.8597382108388585,1534
MOSAIC-NIR-H_TILE102159778-CUTOUT_273.3336015_66.8490588.fits,150.02782,-1.2517188470444718,0.056012009391214215,0.21054210078565802,1719
MOSAIC-NIR-H_TILE102158590-CUTOUT_275.3441863_65.1086354.fits,151.08493,-1.2519298228662328,0.05598480593748812,0.27748918862981087,414
MOSAIC-NIR-H_TILE102159195-CUTOUT_273.2204192_66.0154086.fits,148.26228,-1.2520571782494985,0.05596839099003373,0.6748783630347419,1076
MOSAIC-NIR-H_TILE102159491-CUTOUT_275.5924009_66.7082175.fits,153.98167,-1.2521937801260747,0.05595078960364156,0.21076353897527902,1570
MOSAIC-NIR-H_TILE102158896-CUTOUT_275.5907032_65.3497106.fits,151.39127,-1.2522590125898259,0.05594238624160526,0.34747624836527935,907
MOSAIC-NIR-H_TILE102158896-CUTOUT_275.7784005_65.5980597.fits,147.83093,-1.2524764791997751,0.055914380922103955,0.5702607259039542,927
MOSAIC-NIR-H_TILE102160339-CUTOUT_273.4083104_68.1254998.fits,151.3714,-1.2527119552415802,0.05588407215965859,0.3940380589136496,2210
MOSAIC-NIR-H_TILE102159492-CUTOUT_276.023795_66.5864411.fits,154.36105,-1.2532417829853792,0.05581593664473377,0.3978464953952329,1591
MOSAIC-NIR-H_TILE102160338-CUTOUT_272.0623034_68.1055099.fits,160.16707,-1.2535089261155747,0.05578161371498507,0.45344417797511966,2118
MOSAIC-NIR-H_TILE102159778-CUTOUT_273.0058103_66.7764187.fits,155.65973,-1.2536400709848026,0.05576477176023502,1.0407825912742088,1698
MOSAIC-NIR-H_TILE102159194-CUTOUT_272.6335143_65.9353012.fits,149.54675,-1.2537967090055449,0.055744662574386775,0.2871811956498644,1031
MOSAIC-NIR-H_TILE102159780-CUTOUT_275.6023998_67.1136599.fits,150.54724,-1.2538135970773054,0.05574249491719296,0.5272141937195519,1879
MOSAIC-NIR-H_TILE102158896-CUTOUT_275.7873916_65.4614986.fits,153.0499,-1.2538680471738408,0.05573550658532557,0.41271015356294977,928
MOSAIC-NIR-H_TILE102160339-CUTOUT_273.4558461_67.9511349.fits,152.47002,-1.2539024883987435,0.05573108672027186,0.5259800232344416,2213
MOSAIC-NIR-H_TILE102158896-CUTOUT_275.2390684_65.3312619.fits,148.259,-1.2539354535223572,0.05572685661255574,0.27818239213064827,844
MOSAIC-NIR-H_TILE102160340-CUTOUT_274.4244777_67.9323112.fits,151.92697,-1.254145383998028,0.055699925718960985,0.7290165048152661,2305
MOSAIC-NIR-H_TILE102160061-CUTOUT_272.1925509_67.4955641.fits,148.6529,-1.2543745289583395,0.05567054475453723,0.2568852274026716,1917
MOSAIC-NIR-H_TILE102159197-CUTOUT_276.0898081_65.8095505.fits,158.08702,-1.2546461051835638,0.05563574332159942,0.9117404938175061,1318
MOSAIC-NIR-H_TILE102159779-CUTOUT_274.7054582_66.922235.fits,152.77893,-1.2546801418092384,0.055631383195359034,0.8121229923531778,1816
MOSAIC-NIR-H_TILE102159491-CUTOUT_275.1782865_66.4838715.fits,155.36497,-1.2551610965412852,0.05556980892223244,0.49731646620731546,1542
MOSAIC-NIR-H_TILE102159194-CUTOUT_272.1941083_65.9225531.fits,152.25014,-1.2552197491089845,0.05556230458580543,0.3918643148512962,984
MOSAIC-NIR-H_TILE102158893-CUTOUT_272.5493181_65.540934.fits,151.49495,-1.255220466754887,0.055562212772464634,0.6073752636257923,573
MOSAIC-NIR-H_TILE102160338-CUTOUT_272.0317635_67.8130704.fits,148.9471,-1.2553056982444157,0.055551309604932875,0.3404320778347936,2115
MOSAIC-NIR-H_TILE102159194-CUTOUT_272.6024116_65.898739.fits,159.48888,-1.2556427403362715,0.05550821473027581,1.050982323101081,1024
MOSAIC-NIR-H_TILE102159194-CUTOUT_272.4433933_66.156941.fits,161.16806,-1.2557236333464512,0.05549787656432931,0.9737618113115738,1006
MOSAIC-NIR-H_TILE102158896-CUTOUT_275.7881251_65.4626255.fits,152.64731,-1.255797052862386,0.05548849518140933,0.35315542744290457,929
MOSAIC-NIR-H_TILE102158275-CUTOUT_271.9811538_64.5265569.fits,154.97609,-1.2561626885730146,0.05544179867003636,0.5205029120753183,57
MOSAIC-NIR-H_TILE102158589-CUTOUT_274.6681258_65.0809738.fits,157.90646,-1.2561846888318828,0.05543899020002375,0.4417035156742006,343
MOSAIC-NIR-H_TILE102158896-CUTOUT_275.7571145_65.6778674.fits,153.58865,-1.2563267128174795,0.05542086337736829,0.28731822734222046,924
MOSAIC-NIR-H_TILE102158896-CUTOUT_275.8782509_65.3876213.fits,146.70845,-1.2565543499409764,0.05539182193037322,0.2753051737213908,938
MOSAIC-NIR-H_TILE102159491-CUTOUT_274.9537117_66.604027.fits,151.44179,-1.2567810044114827,0.0553629209679112,0.5257231905957945,1524
MOSAIC-NIR-H_TILE102158591-CUTOUT_275.887595_65.1072907.fits,152.77051,-1.2570359216977902,0.05533043419905148,0.8106452885484968,516
MOSAIC-NIR-H_TILE102158588-CUTOUT_272.4500309_65.0728507.fits,148.76135,-1.257107546227181,0.05532130976919999,0.719385440759452,234
MOSAIC-NIR-H_TILE102159491-CUTOUT_275.9753122_66.4524019.fits,154.8966,-1.2575969060787349,0.055259009227725836,0.4870291005452929,1589
MOSAIC-NIR-H_TILE102158590-CUTOUT_275.5868566_65.177418.fits,155.1052,-1.2583048508932646,0.055169004719495686,0.45934531652657223,462
MOSAIC-NIR-H_TILE102158896-CUTOUT_275.5109955_65.376627.fits,153.31885,-1.258376623971081,0.055159888043464084,0.5723338110842817,899
MOSAIC-NIR-H_TILE102159194-CUTOUT_271.9509242_65.8604697.fits,153.03172,-1.2583831541972206,0.05515905864348394,0.35026416690721324,969
MOSAIC-NIR-H_TILE102160340-CUTOUT_274.2437761_68.2362418.fits,153.07095,-1.2583874694652373,0.05515851057080751,0.6095226809951937,2285
MOSAIC-NIR-H_TILE102160339-CUTOUT_273.1206868_67.9051964.fits,152.93393,-1.2585202594954177,0.05514164786374625,0.2863434923737427,2186
MOSAIC-NIR-H_TILE102158894-CUTOUT_273.5090729_65.7202168.fits,153.94432,-1.2588116724118983,0.05510466006139442,0.6064885790739224,664
MOSAIC-NIR-H_TILE102158588-CUTOUT_272.4173816_65.0886686.fits,155.62753,-1.2593502179551193,0.05503637004648392,0.5554892301479406,231
MOSAIC-NIR-H_TILE102160610-CUTOUT_272.4133914_68.5171294.fits,154.75839,-1.2595047318307628,0.055016792615479225,0.6631042902391171,2367
MOSAIC-NIR-H_TILE102158896-CUTOUT_275.9358087_65.3994602.fits,151.49686,-1.259513658422904,0.055015661798851624,0.6862157335580369,944
MOSAIC-NIR-H_TILE102158589-CUTOUT_274.1671787_65.2197248.fits,155.53128,-1.2595524692015505,0.05501074553728778,0.5191023689970268,313
MOSAIC-NIR-H_TILE102159780-CUTOUT_276.0561625_66.8312496.fits,149.2155,-1.259582761333028,0.05500690866002673,0.4807243439669901,1905
MOSAIC-NIR-H_TILE102158588-CUTOUT_273.4612883_65.1839307.fits,151.95802,-1.2597320990398115,0.05498799708331529,1.1237703765632439,290
MOSAIC-NIR-H_TILE102160611-CUTOUT_273.7056237_68.623955.fits,156.87686,-1.2598018029486848,0.054979172262998525,0.7553751054314748,2475
MOSAIC-NIR-H_TILE102158588-CUTOUT_272.4708331_64.9711615.fits,150.62222,-1.2601665347921334,0.0549330187020596,0.3425429163289691,235
MOSAIC-NIR-H_TILE102160340-CUTOUT_274.9566981_67.8666152.fits,154.57466,-1.260580674348049,0.054880660007000336,0.3262908389979478,2339
MOSAIC-NIR-H_TILE102160340-CUTOUT_274.5354802_68.1385698.fits,150.93045,-1.2609457832161624,0.05483454154088822,0.32377159566634756,2316
MOSAIC-NIR-H_TILE102159779-CUTOUT_275.0898003_66.7683265.fits,150.21875,-1.261061198134769,0.05481997105116461,0.5030749356427169,1843
MOSAIC-NIR-H_TILE102159490-CUTOUT_273.6382957_66.5788804.fits,156.23636,-1.2611569918907082,0.054807880564114016,0.891597873786545,1454
MOSAIC-NIR-H_TILE102158277-CUTOUT_274.0862137_64.4142885.fits,156.12328,-1.2614584379850455,0.05476985132433047,0.4843122028723702,144
MOSAIC-NIR-H_TILE102159195-CUTOUT_274.0033641_66.1776868.fits,159.25432,-1.261485173223528,0.05476647978721008,0.36134314998322437,1163
MOSAIC-NIR-H_TILE102158895-CUTOUT_274.9684571_65.6482968.fits,163.76825,-1.2616406922434669,0.054746871653082306,1.3223986088726867,815
MOSAIC-NIR-H_TILE102159196-CUTOUT_275.4367264_65.804754.fits,155.1162,-1.2616580745656598,0.054744680493033236,1.0495586887380024,1276
MOSAIC-NIR-H_TILE102160340-CUTOUT_273.932366_68.0312688.fits,154.57193,-1.2620178591276858,0.05469934688778801,0.5400897942526208,2261
MOSAIC-NIR-H_TILE102160339-CUTOUT_273.4747144_67.8754699.fits,152.90483,-1.2621672169736535,0.05468053851628449,0.8282139614103287,2216
MOSAIC-NIR-H_TILE102160611-CUTOUT_273.3424671_68.7061207.fits,168.68123,-1.2623471798059906,0.05465788470318737,0.9149538535736697,2454
MOSAIC-NIR-H_TILE102158590-CUTOUT_275.1964017_65.0359022.fits,156.3185,-1.2624034330643823,0.05465080543987792,0.3555518518043499,393
MOSAIC-NIR-H_TILE102160340-CUTOUT_273.7936201_67.981954.fits,155.18169,-1.2624705396197238,0.05464236152883523,0.715591608238424,2250
MOSAIC-NIR-H_TILE102160610-CUTOUT_272.7865404_68.4779427.fits,157.69087,-1.262612970867318,0.05462444395454563,0.3461877366220235,2413
MOSAIC-NIR-H_TILE102160061-CUTOUT_272.6927784_67.4148175.fits,152.25305,-1.2628472286421646,0.0545949875586644,0.668984268882245,1940
MOSAIC-NIR-H_TILE102160061-CUTOUT_272.951558_67.5175838.fits,165.31189,-1.2631946820234516,0.05455132679904614,0.5419852325949316,1966
MOSAIC-NIR-H_TILE102158276-CUTOUT_272.970241_64.5636534.fits,155.30698,-1.2633737521878325,0.05452883859842926,0.4642970357556636,94
MOSAIC-NIR-H_TILE102159196-CUTOUT_274.4070849_66.1443127.fits,154.92607,-1.2638264783763178,0.05447202514215663,0.4290933300903986,1192
MOSAIC-NIR-H_TILE102160061-CUTOUT_272.872313_67.454823.fits,158.30276,-1.2643709415265707,0.05440377783833036,1.3791022474354278,1956
MOSAIC-NIR-H_TILE102158895-CUTOUT_275.0741253_65.7058269.fits,156.9404,-1.264504152676469,0.054387093126101814,0.35896600452441535,829
MOSAIC-NIR-H_TILE102160061-CUTOUT_272.9030993_67.2758668.fits,150.78362,-1.2647029049865834,0.05436220888796153,1.2439979941794224,1957
MOSAIC-NIR-H_TILE102159196-CUTOUT_274.5524265_66.2217363.fits,150.62065,-1.2647090829556853,0.054361435574755736,0.44396753352707813,1212
MOSAIC-NIR-H_TILE102159777-CUTOUT_272.5837501_66.7652275.fits,157.80894,-1.2647629463804033,0.054354693809332486,0.34200621269452913,1669
MOSAIC-NIR-H_TILE102158589-CUTOUT_274.1758747_65.1245615.fits,153.40533,-1.2649387048910348,0.054332700973633734,0.7985177864176269,315
MOSAIC-NIR-H_TILE102158895-CUTOUT_275.0415924_65.448032.fits,151.92953,-1.2653682212741677,0.05427899260300919,0.5080822902561875,825
MOSAIC-NIR-H_TILE102159491-CUTOUT_275.7338085_66.4509066.fits,156.28586,-1.266455682875153,0.05414324949748302,0.7730095807689706,1575
MOSAIC-NIR-H_TILE102159489-CUTOUT_273.4668214_66.5488197.fits,154.52658,-1.2668786700838488,0.05409054159136416,0.8926660591668797,1442
MOSAIC-NIR-H_TILE102159197-CUTOUT_275.5196098_65.9863977.fits,155.78876,-1.2670574839443212,0.05406827525352563,0.6119661202380204,1281
MOSAIC-NIR-H_TILE102160061-CUTOUT_273.1515437_67.67334.fits,150.62695,-1.267267467458249,0.05404213929596344,0.6034501159270632,1978
MOSAIC-NIR-H_TILE102158589-CUTOUT_274.4654328_65.1713317.fits,155.63786,-1.2674782795055588,0.05401591292224887,0.516648080438416,328
MOSAIC-NIR-H_TILE102158894-CUTOUT_273.3341425_65.3934498.fits,155.84764,-1.2677075092397692,0.05398740971371349,0.6377485206581192,644
MOSAIC-NIR-H_TILE102159195-CUTOUT_273.210588_65.9789771.fits,154.6271,-1.2677252495275295,0.05398520445285352,0.7325726414027068,1074
MOSAIC-NIR-H_TILE102160340-CUTOUT_274.2217324_68.1595902.fits,148.49622,-1.2677293973499126,0.053984688858068376,0.4542280988599354,2283
MOSAIC-NIR-H_TILE102158588-CUTOUT_272.9265958_64.9750637.fits,147.59276,-1.2678599062197586,0.05396846847645971,0.8829531347281596,262
MOSAIC-NIR-H_TILE102159779-CUTOUT_274.4571338_67.1504715.fits,154.50671,-1.2680335475577944,0.053946894902970964,0.498666373639147,1804
MOSAIC-NIR-H_TILE102157959-CUTOUT_273.1672789_64.0709614.fits,148.33907,-1.268165849339309,0.05393046323373393,0.574270733823549,35
MOSAIC-NIR-H_TILE102159489-CUTOUT_273.245499_66.242589.fits,154.73041,-1.2685470468411675,0.05388314709457327,0.6839537829455716,1434
MOSAIC-NIR-H_TILE102159489-CUTOUT_272.568455_66.2970045.fits,153.21715,-1.2689174163269357,0.05383721474421486,0.5492025142592618,1383
MOSAIC-NIR-H_TILE102159489-CUTOUT_273.466462_66.5857187.fits,152.38994,-1.2690276618769656,0.053823549914649556,0.544801265095412,1441
MOSAIC-NIR-H_TILE102158588-CUTOUT_272.3891977_65.0714659.fits,149.68544,-1.2690870447779528,0.05381619089867377,0.8095113216521279,226
MOSAIC-NIR-H_TILE102160338-CUTOUT_272.0395521_67.8588552.fits,153.50471,-1.2694973779497425,0.05376536791932292,0.45668094971283113,2117
MOSAIC-NIR-H_TILE102158590-CUTOUT_275.5144624_65.0902202.fits,152.7769,-1.2695902337413114,0.05375387366293239,0.2766323161607967,440
MOSAIC-NIR-H_TILE102160610-CUTOUT_272.617881_68.3916412.fits,150.03334,-1.26997263676415,0.053706563375769546,0.4226264256176733,2398
MOSAIC-NIR-H_TILE102159779-CUTOUT_274.8042427_66.8460962.fits,146.77876,-1.2700035064087905,0.05370274604979625,0.34853538564571457,1825
MOSAIC-NIR-H_TILE102160061-CUTOUT_272.7752943_67.7306323.fits,162.70767,-1.2700239662049104,0.05370021615038415,0.9584407497648739,1947
MOSAIC-NIR-H_TILE102158893-CUTOUT_272.6349728_65.5474044.fits,153.29259,-1.2701334198906815,0.053686683982177325,0.556320663472959,579
MOSAIC-NIR-H_TILE102158895-CUTOUT_274.6573771_65.5718859.fits,153.75255,-1.2702612741218637,0.05367088120384226,0.6144173439447466,781
MOSAIC-NIR-H_TILE102158896-CUTOUT_275.8017344_65.2673976.fits,155.28525,-1.2703969483922632,0.05365411695595368,0.8677321510691479,931
MOSAIC-NIR-H_TILE102158591-CUTOUT_275.9758715_65.0644617.fits,154.55074,-1.270439526498338,0.05364885697960921,0.35240303080687685,521
MOSAIC-NIR-H_TILE102158590-CUTOUT_275.1194588_65.0483907.fits,156.41803,-1.270566832058462,0.05363313309373358,0.41437728573267635,384
MOSAIC-NIR-H_TILE102158896-CUTOUT_276.2290481_65.4567757.fits,153.99176,-1.270638454131578,0.05362428886565735,0.5319726743592001,960
MOSAIC-NIR-H_TILE102158895-CUTOUT_274.6078207_65.3572476.fits,155.98141,-1.270870787769797,0.05359560926061395,0.2085677874096589,777
MOSAIC-NIR-H_TILE102158276-CUTOUT_272.7933477_64.5794871.fits,150.45442,-1.270952241812397,0.05358555808599721,0.4526970683741211,83
MOSAIC-NIR-H_TILE102158896-CUTOUT_276.1324958_65.4492743.fits,152.91455,-1.2712383168946393,0.05355027224696115,0.6092928470388097,954
MOSAIC-NIR-H_TILE102159777-CUTOUT_271.9401029_66.9091017.fits,153.8668,-1.2713281421373903,0.05353919757529319,0.8223979953001527,1627
MOSAIC-NIR-H_TILE102158590-CUTOUT_275.2265252_65.2155791.fits,152.28366,-1.271368542037559,0.053534217365491486,0.3118128219505523,399
MOSAIC-NIR-H_TILE102160339-CUTOUT_273.6906414_68.2348883.fits,146.94467,-1.271372841812473,0.05353368734737018,0.3851703654737294,2240
MOSAIC-NIR-H_TILE102158590-CUTOUT_275.5330159_65.0845192.fits,152.34999,-1.2713957305487014,0.05353086602172247,0.5997297904579428,445
MOSAIC-NIR-H_TILE102159779-CUTOUT_274.1106935_67.1322526.fits,153.8102,-1.2714722764388176,0.0535214318546421,0.3945280602786529,1782
MOSAIC-NIR-H_TILE102160340-CUTOUT_273.766346_67.8710233.fits,158.01036,-1.2717588927554488,0.053486121585937706,0.41698517941607277,2248
MOSAIC-NIR-H_TILE102158895-CUTOUT_274.2595119_65.6325721.fits,154.14647,-1.271899138668829,0.053468852200205357,0.6125360150773792,738
MOSAIC-NIR-H_TILE102157959-CUTOUT_273.7203467_64.1668838.fits,152.32164,-1.272086608891709,0.05344577648799477,0.7133042523334946,45
MOSAIC-NIR-H_TILE102158590-CUTOUT_275.7259275_64.9984032.fits,157.31807,-1.2721720004651142,0.0534352689395603,0.4633927885814332,492
MOSAIC-NIR-H_TILE102159490-CUTOUT_273.7280042_66.4812101.fits,153.45987,-1.272790154785594,0.05335926579577672,0.8908103246125179,1460
MOSAIC-NIR-H_TILE102158590-CUTOUT_275.6119683_65.137578.fits,150.79132,-1.2730159485875439,0.053331531020057374,0.8271150588019053,468
MOSAIC-NIR-H_TILE102158893-CUTOUT_272.0200138_65.3068223.fits,156.63803,-1.2730460345044277,0.05332783658574944,0.4401665509748877,543
MOSAIC-NIR-H_TILE102159780-CUTOUT_275.3432017_67.1091102.fits,154.40253,-1.2731449788479101,0.05331568840754184,0.6735128609303539,1858
MOSAIC-NIR-H_TILE102160340-CUTOUT_274.7574386_67.9232827.fits,156.04562,-1.2739753183377167,0.0532138500704578,0.2747114333938286,2328
MOSAIC-NIR-H_TILE102159197-CUTOUT_275.9536629_66.2104421.fits,153.76991,-1.2740321139879254,0.05320689138752486,0.9099670208051197,1312
MOSAIC-NIR-H_TILE102158589-CUTOUT_273.6341882_65.0086402.fits,157.19179,-1.2742930435823596,0.05317493361834333,0.35515146424596883,294
MOSAIC-NIR-H_TILE102159779-CUTOUT_274.719664_66.7823507.fits,156.32967,-1.27435325664698,0.05316756165324103,0.9486352322858744,1817
MOSAIC-NIR-H_TILE102158895-CUTOUT_274.2931422_65.6749161.fits,151.31734,-1.2746904525744096,0.053126297193287264,0.3459496772828273,743
MOSAIC-NIR-H_TILE102159780-CUTOUT_276.0329237_66.9882048.fits,150.6281,-1.2748588963645275,0.05310569582709745,0.47245084720407504,1902
MOSAIC-NIR-H_TILE102159197-CUTOUT_275.5898002_65.7838634.fits,151.65086,-1.2750350092813025,0.05308416503790731,0.9974184284390758,1288
MOSAIC-NIR-H_TILE102158894-CUTOUT_273.3493103_65.3598962.fits,153.08127,-1.2754149138262736,0.053037749303091124,0.6190246587059067,648
MOSAIC-NIR-H_TILE102158589-CUTOUT_274.209973_65.1096286.fits,149.42503,-1.2757294667549082,0.05299934877110776,0.3538009098138279,317
MOSAIC-NIR-H_TILE102159489-CUTOUT_273.0926109_66.3535025.fits,156.40976,-1.2764094883961898,0.052916426919796554,0.5468797706738519,1424
MOSAIC-NIR-H_TILE102158895-CUTOUT_274.5742586_65.283716.fits,163.2149,-1.2765730656587502,0.052896499670669776,0.4162020081568372,772
MOSAIC-NIR-H_TILE102160340-CUTOUT_274.1006645_67.821537.fits,155.78957,-1.2766084107436109,0.05289219486075478,0.4936520095083645,2275
MOSAIC-NIR-H_TILE102159777-CUTOUT_272.3919751_67.1492838.fits,152.80156,-1.2768061325522868,0.052868120043713336,0.6107377838417775,1655
MOSAIC-NIR-H_TILE102160061-CUTOUT_272.9206513_67.2548822.fits,150.95567,-1.2774132444076498,0.05279426592005883,0.4069176607531089,1963
MOSAIC-NIR-H_TILE102160340-CUTOUT_274.516968_67.8091793.fits,157.78058,-1.277864230680854,0.05273947100046233,0.40242348489999535,2314
MOSAIC-NIR-H_TILE102159194-CUTOUT_272.4314498_66.0103281.fits,158.56862,-1.2782610921476165,0.052691299300181425,0.543544288931178,1004
MOSAIC-NIR-H_TILE102158893-CUTOUT_272.364416_65.3011322.fits,156.87839,-1.278375251992408,0.05267745054022748,0.5732100508265245,563
MOSAIC-NIR-H_TILE102159195-CUTOUT_273.3924573_66.155883.fits,155.70694,-1.2784577108218367,0.0526674497026666,1.2405051471904198,1099
MOSAIC-NIR-H_TILE102159489-CUTOUT_272.5484334_66.3707984.fits,151.58487,-1.2787196520281852,0.05263569333385182,0.3857245492003642,1378
MOSAIC-NIR-H_TILE102160339-CUTOUT_272.5652068_68.1995648.fits,159.59714,-1.2788733843636273,0.05261706455454746,0.4230359082917247,2153
MOSAIC-NIR-H_TILE102158895-CUTOUT_274.4810451_65.5769262.fits,160.83833,-1.278960925649654,0.05260645953540523,0.8773721750421214,761
MOSAIC-NIR-H_TILE102158894-CUTOUT_272.9059167_65.4165361.fits,153.92715,-1.280005940752586,0.052480028141125956,0.5731741642398512,609
MOSAIC-NIR-H_TILE102159195-CUTOUT_273.3602715_66.2101303.fits,156.66153,-1.2800433901914237,0.05247550295613759,0.9819323271275039,1094
MOSAIC-NIR-H_TILE102160610-CUTOUT_272.4668461_68.5275164.fits,158.70439,-1.2800921123840026,0.05246961621739892,0.9753038836659951,2377
MOSAIC-NIR-H_TILE102158894-CUTOUT_273.6496869_65.5914333.fits,150.45453,-1.2802013016618752,0.05245642609041519,0.2674476875532537,673
MOSAIC-NIR-H_TILE102160063-CUTOUT_275.3359906_67.3476869.fits,156.24152,-1.2804978383753476,0.05242062101464879,0.7498343908898296,2096
MOSAIC-NIR-H_TILE102160340-CUTOUT_274.1591094_68.1899088.fits,164.45819,-1.2805288206068381,0.052416881501592766,0.9416130399677348,2277
MOSAIC-NIR-H_TILE102158894-CUTOUT_273.8002596_65.6906166.fits,161.62956,-1.2809841262444623,0.052361957488377964,0.2790092245344948,696
MOSAIC-NIR-H_TILE102159197-CUTOUT_275.5305328_66.026256.fits,152.86005,-1.2814447212402673,0.052306453971723434,0.765635995353148,1282
MOSAIC-NIR-H_TILE102159195-CUTOUT_273.3672148_66.195264.fits,160.98851,-1.281543088392376,0.05229460796750825,0.686548407952385,1096
MOSAIC-NIR-H_TILE102158895-CUTOUT_274.899713_65.6669571.fits,149.64775,-1.2819682315018268,0.052243440350579394,0.6396655612388358,806
MOSAIC-NIR-H_TILE102158589-CUTOUT_274.5171414_64.842316.fits,160.80458,-1.2821275528687,0.052224278307038054,0.4681279086322433,332
MOSAIC-NIR-H_TILE102158896-CUTOUT_276.2129601_65.5123127.fits,150.52998,-1.282405524454843,0.05219086268402511,1.251921981317427,959
MOSAIC-NIR-H_TILE102158590-CUTOUT_275.7229832_64.9779602.fits,160.5416,-1.282530221041978,0.05217587955964629,0.2896214894485556,491
MOSAIC-NIR-H_TILE102158277-CUTOUT_274.290315_64.3318959.fits,152.76791,-1.282534713443325,0.05217533984802416,0.5073047681870423,169
MOSAIC-NIR-H_TILE102159197-CUTOUT_276.2004776_66.2060352.fits,163.843,-1.2826702400717818,0.05215906046850011,0.5418690983701133,1319
MOSAIC-NIR-H_TILE102158896-CUTOUT_275.8555051_65.3101624.fits,151.59674,-1.2832489564218543,0.05208960253230883,0.4873193168955275,937
MOSAIC-NIR-H_TILE102158894-CUTOUT_273.2227931_65.3679308.fits,160.35788,-1.2838688320437404,0.05201530722415949,0.49289983488003175,632
MOSAIC-NIR-H_TILE102158588-CUTOUT_272.7119912_64.9634336.fits,150.06082,-1.2839851831509808,0.05200137375685157,0.2762260799487006,245
MOSAIC-NIR-H_TILE102158895-CUTOUT_274.2992839_65.5613709.fits,161.70052,-1.2842694661881053,0.05196734553008255,1.0054558437507668,745
MOSAIC-NIR-H_TILE102158588-CUTOUT_272.9776598_65.2459961.fits,159.0892,-1.2842736846030496,0.051966840760228304,0.2554245096117433,269
MOSAIC-NIR-H_TILE102159194-CUTOUT_273.0286893_66.1400466.fits,153.2759,-1.2843396397841884,0.051958949289601604,0.44227280552025794,1058
MOSAIC-NIR-H_TILE102158590-CUTOUT_274.8308868_65.0558182.fits,154.20305,-1.2843442790324495,0.051958394253358436,0.8097789429114282,351
MOSAIC-NIR-H_TILE102159489-CUTOUT_272.6744905_66.7426469.fits,154.17711,-1.2843894513958247,0.05195299017501116,0.6106191373196299,1391
MOSAIC-NIR-H_TILE102159777-CUTOUT_272.6587963_66.9860102.fits,153.77031,-1.2844109099310255,0.051950423235818284,0.5550290209763342,1675
MOSAIC-NIR-H_TILE102159778-CUTOUT_273.3438024_66.8399964.fits,146.94087,-1.2844671497061588,0.0519436962542964,1.0860025247240932,1720
MOSAIC-NIR-H_TILE102159777-CUTOUT_272.3789623_67.2021526.fits,158.01715,-1.2845040522245343,0.05193928272419403,0.7636693846869548,1653
MOSAIC-NIR-H_TILE102158896-CUTOUT_276.0892989_65.6900938.fits,154.99142,-1.284529916931319,0.051936189536572155,0.44144879177237994,952
MOSAIC-NIR-H_TILE102159194-CUTOUT_272.1811329_65.945895.fits,148.1631,-1.284668146082254,0.05191966168898077,0.6452424871810554,983
MOSAIC-NIR-H_TILE102160611-CUTOUT_273.6463226_68.2523353.fits,156.62662,-1.2848152905417365,0.05190207363108844,0.3549546218795424,2471
MOSAIC-NIR-H_TILE102158277-CUTOUT_274.2095328_64.5596814.fits,157.65436,-1.2849227552568891,0.05188923222562846,0.49989558412699403,158
MOSAIC-NIR-H_TILE102159197-CUTOUT_275.9591235_66.2197016.fits,147.03975,-1.2860235662408486,0.051757874567080156,0.4350594052412516,1314
MOSAIC-NIR-H_TILE102158590-CUTOUT_275.2503579_65.23051.fits,151.73378,-1.2860306886141535,0.05175702575159505,0.42282206154557794,404
MOSAIC-NIR-H_TILE102158893-CUTOUT_272.6999381_65.5460116.fits,147.71669,-1.2865650321997415,0.051693384537517456,0.6594636589755472,585
MOSAIC-NIR-H_TILE102160339-CUTOUT_272.7052714_67.8567581.fits,154.50734,-1.2870669615113395,0.051633675197023596,0.4397725375091194,2160
MOSAIC-NIR-H_TILE102158590-CUTOUT_275.5573426_65.2121496.fits,150.8515,-1.2871287185625648,0.05162633336573939,0.416793338147475,452
MOSAIC-NIR-H_TILE102158589-CUTOUT_274.5637782_65.0689808.fits,156.0934,-1.2877285530014617,0.05155507785059742,0.5946304454746327,333
MOSAIC-NIR-H_TILE102158896-CUTOUT_275.4367067_65.4715774.fits,155.21863,-1.2878919694132203,0.05153568234522045,0.694892799380781,892
MOSAIC-NIR-H_TILE102158895-CUTOUT_274.4507695_65.6134562.fits,150.86275,-1.2879671249299462,0.051526764765362686,0.388400089322792,757
MOSAIC-NIR-H_TILE102158590-CUTOUT_275.5817035_65.1917854.fits,149.89091,-1.2884418544524419,0.05147047136779882,0.46386080242350514,460
MOSAIC-NIR-H_TILE102159492-CUTOUT_276.3619115_66.660795.fits,158.21269,-1.2887449910656708,0.05143455762492799,0.6356787296798784,1606
MOSAIC-NIR-H_TILE102159197-CUTOUT_275.6036601_65.9362065.fits,153.24234,-1.288836014643132,0.051423778609661124,0.8095138196445004,1290
MOSAIC-NIR-H_TILE102159777-CUTOUT_272.6760972_67.1185998.fits,159.25363,-1.288864137011505,0.05142044881459328,0.6914756065793407,1678
MOSAIC-NIR-H_TILE102158588-CUTOUT_273.1025585_65.1002394.fits,152.12315,-1.2894141489952566,0.05135536863738803,0.5266666421592425,276
MOSAIC-NIR-H_TILE102160063-CUTOUT_274.6999206_67.5064954.fits,154.38618,-1.2896975701162496,0.05132186499316063,0.34522572216298775,2062
MOSAIC-NIR-H_TILE102160611-CUTOUT_273.8983125_68.3943649.fits,151.59148,-1.2899345965028521,0.05129386252535127,0.30734055433648855,2485
MOSAIC-NIR-H_TILE102158893-CUTOUT_271.9030711_65.4249071.fits,155.41379,-1.2900605876267255,0.051278984063076904,0.20941230635641578,538
MOSAIC-NIR-H_TILE102159195-CUTOUT_273.3519168_65.9770897.fits,148.9072,-1.2902971947911523,0.05125105446450334,0.39048960099001945,1090
MOSAIC-NIR-H_TILE102160063-CUTOUT_275.4184977_67.4239919.fits,148.3641,-1.2909259503140038,0.05117690876497278,0.43275097633775,2102
MOSAIC-NIR-H_TILE102158894-CUTOUT_273.4156643_65.5602343.fits,153.98917,-1.2909418443477774,0.051175035859223054,0.5438367748912755,657
MOSAIC-NIR-H_TILE102159196-CUTOUT_275.3394499_66.2182216.fits,154.29884,-1.290967930225038,0.051171962125457285,0.39407092188072823,1269
MOSAIC-NIR-H_TILE102159489-CUTOUT_272.5540467_66.3754779.fits,153.6067,-1.291311928958117,0.05113144556093685,1.0799209392663316,1381
MOSAIC-NIR-H_TILE102158893-CUTOUT_272.589324_65.5241595.fits,149.57458,-1.291651374656449,0.0510914967039952,0.8196153952638864,576
MOSAIC-NIR-H_TILE102159490-CUTOUT_274.1888947_66.437023.fits,152.30772,-1.2916963526500183,0.051086205653536415,0.6045859206428382,1487
MOSAIC-NIR-H_TILE102159196-CUTOUT_275.0436598_66.233341.fits,155.60968,-1.291874287586107,0.051065279394435156,0.8336693744534279,1249
MOSAIC-NIR-H_TILE102159779-CUTOUT_274.1600958_67.0406452.fits,155.24072,-1.2918922218995277,0.0510631706828248,0.60436482507554,1786
MOSAIC-NIR-H_TILE102158587-CUTOUT_272.0861371_64.9992317.fits,153.40233,-1.2919125999816168,0.05106077473925493,0.6731282183674443,210
MOSAIC-NIR-H_TILE102160340-CUTOUT_273.9488526_67.8461869.fits,157.75612,-1.2921983743798124,0.051027186786919414,0.725629602136584,2263
MOSAIC-NIR-H_TILE102158894-CUTOUT_272.997416_65.7235243.fits,156.8939,-1.2924001019431546,0.05100349042375174,0.3944004599346066,616
MOSAIC-NIR-H_TILE102160610-CUTOUT_272.3403938_68.5572616.fits,145.78386,-1.2930282372426127,0.05092977561261216,0.3209932052779731,2361
MOSAIC-NIR-H_TILE102160340-CUTOUT_273.8227588_68.1217021.fits,156.63934,-1.293128289669725,0.050918043801700404,0.46118114013705175,2253
MOSAIC-NIR-H_TILE102159780-CUTOUT_276.0022139_66.9397042.fits,154.92055,-1.29331031815043,0.05089670668501414,0.4599400232128132,1901
MOSAIC-NIR-H_TILE102159488-CUTOUT_271.870813_66.6687124.fits,148.92856,-1.293323321265314,0.05089518282080615,0.34888590209280623,1328
MOSAIC-NIR-H_TILE102157959-CUTOUT_273.8114036_64.1794079.fits,165.1494,-1.2933840226143036,0.0508880696971311,0.7596309278111237,46
MOSAIC-NIR-H_TILE102160063-CUTOUT_274.8728426_67.3388296.fits,152.49496,-1.293618126387887,0.05086064618755218,0.7826132193624705,2071
MOSAIC-NIR-H_TILE102158590-CUTOUT_275.4905561_65.1736762.fits,153.26562,-1.2936346485868304,0.05085871129368346,0.6074951608585967,435
MOSAIC-NIR-H_TILE102159490-CUTOUT_273.8904911_66.4002032.fits,148.34106,-1.293720850804757,0.0508486174545328,1.520660628423623,1471
MOSAIC-NIR-H_TILE102159489-CUTOUT_272.5002563_66.4097874.fits,163.197,-1.2946157533381617,0.050743947219104094,1.2395574237206315,1374
MOSAIC-NIR-H_TILE102158896-CUTOUT_276.0524235_65.5028999.fits,163.80185,-1.2946761788041827,0.0507368874624488,1.1177618639393505,949
MOSAIC-NIR-H_TILE102160610-CUTOUT_272.5429418_68.4420202.fits,156.88843,-1.2947603369996084,0.0507270565496029,0.3483414428506562,2388
MOSAIC-NIR-H_TILE102159779-CUTOUT_274.9837294_66.790833.fits,157.24666,-1.294873924310792,0.0507137909043772,0.718283999141761,1838
MOSAIC-NIR-H_TILE102158896-CUTOUT_275.1014676_65.3421162.fits,153.98386,-1.294904977267549,0.05071016489271533,0.348761825375007,831
MOSAIC-NIR-H_TILE102160061-CUTOUT_272.2698489_67.3627993.fits,149.76526,-1.2955745427982255,0.05063204366502336,0.3692371492948812,1920
MOSAIC-NIR-H_TILE102159196-CUTOUT_274.4440313_65.9103349.fits,149.65685,-1.2956386824623984,0.05062456652079124,0.40947192202276744,1197
MOSAIC-NIR-H_TILE102159778-CUTOUT_273.0051791_67.0090578.fits,151.42099,-1.295761079794281,0.050610300995771,0.8123751633267763,1697
MOSAIC-NIR-H_TILE102158590-CUTOUT_274.9546332_65.1457934.fits,154.96722,-1.2958938166190535,0.05059483493662273,0.2779410993764222,365
MOSAIC-NIR-H_TILE102158590-CUTOUT_275.4447767_65.2034405.fits,156.38626,-1.2959848255068853,0.05058423361096654,0.4272498557739333,429
MOSAIC-NIR-H_TILE102159196-CUTOUT_275.3297179_66.2188954.fits,155.00433,-1.2961250292527724,0.050567906085108326,0.4726085661696656,1267
MOSAIC-NIR-H_TILE102158893-CUTOUT_272.6479817_65.6040838.fits,154.9754,-1.2962921269530676,0.05054845348826154,0.4935122515221332,580
MOSAIC-NIR-H_TILE102160063-CUTOUT_274.5188983_67.576545.fits,154.32523,-1.2963131061992115,0.050546011728398677,0.31187658670442414,2051
MOSAIC-NIR-H_TILE102158590-CUTOUT_275.4190662_65.2384168.fits,152.19753,-1.2970366499541122,0.050461871117626574,0.5056626354054838,424
MOSAIC-NIR-H_TILE102158590-CUTOUT_274.7388719_65.1799247.fits,150.49475,-1.2971104813792278,0.050453293170303185,0.3476620568022494,346
MOSAIC-NIR-H_TILE102160340-CUTOUT_273.9613989_68.1530116.fits,156.4184,-1.297245737634696,0.050437582491822,0.3438033076211849,2264
MOSAIC-NIR-H_TILE102160340-CUTOUT_274.3980678_67.9022622.fits,153.90614,-1.2973681389412592,0.050423369195659526,0.25775515122498743,2300
MOSAIC-NIR-H_TILE102160339-CUTOUT_273.7020676_67.8390788.fits,156.55913,-1.2974824260911797,0.05041010173495839,0.27056119958028724,2241
MOSAIC-NIR-H_TILE102160611-CUTOUT_274.0927726_68.4041128.fits,152.4122,-1.2974854756403196,0.050409747764210276,0.7388431951446315,2495
MOSAIC-NIR-H_TILE102158896-CUTOUT_275.5231217_65.4710525.fits,150.88477,-1.297505565912854,0.050407415885291816,0.46314721623967203,900
MOSAIC-NIR-H_TILE102158896-CUTOUT_275.5578665_65.4706091.fits,149.90186,-1.2976128124687811,0.05039496959703839,0.8316408284366894,902
MOSAIC-NIR-H_TILE102159491-CUTOUT_275.0996678_66.4023407.fits,168.93024,-1.2976451392539388,0.05039121857833304,0.7699637179262219,1533
MOSAIC-NIR-H_TILE102158896-CUTOUT_275.194132_65.6133658.fits,153.09665,-1.2976969295579255,0.050385209704093624,0.35029348404974364,842
MOSAIC-NIR-H_TILE102160061-CUTOUT_272.9157146_67.3210261.fits,155.78036,-1.297711831030927,0.05038348092099233,0.8035936046620158,1962
MOSAIC-NIR-H_TILE102158894-CUTOUT_273.2335971_65.4312261.fits,152.08713,-1.2977262494328945,0.050381808237474734,0.23888203387137893,634
MOSAIC-NIR-H_TILE102159780-CUTOUT_275.4172879_67.063738.fits,157.53223,-1.2979623145641859,0.05035443014064881,0.6312895692968138,1864
MOSAIC-NIR-H_TILE102158896-CUTOUT_275.8859886_65.4723821.fits,152.64282,-1.2980213586638945,0.05034758471658209,0.35248936964546,940
MOSAIC-NIR-H_TILE102159195-CUTOUT_273.4215202_66.0978477.fits,156.74466,-1.2980957457564801,0.050338961789339345,0.2104982770318402,1104
MOSAIC-NIR-H_TILE102158895-CUTOUT_274.8158646_65.5740167.fits,152.1969,-1.2981359857753265,0.05033429779517304,0.3238888711726141,798
MOSAIC-NIR-H_TILE102159489-CUTOUT_272.9603817_66.3131207.fits,149.22922,-1.2981399406580711,0.050333839430289955,0.5486075882651896,1415
MOSAIC-NIR-H_TILE102158276-CUTOUT_272.6031768_64.5128905.fits,156.96478,-1.2982601906419764,0.05031990463312967,0.4130327200831,78
MOSAIC-NIR-H_TILE102158894-CUTOUT_272.8872667_65.3721418.fits,152.4238,-1.2982624864526722,0.05031963862774685,0.5692558185960596,607
MOSAIC-NIR-H_TILE102159778-CUTOUT_272.9645507_67.1168585.fits,155.64044,-1.298485091923261,0.05029385299830196,0.8925220924183225,1696
MOSAIC-NIR-H_TILE102160339-CUTOUT_272.9061066_68.0359705.fits,151.2753,-1.2985141836217353,0.05029048412150571,0.40330902841368044,2169
MOSAIC-NIR-H_TILE102160610-CUTOUT_272.4301334_68.5788765.fits,153.626,-1.298592036380529,0.05028146972647005,0.3202281032242239,2370
MOSAIC-NIR-H_TILE102159196-CUTOUT_274.8954404_65.7908978.fits,149.36526,-1.2986813317035466,0.05027113241223887,0.4083234172870821,1240
MOSAIC-NIR-H_TILE102158590-CUTOUT_274.9512197_65.1472374.fits,155.9283,-1.2986990746964526,0.050269078639596634,0.3515639809427648,363
MOSAIC-NIR-H_TILE102159778-CUTOUT_273.1532947_67.2167877.fits,155.24397,-1.2988331010604162,0.05025356763815513,0.37528931588988457,1704
MOSAIC-NIR-H_TILE102160340-CUTOUT_274.2715989_67.7874297.fits,148.31375,-1.2988639465762448,0.050249998534161094,0.4107713495029471,2290
MOSAIC-NIR-H_TILE102157959-CUTOUT_272.9730859_64.0186288.fits,150.29921,-1.2988646793253587,0.05024991375157147,0.3912211482454072,30
MOSAIC-NIR-H_TILE102159490-CUTOUT_274.3737186_66.7336087.fits,147.0055,-1.298960033485181,0.05023888203800515,0.2754529121551527,1497
MOSAIC-NIR-H_TILE102159491-CUTOUT_275.0919488_66.4580835.fits,152.73064,-1.2991326593926846,0.05021891676193333,0.3453940748812358,1531
MOSAIC-NIR-H_TILE102159196-CUTOUT_275.3598679_66.2217987.fits,154.60764,-1.299307341194983,0.05019872178527762,0.6854704905658509,1270
MOSAIC-NIR-H_TILE102159489-CUTOUT_272.8945137_66.3900785.fits,156.64734,-1.2993377580250802,0.050195206123469796,0.3471853991518009,1408
MOSAIC-NIR-H_TILE102158278-CUTOUT_274.626105_64.3456492.fits,150.85701,-1.2993622074189712,0.05019238037303358,0.3453369754330175,198
MOSAIC-NIR-H_TILE102159194-CUTOUT_272.5300904_65.9947603.fits,153.43634,-1.299440932832886,0.050183282726238496,0.5318646761776974,1015
MOSAIC-NIR-H_TILE102159491-CUTOUT_274.9995585_66.3893491.fits,150.728,-1.2994885324308216,0.05017778283323582,0.39625718048696346,1526
MOSAIC-NIR-H_TILE102158895-CUTOUT_274.7106533_65.3485273.fits,154.38087,-1.2995305945002023,0.050172923275337525,0.35010297942515944,784
MOSAIC-NIR-H_TILE102159777-CUTOUT_272.2349118_67.1332832.fits,152.66264,-1.2996143330992944,0.050163250103191594,0.27597517173947506,1646
MOSAIC-NIR-H_TILE102159197-CUTOUT_275.6395352_65.799452.fits,162.03973,-1.2997603331505123,0.05014638917938847,0.4298927366789586,1292
MOSAIC-NIR-H_TILE102158896-CUTOUT_275.7289953_65.6874091.fits,152.96738,-1.2997944613965398,0.05014244867096294,0.4146797031449508,923
MOSAIC-NIR-H_TILE102159194-CUTOUT_272.4388519_65.8190424.fits,158.37508,-1.2999718038581833,0.050121977377146756,1.064917290520392,1005
MOSAIC-NIR-H_TILE102159194-CUTOUT_272.5135843_65.9971114.fits,151.3962,-1.2999872970823245,0.05012018933421528,0.4586998324047247,1012
MOSAIC-NIR-H_TILE102158896-CUTOUT_276.0849642_65.7113189.fits,154.2162,-1.2999908331754781,0.05011978124950724,0.35246622521257653,950
MOSAIC-NIR-H_TILE102159488-CUTOUT_271.8291748_66.4421582.fits,164.03563,-1.3001004482005476,0.05010713271713283,0.7533496014394122,1322
MOSAIC-NIR-H_TILE102159779-CUTOUT_275.046514_67.0400755.fits,151.17502,-1.3001212640777262,0.0501047311233571,0.3472162421626249,1840
MOSAIC-NIR-H_TILE102159778-CUTOUT_273.9619645_66.8733174.fits,155.71481,-1.3002255904725666,0.05009269639027841,0.630293068009788,1768
MOSAIC-NIR-H_TILE102159197-CUTOUT_275.5108322_66.023737.fits,153.95532,-1.3003125172516983,0.05008267102457439,0.7640019936781345,1280
MOSAIC-NIR-H_TILE102158894-CUTOUT_273.7199746_65.5204194.fits,157.73633,-1.3003831816660107,0.05007452269468229,0.4255953630097781,683
MOSAIC-NIR-H_TILE102158893-CUTOUT_272.1312621_65.3672641.fits,150.5679,-1.3004232335097548,0.050069904896011125,0.3468168637440981,551
MOSAIC-NIR-H_TILE102158589-CUTOUT_274.1656153_65.1256652.fits,157.3979,-1.3004405255418228,0.05006791133357666,0.34678939949199544,312
MOSAIC-NIR-H_TILE102160062-CUTOUT_273.8620514_67.4119444.fits,151.6333,-1.3004563739642019,0.05006608427161432,0.4728542216893005,2021
MOSAIC-NIR-H_TILE102160339-CUTOUT_273.1809169_68.135244.fits,154.87982,-1.3006045263680566,0.05004900796503985,0.34940630639465603,2188
MOSAIC-NIR-H_TILE102158278-CUTOUT_274.4147071_64.577336.fits,156.5743,-1.3007280360850613,0.05003477646967891,0.4959540153339152,181
MOSAIC-NIR-H_TILE102159194-CUTOUT_272.7668511_65.8278667.fits,152.03737,-1.3008574106420276,0.05001987353346829,0.7474012007882712,1037
MOSAIC-NIR-H_TILE102159492-CUTOUT_276.2428006_66.4365763.fits,152.76645,-1.3008766158580056,0.05001766162133459,0.32420312744600793,1600
MOSAIC-NIR-H_TILE102158276-CUTOUT_272.8765589_64.4923147.fits,152.97752,-1.3008856784347074,0.050016617895972344,0.42041194331167187,88
MOSAIC-NIR-H_TILE102158589-CUTOUT_274.5134565_64.87533.fits,152.14236,-1.3008929722315918,0.05001577789453651,0.34629640920534316,331
MOSAIC-NIR-H_TILE102158590-CUTOUT_274.8417389_64.7959468.fits,153.10071,-1.3009239992344135,0.05001220477925567,0.32362686448776795,354
MOSAIC-NIR-H_TILE102159778-CUTOUT_273.7758665_67.2404365.fits,153.56203,-1.3009780976395484,0.050005975337888926,0.5284944836495865,1752
MOSAIC-NIR-H_TILE102158896-CUTOUT_275.3957422_65.6219431.fits,151.40138,-1.3009919497593765,0.05000438038850644,0.20898085483149112,882
MOSAIC-NIR-H_TILE102158589-CUTOUT_273.7088917_64.7959408.fits,152.45409,-1.300999250782519,0.050003539760580175,0.4650006108824129,297
MOSAIC-NIR-H_TILE102159779-CUTOUT_274.5217373_66.7782552.fits,152.48851,-1.3010017523454431,0.05000325173794554,0.43099583671191743,1807
MOSAIC-NIR-H_TILE102159491-CUTOUT_275.5343426_66.4923568.fits,154.20062,-1.3010391852514793,0.04999894202083416,0.3493255956075355,1565
MOSAIC-NIR-H_TILE102158894-CUTOUT_273.4863391_65.6991663.fits,156.20168,-1.301273880268259,0.04997192962969614,0.912466449669253,661
MOSAIC-NIR-H_TILE102159489-CUTOUT_272.5264928_66.7070373.fits,156.2151,-1.3012850645060934,0.04997064273618767,0.3510246737157755,1375
MOSAIC-NIR-H_TILE102159777-CUTOUT_272.6633315_67.1148421.fits,154.42949,-1.3013417554488096,0.04996412020809963,0.2910303103131743,1676
MOSAIC-NIR-H_TILE102159196-CUTOUT_274.9722902_66.0541388.fits,158.54723,-1.3013520875665379,0.04996293154682722,0.46085864334368126,1245
MOSAIC-NIR-H_TILE102158894-CUTOUT_273.7446556_65.6324324.fits,154.30374,-1.3014455299658947,0.04995218272504546,0.34343559498635684,686
MOSAIC-NIR-H_TILE102159490-CUTOUT_273.9735936_66.6893778.fits,151.39346,-1.3014640978101437,0.049950047113011715,0.30343066471328534,1478
MOSAIC-NIR-H_TILE102159491-CUTOUT_275.1483928_66.4963685.fits,160.99942,-1.3014720604028904,0.04994913130990273,0.6418719580441076,1538
MOSAIC-NIR-H_TILE102158895-CUTOUT_274.5850728_65.3076535.fits,155.26894,-1.301521664229992,0.04994342659412565,0.4535953519312605,773
MOSAIC-NIR-H_TILE102159491-CUTOUT_274.9134534_66.7312415.fits,154.42795,-1.3016055825026538,0.0499337770098828,1.169837068086698,1521
MOSAIC-NIR-H_TILE102160340-CUTOUT_273.9977596_68.140227.fits,154.04872,-1.3016337053714833,0.04993054363793546,0.35092333923182106,2269
MOSAIC-NIR-H_TILE102159779-CUTOUT_274.2768304_67.1011147.fits,153.65184,-1.301689238171989,0.049924159477496906,0.5646270630166728,1790
MOSAIC-NIR-H_TILE102158276-CUTOUT_272.2764076_64.419946.fits,152.58392,-1.3017842291944544,0.04991324101420717,0.8540005078247574,67
MOSAIC-NIR-H_TILE102159196-CUTOUT_275.380214_66.2361176.fits,161.17467,-1.3018633371485757,0.04990415000580558,0.8109408016060212,1272
MOSAIC-NIR-H_TILE102159778-CUTOUT_273.8481241_66.9015089.fits,159.6097,-1.3019610561614579,0.049892922518719234,0.42525362255582905,1757
MOSAIC-NIR-H_TILE102158895-CUTOUT_274.2048197_65.7370384.fits,149.66725,-1.3020001822005545,0.04988842781619093,0.41147742913149654,729
MOSAIC-NIR-H_TILE102159194-CUTOUT_272.3749357_66.130877.fits,153.32645,-1.3021496644687012,0.04987125939155329,0.6144231971682121,1001
MOSAIC-NIR-H_TILE102158895-CUTOUT_274.9459142_65.4824339.fits,153.2662,-1.3022390706101612,0.0498609936890552,0.5670443728172173,811
MOSAIC-NIR-H_TILE102159194-CUTOUT_272.2142448_65.9218496.fits,152.82976,-1.3022950941526195,0.04985456208688456,0.2756036512411744,986
MOSAIC-NIR-H_TILE102158894-CUTOUT_273.2110239_65.2708847.fits,153.65262,-1.3025174803775128,0.04982903993500748,0.3498139192420404,630
MOSAIC-NIR-H_TILE102158895-CUTOUT_274.2277638_65.6554486.fits,152.67807,-1.3030156790752139,0.04977191157975478,0.3520339822024895,730
MOSAIC-NIR-H_TILE102158277-CUTOUT_273.2108251_64.5023336.fits,164.1421,-1.3033832828795315,0.04972980051543941,1.043691361958114,108
MOSAIC-NIR-H_TILE102160061-CUTOUT_272.9114268_67.4415979.fits,157.25854,-1.3034544046110619,0.04972165723920905,0.3520056365722904,1959
MOSAIC-NIR-H_TILE102158896-CUTOUT_275.1878096_65.5961448.fits,152.3264,-1.3035264570384644,0.049713408760174334,0.6766388388940883,841
MOSAIC-NIR-H_TILE102158896-CUTOUT_275.5465214_65.6262908.fits,155.6351,-1.303578922101997,0.049707403480989676,0.5668050560791829,901
MOSAIC-NIR-H_TILE102158895-CUTOUT_274.8103024_65.6419321.fits,153.00552,-1.3037320499025806,0.04968988024742599,0.4846120641056254,797
MOSAIC-NIR-H_TILE102158894-CUTOUT_273.6583863_65.5579195.fits,154.33864,-1.3037902349299282,0.049683223443128297,0.28963624197667387,676
MOSAIC-NIR-H_TILE102159780-CUTOUT_275.6969402_66.7482499.fits,152.21387,-1.3037920421894975,0.04968301669333543,0.6494889679233617,1886
MOSAIC-NIR-H_TILE102158896-CUTOUT_275.9088739_65.6997855.fits,155.55707,-1.3041363126665775,0.04964364797249566,0.35083207968761737,942
MOSAIC-NIR-H_TILE102160340-CUTOUT_274.196392_67.9096312.fits,151.37668,-1.304207398321586,0.049635522926967324,0.6140080813249048,2281
MOSAIC-NIR-H_TILE102159777-CUTOUT_272.2786982_66.940577.fits,154.2051,-1.304257021772855,0.04962985178597352,0.5658643992450649,1648
MOSAIC-NIR-H_TILE102158895-CUTOUT_274.4752261_65.7179005.fits,151.68144,-1.3043697103076874,0.049616975753712586,0.30894950159767653,760
MOSAIC-NIR-H_TILE102159490-CUTOUT_274.0840556_66.5342234.fits,162.32762,-1.304694531258477,0.049579879708578245,0.588364295215853,1482
MOSAIC-NIR-H_TILE102159195-CUTOUT_273.3672362_66.1903569.fits,155.55795,-1.3048375365367617,0.04956355664304524,0.5106481664285817,1097
MOSAIC-NIR-H_TILE102160061-CUTOUT_271.9497336_67.6964471.fits,152.32616,-1.3048804178922082,0.04955866307967955,0.5119019325808117,1915
MOSAIC-NIR-H_TILE102159491-CUTOUT_275.3569568_66.5734464.fits,155.24757,-1.305129691084097,0.04953022592011062,0.47896084022374297,1554
MOSAIC-NIR-H_TILE102158589-CUTOUT_274.1487763_64.9544686.fits,154.3302,-1.3051993185751583,0.04952228571117312,0.6870454321631405,308
MOSAIC-NIR-H_TILE102160339-CUTOUT_273.474216_67.9868774.fits,153.88394,-1.3054163832462506,0.04949754016824738,0.7137840775220133,2215
MOSAIC-NIR-H_TILE102158590-CUTOUT_275.7601266_65.0395518.fits,154.7202,-1.3055169064738945,0.04948608463079655,0.9608629265602806,495
MOSAIC-NIR-H_TILE102158588-CUTOUT_272.6250785_65.2294759.fits,150.73427,-1.3055983670669518,0.04947680339898052,0.46670020187535066,243
MOSAIC-NIR-H_TILE102158896-CUTOUT_276.1656833_65.577423.fits,162.1261,-1.3056773425956651,0.04946780696543031,1.3237104116390257,955
MOSAIC-NIR-H_TILE102159194-CUTOUT_272.1503059_66.1096579.fits,150.2543,-1.3060254297210594,0.049428174391848004,0.3493343676270636,982
MOSAIC-NIR-H_TILE102158588-CUTOUT_273.1452606_64.9303868.fits,152.84224,-1.3060698527078574,0.04942311875578813,0.6414784602468973,281
MOSAIC-NIR-H_TILE102159489-CUTOUT_273.5159919_66.4595525.fits,150.96335,-1.3060834514663189,0.04942157122856847,0.6961442775221706,1447
MOSAIC-NIR-H_TILE102160061-CUTOUT_272.7575975_67.6472382.fits,156.12364,-1.3062386421022847,0.0494039140968374,0.5982849442806394,1945
MOSAIC-NIR-H_TILE102160340-CUTOUT_274.4960973_68.1125996.fits,152.07747,-1.3062447957185852,0.04940321408661401,0.5740231397045426,2311
MOSAIC-NIR-H_TILE102159196-CUTOUT_274.7623359_65.9178965.fits,157.27791,-1.3064193183340205,0.049383365236720905,0.6191228296361942,1231
MOSAIC-NIR-H_TILE102159489-CUTOUT_273.0062345_66.3159303.fits,153.15126,-1.3066038084284333,0.04936239143385652,0.8069570605310386,1418
MOSAIC-NIR-H_TILE102159778-CUTOUT_273.4643223_66.8210239.fits,157.27429,-1.3066226293032723,0.049360252278746075,0.5220775757937407,1730
MOSAIC-NIR-H_TILE102158896-CUTOUT_275.3810536_65.7343534.fits,158.7389,-1.306635073948333,0.049358837888178214,0.7370528527781327,878
MOSAIC-NIR-H_TILE102159492-CUTOUT_276.230318_66.4473665.fits,152.00244,-1.3067092204222632,0.04935041164390814,0.5285088247180998,1599
MOSAIC-NIR-H_TILE102159489-CUTOUT_272.7568684_66.5061977.fits,156.85832,-1.3067245439935675,0.049348670403247384,0.778500667227462,1396
MOSAIC-NIR-H_TILE102160339-CUTOUT_272.592471_67.9709668.fits,154.75647,-1.306725324348935,0.04934858173192681,0.9715440819562595,2154
MOSAIC-NIR-H_TILE102159778-CUTOUT_273.7833734_66.9863517.fits,157.81102,-1.3067333125061784,0.049347674051489494,0.5168175055338421,1753
MOSAIC-NIR-H_TILE102160339-CUTOUT_273.6505785_67.9520861.fits,159.08833,-1.3068248587833529,0.04933727299891041,0.5430574144977689,2235
MOSAIC-NIR-H_TILE102158276-CUTOUT_272.4566766_64.3926173.fits,158.57373,-1.307131841503508,0.049302411080862814,0.3469007265071507,74
MOSAIC-NIR-H_TILE102159196-CUTOUT_274.8869718_66.1461824.fits,155.42781,-1.3071629145214,0.0492988837049423,0.7595433385951139,1238
MOSAIC-NIR-H_TILE102159489-CUTOUT_272.4635081_66.6051759.fits,155.1542,-1.3072151152825404,0.04929295849818342,0.7108104702235638,1371
MOSAIC-NIR-H_TILE102160063-CUTOUT_275.2963344_67.3350036.fits,155.46443,-1.3072464770570793,0.04928939902667539,0.46565248341200444,2093
MOSAIC-NIR-H_TILE102160339-CUTOUT_273.1153953_67.9752597.fits,154.34058,-1.3073065268113289,0.0492825842689361,0.5541864138626977,2184
MOSAIC-NIR-H_TILE102160339-CUTOUT_272.7972288_68.1339342.fits,156.71878,-1.3073832938045662,0.04927387372431738,0.28781396065514875,2166
MOSAIC-NIR-H_TILE102159778-CUTOUT_273.2916355_66.8355221.fits,151.56175,-1.3073952648402705,0.04927251554180124,0.3899566177271672,1713
MOSAIC-NIR-H_TILE102160339-CUTOUT_273.6514354_67.9160047.fits,154.91446,-1.307721529689353,0.04923551333822324,0.8901192848396934,2236
MOSAIC-NIR-H_TILE102159490-CUTOUT_273.8370979_66.7281276.fits,152.62709,-1.307781696968124,0.04922869270893644,0.46971167493013616,1468
MOSAIC-NIR-H_TILE102159195-CUTOUT_273.7442318_66.1282771.fits,164.01407,-1.3078219324479525,0.04922413209763604,0.7454657561823288,1133
MOSAIC-NIR-H_TILE102160338-CUTOUT_272.2363664_68.2333761.fits,154.95355,-1.3079629378144815,0.04920815275543805,0.6812570363669943,2132
MOSAIC-NIR-H_TILE102158896-CUTOUT_275.4545227_65.560313.fits,153.62965,-1.3079899620986633,0.049205090838268836,0.3908220845320656,895
MOSAIC-NIR-H_TILE102158589-CUTOUT_273.7212049_64.7676605.fits,153.71904,-1.3082750614125167,0.04917279999721856,0.5586470154022405,299
MOSAIC-NIR-H_TILE102160062-CUTOUT_273.5116325_67.3096635.fits,164.27397,-1.308326044927184,0.04916702775021393,0.640726345151761,2002
MOSAIC-NIR-H_TILE102159195-CUTOUT_273.4943035_66.2521791.fits,156.0821,-1.3083709615212757,0.04916194294872043,0.43285763382467957,1114
MOSAIC-NIR-H_TILE102158590-CUTOUT_275.1741404_64.9566496.fits,154.18726,-1.308614062904743,0.04913443168040604,0.6929830172976654,387
MOSAIC-NIR-H_TILE102159778-CUTOUT_273.663883_66.9129738.fits,160.6468,-1.3088462012218798,0.04910817544886564,1.0745737673517952,1746
MOSAIC-NIR-H_TILE102158893-CUTOUT_271.8943534_65.6431084.fits,157.47218,-1.3088806616881874,0.04910427896029002,0.4228469525910966,536
MOSAIC-NIR-H_TILE102158896-CUTOUT_275.2493804_65.6446778.fits,152.60455,-1.309087176789474,0.04908093451341329,0.5590625561685831,846
MOSAIC-NIR-H_TILE102158896-CUTOUT_275.1201326_65.4345338.fits,159.35162,-1.3096855538160819,0.04901335667918891,1.0442128499953667,832
MOSAIC-NIR-H_TILE102157958-CUTOUT_272.6422449_64.1952392.fits,163.32394,-1.3097258292611278,0.04900881150695009,1.227614121354769,22
MOSAIC-NIR-H_TILE102160063-CUTOUT_274.5517922_67.7142389.fits,154.46455,-1.30974617066638,0.049006516094986095,0.7105609971935006,2053
MOSAIC-NIR-H_TILE102160339-CUTOUT_272.5394121_67.9618593.fits,158.89735,-1.3098004588922634,0.04900039050359784,0.6972923879521314,2150
MOSAIC-NIR-H_TILE102160611-CUTOUT_273.5133806_68.7313005.fits,157.2844,-1.3102967776184693,0.04894442405417849,0.9339296370015678,2466
MOSAIC-NIR-H_TILE102158896-CUTOUT_275.342466_65.4509216.fits,154.26866,-1.310348605473398,0.048938583470750245,0.667933755545922,863
MOSAIC-NIR-H_TILE102159196-CUTOUT_274.3622078_65.982065.fits,157.0264,-1.310707958987636,0.04889810637769757,0.4098691363039685,1188
MOSAIC-NIR-H_TILE102159778-CUTOUT_273.9695817_67.2072532.fits,157.32445,-1.3108177192791037,0.04888574980290176,0.7426688898236943,1771
MOSAIC-NIR-H_TILE102160061-CUTOUT_272.9273173_67.3069395.fits,155.09941,-1.3111604122947151,0.04884719025907587,0.5292715903564077,1964
MOSAIC-NIR-H_TILE102159779-CUTOUT_274.9802165_67.0450978.fits,156.46614,-1.3115615676776124,0.04880209121482549,0.6684374089624056,1837
MOSAIC-NIR-H_TILE102159197-CUTOUT_275.8798301_65.8795127.fits,155.22617,-1.311842560079078,0.04877052603932186,0.7203625505776271,1307
MOSAIC-NIR-H_TILE102158896-CUTOUT_275.7007235_65.36892.fits,152.94884,-1.3120417754593914,0.04874815962376639,0.5499611460900278,916
MOSAIC-NIR-H_TILE102158895-CUTOUT_274.506586_65.730748.fits,159.05153,-1.312126775545942,0.048738619570889916,1.2523779690384524,766
MOSAIC-NIR-H_TILE102158894-CUTOUT_273.7414923_65.7124791.fits,151.14198,-1.3123191872311333,0.0487170309870719,0.7560810082893956,685
MOSAIC-NIR-H_TILE102160610-CUTOUT_272.7554602_68.6838796.fits,155.57193,-1.3123754285408291,0.04871072252049144,0.3592144912256301,2410
MOSAIC-NIR-H_TILE102160063-CUTOUT_275.5260482_67.3999601.fits,153.90019,-1.3124658443807034,0.04870058248269416,0.6034165220044932,2103
MOSAIC-NIR-H_TILE102159780-CUTOUT_275.5639098_66.9493506.fits,161.85173,-1.3128189000054675,0.048661007889122254,0.6364174146443169,1875
MOSAIC-NIR-H_TILE102160610-CUTOUT_272.5568861_68.5452743.fits,151.26497,-1.3130719777125455,0.04863265977666021,0.5316785639766912,2389
MOSAIC-NIR-H_TILE102159779-CUTOUT_274.7997925_67.0178249.fits,147.96524,-1.3133707045824996,0.04859921959373228,1.7346210614019413,1823
MOSAIC-NIR-H_TILE102158896-CUTOUT_275.3408168_65.4476142.fits,150.1032,-1.3133843716273572,0.04859769022301525,0.7702047244355303,861
MOSAIC-NIR-H_TILE102160062-CUTOUT_273.306234_67.4521116.fits,152.15842,-1.3134094931403204,0.048594879199051415,0.17249660773938233,1990
MOSAIC-NIR-H_TILE102158276-CUTOUT_272.7446139_64.751608.fits,153.13019,-1.313758806983557,0.04855580884495036,0.5270839669229498,82
MOSAIC-NIR-H_TILE102158590-CUTOUT_275.6589181_65.001351.fits,151.39204,-1.3137946290483424,0.04855180396422981,0.6012223623726877,483
MOSAIC-NIR-H_TILE102159778-CUTOUT_273.3193602_66.9623767.fits,153.31714,-1.3138347491202627,0.04854731896159366,0.41047150938179033,1717
MOSAIC-NIR-H_TILE102160061-CUTOUT_272.8515526_67.4965897.fits,155.51762,-1.3141344112998041,0.04851383297869813,0.48309293731214675,1953
MOSAIC-NIR-H_TILE102157958-CUTOUT_272.3859345_64.1093369.fits,152.18008,-1.3141519873047365,0.04851186965162534,0.41203429159924193,15
MOSAIC-NIR-H_TILE102159492-CUTOUT_276.6594184_66.4867612.fits,153.06055,-1.3141778812204212,0.048508977317351,0.5898458418125927,1617
MOSAIC-NIR-H_TILE102159195-CUTOUT_274.1864726_66.1657341.fits,150.05374,-1.3141949287323536,0.04850707321501056,0.3148569235724836,1174
MOSAIC-NIR-H_TILE102159194-CUTOUT_272.2661491_65.970716.fits,152.68044,-1.3142967626179687,0.04849570055229606,0.5723398940226062,993
MOSAIC-NIR-H_TILE102159779-CUTOUT_274.8974355_66.9556877.fits,151.23405,-1.3143585676938856,0.04848879955005996,0.6634856066010436,1833
MOSAIC-NIR-H_TILE102159489-CUTOUT_273.2235195_66.6306391.fits,148.4837,-1.3145857155029983,0.04846344522205884,0.45386345691045105,1432
MOSAIC-NIR-H_TILE102159488-CUTOUT_272.075742_66.3569631.fits,152.59145,-1.3146438090869144,0.048456962922501796,0.4565762289865867,1350
MOSAIC-NIR-H_TILE102158893-CUTOUT_272.4641005_65.3050396.fits,152.33595,-1.3147612815275604,0.048443857557032906,0.5019937615705078,568
MOSAIC-NIR-H_TILE102159194-CUTOUT_272.5538199_66.1204661.fits,150.06816,-1.3148161087500183,0.04843774217998445,0.4124599118674706,1016
MOSAIC-NIR-H_TILE102157958-CUTOUT_272.3807966_63.9898471.fits,156.9394,-1.3148268457654364,0.04843654467373598,0.39123697286200865,14
MOSAIC-NIR-H_TILE102158895-CUTOUT_274.66727_65.4239912.fits,150.90778,-1.3148553821409787,0.04843336213728467,0.8178523895674383,782
MOSAIC-NIR-H_TILE102160611-CUTOUT_273.1948073_68.3139032.fits,156.76582,-1.3149058675982999,0.04842773222849704,0.8058913618829963,2446
MOSAIC-NIR-H_TILE102159195-CUTOUT_273.4786105_66.1610426.fits,155.21225,-1.3149499251223953,0.04842281966835871,0.5284875980127198,1113
MOSAIC-NIR-H_TILE102158590-CUTOUT_274.8958277_64.9360239.fits,153.88545,-1.3149934951277162,0.048417961958275996,0.3761391641713564,358
MOSAIC-NIR-H_TILE102159780-CUTOUT_275.6513221_66.8479894.fits,154.84479,-1.3151300089566373,0.0484027449041174,0.3632089812685129,1884
MOSAIC-NIR-H_TILE102158895-CUTOUT_275.0038806_65.3467561.fits,152.36322,-1.3154011326637858,0.04837253720693558,0.4006062484947903,821
MOSAIC-NIR-H_TILE102159195-CUTOUT_273.228262_66.0609177.fits,151.8179,-1.3154023674481576,0.04837239967452256,0.3920855695862044,1078
MOSAIC-NIR-H_TILE102158590-CUTOUT_275.8173001_65.0825066.fits,152.84515,-1.3154133562317067,0.048371175742082405,0.49370708838766025,503
MOSAIC-NIR-H_TILE102159780-CUTOUT_275.4271475_67.1258176.fits,153.34325,-1.315497956435322,0.048361753995010796,0.48693309957884967,1866
MOSAIC-NIR-H_TILE102159779-CUTOUT_275.144947_66.9215963.fits,153.23279,-1.3156224875788307,0.048347888561767645,0.5081530393066943,1847
MOSAIC-NIR-H_TILE102158894-CUTOUT_273.2952693_65.484259.fits,152.83199,-1.3158471178858528,0.04832288803027728,0.7664794906380002,638
MOSAIC-NIR-H_TILE102159489-CUTOUT_272.8271343_66.6879255.fits,153.91324,-1.3158543234013638,0.048322086296787026,0.6111101438102045,1404
MOSAIC-NIR-H_TILE102160338-CUTOUT_272.1808978_68.1457391.fits,153.7752,-1.3159314382785527,0.04831350681651965,0.5366221282088663,2125
MOSAIC-NIR-H_TILE102160338-CUTOUT_272.0871439_67.8514798.fits,159.8903,-1.3160139771233426,0.04830432557593283,0.5331285133492984,2121
MOSAIC-NIR-H_TILE102159488-CUTOUT_271.8536772_66.3980406.fits,153.89032,-1.3161414644225249,0.04829014790506118,0.528375156471267,1325
MOSAIC-NIR-H_TILE102159491-CUTOUT_275.7409222_66.3958112.fits,150.9669,-1.3161625631528346,0.04828780194834018,0.4412751231550357,1576
MOSAIC-NIR-H_TILE102160063-CUTOUT_275.3607184_67.6160105.fits,152.83629,-1.316219616326526,0.04828145880672917,0.4235335183506136,2098
MOSAIC-NIR-H_TILE102159488-CUTOUT_272.2811823_66.4432835.fits,152.46877,-1.3164701224769182,0.0482536175254247,0.45857034458909257,1359
MOSAIC-NIR-H_TILE102160340-CUTOUT_274.8848832_67.7913949.fits,148.2098,-1.3166912828592736,0.04822905107995112,0.5978209833987014,2334
MOSAIC-NIR-H_TILE102159778-CUTOUT_273.2206285_67.1967175.fits,154.63878,-1.3170166372485057,0.048192933519461766,0.8464018891520053,1708
MOSAIC-NIR-H_TILE102158278-CUTOUT_274.4579116_64.6343132.fits,149.4637,-1.3170747516010473,0.048186485098244906,0.6589034877877665,186
MOSAIC-NIR-H_TILE102160610-CUTOUT_272.7348074_68.4484171.fits,156.76468,-1.317143571455291,0.048178849900733484,0.7458989328073045,2407
MOSAIC-NIR-H_TILE102159196-CUTOUT_275.0474572_65.7873525.fits,148.86754,-1.317165922731021,0.04817637040561397,0.7460837993851412,1250
MOSAIC-NIR-H_TILE102159490-CUTOUT_273.9095274_66.35274.fits,152.02908,-1.3173100967847224,0.04816037980447879,0.4385567044260081,1472
MOSAIC-NIR-H_TILE102158587-CUTOUT_272.1680225_64.9453031.fits,151.1391,-1.3174034690266612,0.048150026554663446,0.5295364722911179,215
MOSAIC-NIR-H_TILE102158588-CUTOUT_272.8466106_65.1775736.fits,152.11162,-1.3174928054465698,0.0481401228861256,0.3466629443897462,254
MOSAIC-NIR-H_TILE102158895-CUTOUT_274.7804088_65.3499394.fits,153.19122,-1.3177609834465034,0.048110405408209225,0.6775648951607601,792
MOSAIC-NIR-H_TILE102159197-CUTOUT_275.7402636_66.0245675.fits,155.80966,-1.3178665592527474,0.048098711321086375,1.2494931472419464,1300
MOSAIC-NIR-H_TILE102159194-CUTOUT_272.0206937_65.9113569.fits,156.766,-1.3179173833045665,0.04809308281677885,0.47608770431403197,974
MOSAIC-NIR-H_TILE102159491-CUTOUT_275.3865036_66.381992.fits,156.0288,-1.3179185277513246,0.048092956082725145,0.7201806227986745,1558
MOSAIC-NIR-H_TILE102160062-CUTOUT_273.4393148_67.7106856.fits,154.83911,-1.3186672749355215,0.04801011265817414,0.49517518563426594,1996
MOSAIC-NIR-H_TILE102158895-CUTOUT_274.5090183_65.401696.fits,149.71837,-1.3190510144182064,0.04796771000380483,0.5302830715561272,767
MOSAIC-NIR-H_TILE102158277-CUTOUT_274.2453821_64.7415732.fits,152.61708,-1.3191907073748466,0.04795228343505114,0.6809302725875344,163
MOSAIC-NIR-H_TILE102160610-CUTOUT_272.8949461_68.2678236.fits,151.65837,-1.3193770484416152,0.047931713146135,0.4935757928399397,2427
MOSAIC-NIR-H_TILE102157959-CUTOUT_273.1844309_64.2515668.fits,154.42491,-1.3193839376302718,0.04793095281412707,0.7137384645775332,37
MOSAIC-NIR-H_TILE102158590-CUTOUT_275.6451762_64.9501697.fits,155.60352,-1.3194837357615892,0.047919939849043025,0.49441054889594443,479
MOSAIC-NIR-H_TILE102160062-CUTOUT_273.6470784_67.757587.fits,155.1414,-1.3198005210699917,0.04788499858581316,0.5352807312211751,2012
MOSAIC-NIR-H_TILE102158278-CUTOUT_274.5928486_64.671682.fits,150.56104,-1.3198690394423913,0.04787744439506257,0.4008277716343326,196
MOSAIC-NIR-H_TILE102159195-CUTOUT_273.3956116_66.1757091.fits,152.51747,-1.3198788977522746,0.0478763576086861,0.2764962939155718,1101
MOSAIC-NIR-H_TILE102160340-CUTOUT_273.7534827_67.9529272.fits,151.49838,-1.3199506075166239,0.047868453020810366,0.35188042440270884,2246
MOSAIC-NIR-H_TILE102158895-CUTOUT_274.6310464_65.6598958.fits,155.0987,-1.3200578939765317,0.04785662924043102,0.20829448436735623,779
MOSAIC-NIR-H_TILE102158587-CUTOUT_271.8975326_64.8589532.fits,158.68864,-1.3201154723832542,0.04785028486829614,0.7780609422468863,204
MOSAIC-NIR-H_TILE102158894-CUTOUT_273.7148144_65.6963712.fits,151.84187,-1.3203099161358638,0.04782886597673609,0.531385549391005,682
MOSAIC-NIR-H_TILE102158895-CUTOUT_273.9868055_65.7391616.fits,158.5682,-1.320449655028697,0.04781347900333775,0.5246746534590621,715
MOSAIC-NIR-H_TILE102160340-CUTOUT_273.9171752_68.2065508.fits,152.19029,-1.32046324982954,0.047811982312548226,0.39464091904152737,2259
MOSAIC-NIR-H_TILE102159778-CUTOUT_273.5899836_66.9908208.fits,151.074,-1.320543932884371,0.047803100646673646,0.3630234484704327,1741
MOSAIC-NIR-H_TILE102158896-CUTOUT_275.4159701_65.7226267.fits,152.08098,-1.3207055505427021,0.04778531458640924,0.34968238039887467,886
MOSAIC-NIR-H_TILE102158276-CUTOUT_272.4105813_64.5259078.fits,152.55339,-1.3207128178130099,0.04778451497714223,0.5347659461005894,73
MOSAIC-NIR-H_TILE102160063-CUTOUT_274.7434334_67.4052683.fits,151.18028,-1.3208214398510585,0.047772565015587125,0.27502631256139487,2065
MOSAIC-NIR-H_TILE102158590-CUTOUT_274.839583_64.7729205.fits,156.36543,-1.3208242567899173,0.0477722551522019,0.7989577884149819,353
MOSAIC-NIR-H_TILE102159780-CUTOUT_275.421791_66.8400043.fits,156.77916,-1.3208309102750628,0.04777152327655416,0.2753952872321345,1865
MOSAIC-NIR-H_TILE102159195-CUTOUT_273.8941742_65.9329766.fits,148.55215,-1.3209255099396688,0.047761118636126164,0.7251248075456025,1148
MOSAIC-NIR-H_TILE102160340-CUTOUT_274.4003562_67.9000784.fits,154.68852,-1.320930264772591,0.047760595730803664,0.32129043314737965,2301
MOSAIC-NIR-H_TILE102159778-CUTOUT_273.8588409_67.1100198.fits,152.82758,-1.3211348544953954,0.04773810171753392,0.6055735382671654,1760
MOSAIC-NIR-H_TILE102160061-CUTOUT_272.5282383_67.3038187.fits,155.8311,-1.3211524684627907,0.047736165611157184,0.7155829759506717,1933
MOSAIC-NIR-H_TILE102159779-CUTOUT_274.8692349_66.9493196.fits,151.08818,-1.3217671239408613,0.047668652567838546,0.38736798640145337,1830
MOSAIC-NIR-H_TILE102159778-CUTOUT_273.4329626_66.828666.fits,155.39262,-1.321899289114454,0.047654148176307635,0.5020022572045726,1728
MOSAIC-NIR-H_TILE102159195-CUTOUT_273.9015503_66.2317681.fits,154.51793,-1.3222769323804189,0.04761272824860469,0.30675386279523215,1150
MOSAIC-NIR-H_TILE102158590-CUTOUT_275.5773579_65.1529129.fits,155.99124,-1.3223170848790942,0.04760832643896999,0.3518787498406406,457
MOSAIC-NIR-H_TILE102159195-CUTOUT_273.3295833_66.0978433.fits,152.27615,-1.3224592233417969,0.047592747454278835,0.4490504470818613,1088
MOSAIC-NIR-H_TILE102160340-CUTOUT_274.3855418_68.1364217.fits,157.00478,-1.3231231382736497,0.047520047023122895,0.5597967240044143,2299
MOSAIC-NIR-H_TILE102158895-CUTOUT_274.9595225_65.3565896.fits,155.05438,-1.3231551022863017,0.04751654968306363,0.5961014323014742,814
MOSAIC-NIR-H_TILE102158590-CUTOUT_275.2505379_65.0611907.fits,154.60313,-1.3231940964714437,0.04751228348574093,1.0351626687039472,405
MOSAIC-NIR-H_TILE102159778-CUTOUT_273.2981297_66.8060466.fits,153.28516,-1.3232066662911968,0.04751090835383911,0.4949591300605522,1714
MOSAIC-NIR-H_TILE102158590-CUTOUT_275.6939367_65.0935969.fits,153.97903,-1.3233310399110036,0.04749730408794996,0.34715676411051,488
MOSAIC-NIR-H_TILE102158896-CUTOUT_275.3989764_65.6198051.fits,151.33281,-1.323372441373799,0.04749277636719504,0.29465398180130564,883
MOSAIC-NIR-H_TILE102160340-CUTOUT_274.9835781_67.8395042.fits,154.16566,-1.323470488822397,0.04748205548506022,1.0392202933812538,2341
MOSAIC-NIR-H_TILE102159778-CUTOUT_273.5016013_66.9157824.fits,156.13684,-1.3234885025649725,0.04748008605689201,0.745174288547131,1733
MOSAIC-NIR-H_TILE102159492-CUTOUT_276.0736216_66.2899912.fits,151.56642,-1.3235298635792394,0.04747556439915294,0.8439108659404796,1593
MOSAIC-NIR-H_TILE102159489-CUTOUT_272.706139_66.3693436.fits,154.36697,-1.3237979489989542,0.047446267275499616,0.6887139937638294,1394
MOSAIC-NIR-H_TILE102160340-CUTOUT_274.0471339_67.9258536.fits,154.0921,-1.323890012684562,0.04743621046965461,0.6857735829656544,2273
MOSAIC-NIR-H_TILE102159195-CUTOUT_273.7352164_65.8662622.fits,159.7855,-1.3239004699796468,0.04743506827582278,0.7590681992698078,1132
MOSAIC-NIR-H_TILE102159780-CUTOUT_275.7391823_66.811815.fits,155.96286,-1.3242100810770236,0.04740126358711592,0.6148908050923152,1889
MOSAIC-NIR-H_TILE102159491-CUTOUT_275.3671932_66.2709748.fits,154.31009,-1.3243561751613022,0.04738532076526427,0.9533439859041394,1555
MOSAIC-NIR-H_TILE102158896-CUTOUT_275.7191681_65.6498503.fits,156.3248,-1.3249148874772996,0.04732439956766503,0.41636668575709984,922
MOSAIC-NIR-H_TILE102158894-CUTOUT_273.7958105_65.6371421.fits,147.45529,-1.325002420794361,0.04731486215834916,1.004009373820466,695
MOSAIC-NIR-H_TILE102158895-CUTOUT_274.2831162_65.5173718.fits,154.54556,-1.3251780887397504,0.04729572762131884,0.6790152809847977,742
MOSAIC-NIR-H_TILE102158590-CUTOUT_275.1886588_65.0266696.fits,158.58777,-1.325279720968683,0.04728466091881935,1.2237479478758448,391
MOSAIC-NIR-H_TILE102160061-CUTOUT_272.4479169_67.7125855.fits,153.65456,-1.3253831887476994,0.047273397003892076,0.6316452618388351,1929
MOSAIC-NIR-H_TILE102158895-CUTOUT_274.0020601_65.6068771.fits,156.41255,-1.32563949808805,0.04724550570212618,0.5239516146028161,717
MOSAIC-NIR-H_TILE102158587-CUTOUT_272.0468338_65.2031391.fits,155.01166,-1.3256515463234428,0.047244195031367044,0.31140004227484197,209
MOSAIC-NIR-H_TILE102158590-CUTOUT_274.9810844_64.9749719.fits,154.63597,-1.3258421720579843,0.047223462593946705,1.0357104383961866,369
MOSAIC-NIR-H_TILE102160610-CUTOUT_272.6527848_68.4351805.fits,154.37492,-1.325899613111024,0.047217217094280915,0.5931445251996197,2402
MOSAIC-NIR-H_TILE102159490-CUTOUT_273.8533776_66.377375.fits,158.07254,-1.326011977441291,0.04720500223797889,0.6284546437415807,1470
MOSAIC-NIR-H_TILE102160062-CUTOUT_274.1457944_67.425977.fits,163.46484,-1.3260847841840553,0.047197089279072214,0.5522715608110063,2028
MOSAIC-NIR-H_TILE102160063-CUTOUT_274.90198_67.5678727.fits,147.99312,-1.3261804566012334,0.04718669319421345,0.39950689811358714,2075
MOSAIC-NIR-H_TILE102159197-CUTOUT_275.5778518_65.8731437.fits,151.34172,-1.3261828455324753,0.04718643363425993,0.23835049221347107,1285
MOSAIC-NIR-H_TILE102158893-CUTOUT_272.4101008_65.5474662.fits,153.99019,-1.3265113700834708,0.04715075268321097,0.814520459061547,566
MOSAIC-NIR-H_TILE102158896-CUTOUT_275.3778566_65.456743.fits,153.45837,-1.3266614483290937,0.04713446171013492,0.7456587202208032,877
MOSAIC-NIR-H_TILE102160610-CUTOUT_272.4075829_68.5006172.fits,153.11566,-1.3270802745767896,0.047089027944334665,0.5094537816776508,2366
MOSAIC-NIR-H_TILE102160062-CUTOUT_274.1833392_67.3892153.fits,152.8762,-1.3271052211681382,0.04708632315058741,0.5380743196285857,2033
MOSAIC-NIR-H_TILE102159778-CUTOUT_272.8955454_66.787724.fits,154.11179,-1.3271861536955634,0.047077549242006515,0.8329024861732199,1690
MOSAIC-NIR-H_TILE102159780-CUTOUT_275.6327547_66.9517562.fits,152.82939,-1.3272573874669888,0.04706982812992193,0.6046239808358247,1882
MOSAIC-NIR-H_TILE102159778-CUTOUT_273.9369448_67.0259602.fits,155.02872,-1.3275270877842964,0.047040606467760794,0.5875871466443974,1764
MOSAIC-NIR-H_TILE102159780-CUTOUT_275.2884349_67.0474205.fits,155.99556,-1.3278760219717942,0.04700282684058031,0.8225718185142199,1857
MOSAIC-NIR-H_TILE102159197-CUTOUT_275.8169358_65.7756734.fits,153.76672,-1.3282438662305487,0.04696303264412574,0.7685023008634891,1304
MOSAIC-NIR-H_TILE102157958-CUTOUT_272.6485265_64.1854492.fits,154.75233,-1.328314722111571,0.04695537117073724,1.0447508167143713,23
MOSAIC-NIR-H_TILE102158588-CUTOUT_273.4266372_65.0758559.fits,157.28079,-1.328409863900533,0.04694508568728492,0.532919497420484,287
MOSAIC-NIR-H_TILE102158894-CUTOUT_273.1664282_65.7487805.fits,151.93192,-1.3284342697576437,0.046942447608956765,0.777768330301374,628
MOSAIC-NIR-H_TILE102159489-CUTOUT_272.5374372_66.3702547.fits,153.24234,-1.3285744431583963,0.0469272988538798,0.9405619035717795,1376
MOSAIC-NIR-H_TILE102160338-CUTOUT_271.9706154_67.7951397.fits,155.61621,-1.3289150175273854,0.046890512823080696,0.49181625134221396,2112
MOSAIC-NIR-H_TILE102159196-CUTOUT_275.0862865_66.196251.fits,154.71687,-1.3289642363774037,0.04688519899469615,0.6648484860967145,1255
MOSAIC-NIR-H_TILE102159491-CUTOUT_274.900238_66.2738751.fits,168.13469,-1.3291605904430446,0.04686400595863805,0.9012547602125802,1520
MOSAIC-NIR-H_TILE102160610-CUTOUT_272.872563_68.4184908.fits,154.07654,-1.3294598918660188,0.04683171995898533,0.774013538277291,2423
MOSAIC-NIR-H_TILE102159488-CUTOUT_272.0600442_66.7338422.fits,153.69026,-1.3302455628685315,0.046747074484248564,0.35171925097476703,1348
MOSAIC-NIR-H_TILE102157958-CUTOUT_272.7669993_64.0522289.fits,151.17342,-1.3304707376070888,0.046722843156574295,0.3536488320562379,27
MOSAIC-NIR-H_TILE102158893-CUTOUT_271.9618116_65.623587.fits,153.74207,-1.3305308289107245,0.04671637878172959,0.6773244636113446,541
MOSAIC-NIR-H_TILE102158276-CUTOUT_272.6663082_64.5319551.fits,156.33492,-1.3308376915655742,0.04668338170432366,0.6772892127393394,80
MOSAIC-NIR-H_TILE102158591-CUTOUT_275.8773797_65.1086185.fits,153.82811,-1.3309299909695735,0.04667346126866043,0.95213033750736,514
MOSAIC-NIR-H_TILE102159197-CUTOUT_275.7249542_66.0319112.fits,153.1731,-1.3313802739083347,0.0466250946120354,0.45031463893725604,1298
MOSAIC-NIR-H_TILE102159777-CUTOUT_272.6343889_66.9471979.fits,157.22188,-1.3314554294482048,0.04661702674306216,0.46604691673758863,1674
MOSAIC-NIR-H_TILE102160610-CUTOUT_272.1478026_68.5640117.fits,167.40045,-1.3316485153717463,0.04659630557020642,0.8016291308385338,2353
MOSAIC-NIR-H_TILE102160340-CUTOUT_274.2427711_67.8444367.fits,154.58844,-1.3316977952264841,0.046591018538040596,0.4792479991790171,2284
MOSAIC-NIR-H_TILE102159194-CUTOUT_272.1083874_65.7603607.fits,154.73883,-1.3319412045977088,0.046564912949482014,0.5742846807768648,979
MOSAIC-NIR-H_TILE102159490-CUTOUT_273.5892728_66.4338378.fits,154.981,-1.3321205522814021,0.04654568731924261,0.9153463232032516,1451
MOSAIC-NIR-H_TILE102159195-CUTOUT_273.4351203_66.173508.fits,150.53972,-1.3321899234842287,0.04653825302619844,0.5069005390504568,1107
MOSAIC-NIR-H_TILE102160340-CUTOUT_273.9229744_68.1162612.fits,151.01201,-1.332359205987615,0.04652011653791936,0.4521219778975031,2260
MOSAIC-NIR-H_TILE102159780-CUTOUT_275.7757346_66.8098025.fits,157.64955,-1.3333952090449073,0.04640927574569762,0.680952675115352,1893
MOSAIC-NIR-H_TILE102158895-CUTOUT_274.2521939_65.657979.fits,153.85284,-1.333701584387807,0.04637654762174482,0.4923369825936668,735
MOSAIC-NIR-H_TILE102159778-CUTOUT_273.3603933_66.830097.fits,148.24121,-1.333713683578453,0.04637525561620845,0.6226379107697609,1721
MOSAIC-NIR-H_TILE102158894-CUTOUT_273.3220466_65.4902131.fits,154.73552,-1.333737016330319,0.046372764142541684,0.5057254054148804,643
MOSAIC-NIR-H_TILE102159777-CUTOUT_271.8249214_67.0345824.fits,159.39188,-1.333937334641874,0.046351379639206505,0.7298421030938832,1622
MOSAIC-NIR-H_TILE102158276-CUTOUT_272.9369655_64.3371679.fits,156.00722,-1.3339459171040111,0.04635046365927436,0.6888890721861929,92
MOSAIC-NIR-H_TILE102157958-CUTOUT_272.768086_64.053758.fits,150.74,-1.3340123924458738,0.04634336956241531,0.355495731040473,28
MOSAIC-NIR-H_TILE102159778-CUTOUT_273.3140462_66.9034486.fits,154.24255,-1.3342784865691228,0.04631498347478445,0.2776480849459791,1716
MOSAIC-NIR-H_TILE102160061-CUTOUT_272.7953291_67.4878905.fits,155.59894,-1.334314917400291,0.04631109850123209,0.8898785790431806,1950
MOSAIC-NIR-H_TILE102160339-CUTOUT_273.2263408_67.7741388.fits,157.23685,-1.3344104395163916,0.046300913597088794,0.4526273630761179,2194
MOSAIC-NIR-H_TILE102158590-CUTOUT_275.6598902_64.9818205.fits,155.20601,-1.334541924831859,0.04628689783358189,0.5015164445163605,484
MOSAIC-NIR-H_TILE102158276-CUTOUT_272.4044649_64.6070604.fits,159.94093,-1.334623096739387,0.04627824737899552,0.6152766946822622,72
MOSAIC-NIR-H_TILE102159780-CUTOUT_275.7443594_67.0230877.fits,154.70787,-1.3349345881699777,0.04624506687649565,0.8950702195675051,1890
MOSAIC-NIR-H_TILE102158896-CUTOUT_275.8046478_65.4745745.fits,152.52702,-1.3356251762302584,0.04617158928407049,1.1777346550731567,932
MOSAIC-NIR-H_TILE102158896-CUTOUT_275.8276747_65.3110931.fits,152.54724,-1.335990805687482,0.04613273410737138,0.2845535079322991,934
MOSAIC-NIR-H_TILE102158277-CUTOUT_273.1879057_64.5967725.fits,150.38388,-1.336194611773473,0.04611108997742968,0.38431509140140757,107
MOSAIC-NIR-H_TILE102159488-CUTOUT_271.8536933_66.3555566.fits,163.40271,-1.3363105678201572,0.04609878002142938,0.618217536581575,1326
MOSAIC-NIR-H_TILE102159777-CUTOUT_272.0899486_66.8998723.fits,151.63338,-1.336351615077761,0.046094423210190416,0.3182436337362161,1634
MOSAIC-NIR-H_TILE102158895-CUTOUT_274.8970041_65.7084282.fits,160.0063,-1.3365075124762849,0.04607787980162784,0.7662529730943987,805
MOSAIC-NIR-H_TILE102158895-CUTOUT_274.0563887_65.3068017.fits,159.45619,-1.3365323067702946,0.046075249245783705,0.6566578864399536,726
MOSAIC-NIR-H_TILE102160611-CUTOUT_273.1161338_68.3544252.fits,153.72737,-1.3367822394042972,0.04604874097564117,0.4567520180895485,2440
MOSAIC-NIR-H_TILE102159777-CUTOUT_272.1717939_67.2438084.fits,154.49893,-1.3370094559900882,0.04602465524219837,0.6386262897401419,1640
MOSAIC-NIR-H_TILE102158894-CUTOUT_273.1963227_65.4537427.fits,168.50037,-1.3371545728396568,0.04600927895373954,0.653276957866351,629
MOSAIC-NIR-H_TILE102157958-CUTOUT_271.8296771_63.8320221.fits,152.96051,-1.3374829867462337,0.04597449984422287,0.40514925043991695,3
MOSAIC-NIR-H_TILE102159491-CUTOUT_275.1161069_66.4219805.fits,159.93314,-1.3375225728317077,0.04597030944435764,0.7149344162383389,1535
MOSAIC-NIR-H_TILE102160610-CUTOUT_272.2684028_68.5011348.fits,152.40489,-1.3378432691591864,0.045936376092207,0.6095827041052653,2356
MOSAIC-NIR-H_TILE102158590-CUTOUT_275.4497682_65.0651449.fits,155.39711,-1.3378471668709377,0.04593596382367282,1.272878399987359,430
MOSAIC-NIR-H_TILE102158590-CUTOUT_275.7052555_64.9770965.fits,149.32776,-1.3379997311221774,0.04591982971329055,0.7243891366051756,489
MOSAIC-NIR-H_TILE102159779-CUTOUT_274.6682553_66.9137783.fits,152.29172,-1.3380406264402707,0.04591550587841014,0.7357715670635235,1815
MOSAIC-NIR-H_TILE102159194-CUTOUT_272.6042864_65.9129321.fits,156.9279,-1.3382633037458773,0.045891969497388475,0.6753340163380918,1026
MOSAIC-NIR-H_TILE102158277-CUTOUT_273.4019539_64.6063764.fits,148.16039,-1.3384802343120767,0.045869052132797336,0.5212779828012448,118
MOSAIC-NIR-H_TILE102157958-CUTOUT_272.0815489_63.8553168.fits,149.72858,-1.3385616948051213,0.045860449294513106,0.666026353464815,7
MOSAIC-NIR-H_TILE102160063-CUTOUT_274.6262512_67.3561446.fits,158.75252,-1.3386211103725536,0.04585417558312888,0.8912632002404688,2056
MOSAIC-NIR-H_TILE102159195-CUTOUT_274.0975999_65.8031518.fits,151.60895,-1.3387256388419253,0.04584314046704366,0.8063986932363963,1167
MOSAIC-NIR-H_TILE102159491-CUTOUT_274.8621484_66.6876641.fits,150.72528,-1.3390257632987193,0.04581147095417054,0.6727650746187152,1518
MOSAIC-NIR-H_TILE102159779-CUTOUT_274.8487344_66.8289189.fits,150.60783,-1.3393646459475985,0.04577573792546874,0.4575631330327891,1828
MOSAIC-NIR-H_TILE102159489-CUTOUT_273.060696_66.4745913.fits,154.7053,-1.3394039423249697,0.04577159617518685,0.5524974298619257,1422
MOSAIC-NIR-H_TILE102160340-CUTOUT_274.4914821_67.745566.fits,152.91454,-1.3396250430389034,0.04574829963941461,0.5780453722284139,2310
MOSAIC-NIR-H_TILE102158277-CUTOUT_273.45353_64.3013793.fits,154.73193,-1.3396944988992068,0.04574098378906386,0.43703672491504625,119
MOSAIC-NIR-H_TILE102159492-CUTOUT_276.5492454_66.4917862.fits,152.10909,-1.339906438743832,0.04571866719900469,0.7138557559706603,1613
MOSAIC-NIR-H_TILE102158589-CUTOUT_274.2418846_64.959088.fits,147.2617,-1.3399905891950468,0.045709809444807965,0.6422843178027653,319
MOSAIC-NIR-H_TILE102159194-CUTOUT_272.6026316_66.1348046.fits,153.29907,-1.3400544923630395,0.045703084084799034,0.32546707016152837,1025
MOSAIC-NIR-H_TILE102159194-CUTOUT_272.5571013_66.2092069.fits,152.75009,-1.3402614256853085,0.0456813125942108,0.6907813729428813,1017
MOSAIC-NIR-H_TILE102160062-CUTOUT_274.2073275_67.3843452.fits,148.68074,-1.3405405357483855,0.04565196380356156,0.5968687274133048,2036
MOSAIC-NIR-H_TILE102159488-CUTOUT_271.9088389_66.565439.fits,156.77913,-1.3410746007522987,0.04559585871291599,0.6709940150091008,1335
MOSAIC-NIR-H_TILE102160061-CUTOUT_272.9043778_67.5142931.fits,151.50475,-1.341199404859969,0.04558275761879006,0.6064465031773196,1958
MOSAIC-NIR-H_TILE102159490-CUTOUT_273.9620745_66.7460285.fits,151.02643,-1.3413746755706917,0.0455643652359117,0.6038862929468551,1476
MOSAIC-NIR-H_TILE102159777-CUTOUT_272.0912658_67.1240825.fits,155.04164,-1.3415980702357726,0.04554093362657081,0.691185558387635,1635
MOSAIC-NIR-H_TILE102159195-CUTOUT_273.8480649_65.9352913.fits,156.21754,-1.341711620904615,0.04552902804702574,0.723708449960568,1143
MOSAIC-NIR-H_TILE102160340-CUTOUT_273.964123_68.1546422.fits,152.31316,-1.3417620531599934,0.04552374131566763,0.6467044506743997,2265
MOSAIC-NIR-H_TILE102158590-CUTOUT_275.5931516_64.9750632.fits,155.26454,-1.3418137853157477,0.04551831895568744,0.4918674187452006,464
MOSAIC-NIR-H_TILE102160338-CUTOUT_271.8339511_67.8091765.fits,154.53583,-1.3418357752758305,0.04551601425065852,0.608585142162848,2105
MOSAIC-NIR-H_TILE102160610-CUTOUT_272.6279056_68.3874777.fits,151.1234,-1.3419078556859392,0.04550846052648035,0.2767902025383704,2399
MOSAIC-NIR-H_TILE102157958-CUTOUT_272.2742001_63.8903309.fits,154.43282,-1.3419675208419917,0.045502208817091265,0.5271835373847078,10
MOSAIC-NIR-H_TILE102159197-CUTOUT_275.9052859_65.8876145.fits,153.84563,-1.3421372954532347,0.04548442454771326,0.5270681162534401,1310
MOSAIC-NIR-H_TILE102158894-CUTOUT_272.8772483_65.6964529.fits,151.52089,-1.3423557520617275,0.045461550956436295,0.4357957593721269,605
MOSAIC-NIR-H_TILE102158590-CUTOUT_274.7057421_65.097853.fits,153.08894,-1.3424114152965423,0.045455724553086316,0.8064122498177212,345
MOSAIC-NIR-H_TILE102159778-CUTOUT_273.5261081_67.1468591.fits,155.31386,-1.3434926665953986,0.045342695418584614,0.5985767705780658,1736
MOSAIC-NIR-H_TILE102158590-CUTOUT_275.2991968_64.9693147.fits,149.9662,-1.3439501813324413,0.04529495355444756,0.8079822586941997,411
MOSAIC-NIR-H_TILE102159195-CUTOUT_274.1032607_66.1894135.fits,153.44148,-1.3440417916302656,0.04528540002166837,0.81828222495714,1168
MOSAIC-NIR-H_TILE102158278-CUTOUT_274.3542725_64.6156963.fits,148.23186,-1.3441365450218563,0.04527552083286899,0.7391162979862362,176
MOSAIC-NIR-H_TILE102158894-CUTOUT_272.8205679_65.6972628.fits,155.98064,-1.3442161771437238,0.04526721988634145,0.39020849301854654,601
MOSAIC-NIR-H_TILE102159195-CUTOUT_273.514477_66.1949113.fits,153.32103,-1.3443105722639757,0.04525738199868329,0.6839677835566036,1118
MOSAIC-NIR-H_TILE102158588-CUTOUT_272.8566368_65.0445218.fits,153.04108,-1.344405860641634,0.04524745318397396,0.5738303729164117,255
MOSAIC-NIR-H_TILE102158896-CUTOUT_275.1344535_65.6996671.fits,158.40935,-1.3446899853503327,0.045217861016448466,0.5080731219990758,833
MOSAIC-NIR-H_TILE102159777-CUTOUT_272.4071275_66.831884.fits,163.2012,-1.3448036762964124,0.045206025294890165,1.5086871300273788,1658
MOSAIC-NIR-H_TILE102159491-CUTOUT_275.5861461_66.6569038.fits,161.96242,-1.3449044101792558,0.045195541048449646,0.8116644505513515,1569
MOSAIC-NIR-H_TILE102159489-CUTOUT_272.4263047_66.5081039.fits,156.15797,-1.3449488662143225,0.045190914897739666,0.5116254929699675,1368
MOSAIC-NIR-H_TILE102159491-CUTOUT_275.882454_66.7374199.fits,153.96532,-1.3451212920148194,0.045172976532459365,0.3177226030509133,1581
MOSAIC-NIR-H_TILE102157959-CUTOUT_273.1230326_63.9926221.fits,150.6832,-1.345155433810742,0.0451694254260353,0.3506660282431447,33
MOSAIC-NIR-H_TILE102159489-CUTOUT_272.5864579_66.3723566.fits,151.18282,-1.3453972590478924,0.0451442810437892,0.7563694452491874,1385
MOSAIC-NIR-H_TILE102160338-CUTOUT_272.0343861_68.0763216.fits,160.6794,-1.3454177134168395,0.0451421548918944,0.8125508956298249,2116
MOSAIC-NIR-H_TILE102160063-CUTOUT_275.1352741_67.5807452.fits,155.73032,-1.3454844739824985,0.045135216088165474,0.532991404254804,2083
MOSAIC-NIR-H_TILE102159778-CUTOUT_273.5219297_67.2562012.fits,157.73215,-1.345660195296739,0.04511695747448745,1.5066520024308239,1735
MOSAIC-NIR-H_TILE102159780-CUTOUT_275.6278152_67.1577624.fits,148.05377,-1.345729009655428,0.045109809217564766,0.7366616249055279,1881
MOSAIC-NIR-H_TILE102159195-CUTOUT_273.8693849_65.9927043.fits,148.96826,-1.3457778112812355,0.04510474051777994,0.596754343221159,1146
MOSAIC-NIR-H_TILE102160338-CUTOUT_272.1881107_67.9398123.fits,153.87828,-1.3457992269663501,0.04510251639303376,0.4063544929900691,2126
MOSAIC-NIR-H_TILE102160610-CUTOUT_272.8396296_68.3083647.fits,156.58794,-1.3464539711572008,0.045034570879617125,0.5210029131061442,2417
MOSAIC-NIR-H_TILE102158277-CUTOUT_273.8995789_64.585046.fits,155.93115,-1.3466288594916935,0.04501643932184131,0.5423164496340818,132
MOSAIC-NIR-H_TILE102159195-CUTOUT_273.634738_65.8678212.fits,153.8766,-1.3468496603208662,0.044993558209498415,0.34735052903006985,1124
MOSAIC-NIR-H_TILE102159194-CUTOUT_272.4490186_65.8556826.fits,155.57018,-1.3471784586397364,0.04495950710308133,0.47485959384079873,1007
MOSAIC-NIR-H_TILE102159195-CUTOUT_273.9793891_66.0872308.fits,154.79347,-1.3474707542750768,0.0449292579359953,1.1820924064882703,1158
MOSAIC-NIR-H_TILE102160063-CUTOUT_274.5101467_67.4848371.fits,156.48355,-1.3476548539295183,0.044910216229744546,0.6532985257320275,2050
MOSAIC-NIR-H_TILE102158588-CUTOUT_273.3834227_64.9992804.fits,155.08046,-1.3478546502347348,0.04488956012662046,0.28417789684474437,284
MOSAIC-NIR-H_TILE102158894-CUTOUT_273.5366605_65.2939658.fits,152.3016,-1.3479402784873709,0.04488071028890694,0.3868444554877937,665
MOSAIC-NIR-H_TILE102160339-CUTOUT_273.2684979_67.8067136.fits,152.2298,-1.3479427201352043,0.04488045796568948,0.767125416145306,2195
MOSAIC-NIR-H_TILE102159194-CUTOUT_272.1235429_66.2334368.fits,150.05635,-1.3480130093997222,0.04487319478541805,0.3197924174903002,981
MOSAIC-NIR-H_TILE102159780-CUTOUT_275.3653722_67.1761819.fits,163.87424,-1.3480258293290852,0.04487187019410781,0.7755573693055952,1861
MOSAIC-NIR-H_TILE102158277-CUTOUT_274.0350974_64.2687635.fits,148.79874,-1.3484067175272951,0.04483253358270735,0.9413237374332035,142
MOSAIC-NIR-H_TILE102157958-CUTOUT_272.6531944_64.2291142.fits,151.4341,-1.3491609570068432,0.044754740466762484,0.46948173673268256,24
MOSAIC-NIR-H_TILE102159490-CUTOUT_273.7871883_66.5339244.fits,160.15608,-1.3492341752024466,0.04474719585068087,0.33834519940818747,1466
MOSAIC-NIR-H_TILE102158590-CUTOUT_274.9574691_64.9638124.fits,155.37897,-1.3495840631204108,0.04471115993788135,0.5621838062214607,366
MOSAIC-NIR-H_TILE102159194-CUTOUT_272.0998759_65.9553362.fits,162.57185,-1.3496730202445972,0.04470200262860164,1.3189909676006122,977
MOSAIC-NIR-H_TILE102160062-CUTOUT_274.1533468_67.734124.fits,152.65552,-1.3500444273412198,0.044663789976899695,0.38597359529800446,2029
MOSAIC-NIR-H_TILE102159195-CUTOUT_273.7015588_66.1567021.fits,154.96153,-1.3504698993650033,0.044620054934514604,0.3497923004646329,1130
MOSAIC-NIR-H_TILE102158589-CUTOUT_274.3774095_64.7863646.fits,156.789,-1.3507706097417749,0.04458917020105831,1.1642328048580017,326
MOSAIC-NIR-H_TILE102158590-CUTOUT_275.6260677_65.0110097.fits,150.4339,-1.350873404658459,0.04457861745903352,0.5787439148124676,471
MOSAIC-NIR-H_TILE102159196-CUTOUT_274.5156108_65.9483017.fits,151.8543,-1.3511157922207577,0.04455374427249596,0.4521088788296161,1205
MOSAIC-NIR-H_TILE102158588-CUTOUT_273.4024074_64.9455327.fits,155.05061,-1.3512562711216949,0.044539335042957325,0.5754229407524087,285
MOSAIC-NIR-H_TILE102158276-CUTOUT_272.9404449_64.3130495.fits,170.40247,-1.3514768842378109,0.044516715676082654,0.9668328295517616,93
MOSAIC-NIR-H_TILE102158894-CUTOUT_272.84192_65.6435038.fits,153.37746,-1.3520170729824204,0.04446137884705972,0.6510985345027094,603
MOSAIC-NIR-H_TILE102159778-CUTOUT_273.8067813_66.7708442.fits,153.85326,-1.3520718881082712,0.044455767441940894,0.6722006185786283,1754
MOSAIC-NIR-H_TILE102159777-CUTOUT_272.7025783_67.0427927.fits,159.77498,-1.3523006835461577,0.044432353379705046,0.4571811774183953,1679
MOSAIC-NIR-H_TILE102159777-CUTOUT_272.1703618_66.873847.fits,158.28206,-1.3524830070850788,0.04441370390564939,0.6065983756756839,1639
MOSAIC-NIR-H_TILE102160339-CUTOUT_272.5335598_68.2032369.fits,152.03174,-1.3525031226322808,0.04441164681005045,0.5485701401578355,2148
MOSAIC-NIR-H_TILE102158896-CUTOUT_275.3723513_65.4341184.fits,155.1917,-1.352698811279025,0.044391639884531243,0.4458391993956644,875
MOSAIC-NIR-H_TILE102159194-CUTOUT_273.0727346_65.992274.fits,158.51685,-1.353309155254385,0.04432929707026288,0.3544181270523486,1059
MOSAIC-NIR-H_TILE102158590-CUTOUT_275.3709995_64.9371473.fits,153.58821,-1.3534778013327613,0.04431208637321899,0.40240738151975836,418
MOSAIC-NIR-H_TILE102159489-CUTOUT_272.7810927_66.5946567.fits,154.60696,-1.353634614837671,0.044296089211149164,0.7103577627385737,1399
MOSAIC-NIR-H_TILE102160610-CUTOUT_272.8362117_68.2745675.fits,152.7496,-1.3539620948015534,0.04426270031371968,0.5061312726657482,2416
MOSAIC-NIR-H_TILE102160340-CUTOUT_274.9854797_67.8187281.fits,161.44646,-1.3543397565735322,0.04422422627274263,0.8832417697967764,2342
MOSAIC-NIR-H_TILE102158276-CUTOUT_272.0705206_64.6933688.fits,162.5919,-1.354496810377766,0.04420823636830808,0.8139768198875954,61
MOSAIC-NIR-H_TILE102159197-CUTOUT_275.9914314_66.1845485.fits,155.73387,-1.3548624821471167,0.04417102912549888,0.5661786566657104,1315
MOSAIC-NIR-H_TILE102159194-CUTOUT_272.6228712_65.9244657.fits,154.69055,-1.355056768654856,0.0441512731395361,0.8993983243049929,1028
MOSAIC-NIR-H_TILE102159491-CUTOUT_275.5508097_66.4486078.fits,159.44664,-1.3557626795813453,0.044079567070221294,0.7154276019721398,1567
MOSAIC-NIR-H_TILE102158894-CUTOUT_272.7406233_65.41793.fits,155.64166,-1.355803841663028,0.04407538944228773,1.0443907805964872,591
MOSAIC-NIR-H_TILE102158590-CUTOUT_275.4672102_64.9348262.fits,159.20781,-1.3558433501887057,0.04407138000969416,0.9478830556949777,434
MOSAIC-NIR-H_TILE102159779-CUTOUT_274.0614517_66.9614698.fits,161.25476,-1.3561906599782119,0.04403614976010257,1.3117407758232336,1777
MOSAIC-NIR-H_TILE102158591-CUTOUT_275.9449469_65.0677486.fits,150.44794,-1.3562779427638147,0.04402730043834333,0.7279917853680975,518
MOSAIC-NIR-H_TILE102158590-CUTOUT_274.9409402_65.149301.fits,158.91231,-1.3563517047038018,0.044019823338224566,0.49005213269476633,361
MOSAIC-NIR-H_TILE102158896-CUTOUT_276.0864431_65.5431717.fits,152.36075,-1.3574452365539365,0.043909123045422695,0.5311552863973809,951
MOSAIC-NIR-H_TILE102158896-CUTOUT_275.3119812_65.4126423.fits,152.90607,-1.3578684554296594,0.043866354558191586,0.8806181747253246,857
MOSAIC-NIR-H_TILE102160610-CUTOUT_272.2901687_68.5000319.fits,153.46625,-1.3589100593139962,0.04376127236554329,0.6043268788429846,2359
MOSAIC-NIR-H_TILE102158590-CUTOUT_275.1743466_65.059323.fits,156.97713,-1.3591400784344392,0.04373810084341601,0.5427751768788729,388
MOSAIC-NIR-H_TILE102157959-CUTOUT_273.0055145_64.1027027.fits,152.91273,-1.3592999088966071,0.043722007167454946,0.5355237732866183,32
MOSAIC-NIR-H_TILE102158590-CUTOUT_274.9349554_65.0125565.fits,154.42096,-1.3594359205765871,0.0437083165202049,0.49433925116709865,359
MOSAIC-NIR-H_TILE102159490-CUTOUT_273.9585248_66.7445354.fits,151.90088,-1.3602676640179314,0.04362468820495152,0.3881286476786393,1475
MOSAIC-NIR-H_TILE102159197-CUTOUT_275.714607_65.7575398.fits,152.90263,-1.3604569728383906,0.04360567636177715,0.46477429868976483,1297
MOSAIC-NIR-H_TILE102158591-CUTOUT_275.8593639_65.189965.fits,157.8614,-1.3606571765045758,0.04358557938901,0.6208715022115762,509
MOSAIC-NIR-H_TILE102158894-CUTOUT_273.345966_65.4815515.fits,154.81242,-1.36066924779383,0.04358436793722759,0.4947851130165866,647
MOSAIC-NIR-H_TILE102158589-CUTOUT_274.4519845_65.1811295.fits,153.77013,-1.3607071709137513,0.043580562263616056,0.5592183707845482,327
MOSAIC-NIR-H_TILE102160340-CUTOUT_274.2724569_67.9667543.fits,156.90913,-1.3612451010684712,0.04352661549066781,0.4926141136759747,2291
MOSAIC-NIR-H_TILE102158589-CUTOUT_273.6185409_64.9317553.fits,153.32492,-1.3617441248410083,0.04347663018701642,0.45634248486578594,293
MOSAIC-NIR-H_TILE102158894-CUTOUT_273.440902_65.6387682.fits,156.86568,-1.3617908788536714,0.043471949958297625,0.5749552654737116,659
MOSAIC-NIR-H_TILE102158588-CUTOUT_272.9351637_65.0353004.fits,154.39293,-1.3623391897854167,0.04341709983757445,0.7453167284628263,263
MOSAIC-NIR-H_TILE102159780-CUTOUT_275.4621042_66.861961.fits,158.51413,-1.3623884188765119,0.043412178607128496,0.7187453164558065,1870
MOSAIC-NIR-H_TILE102160063-CUTOUT_275.2785411_67.3810227.fits,150.01411,-1.3625995956884736,0.0433910744547018,0.4105265356979645,2091
MOSAIC-NIR-H_TILE102160340-CUTOUT_274.5972886_68.0073642.fits,158.51881,-1.362780093534985,0.04337304436563933,0.47163937114402,2320
MOSAIC-NIR-H_TILE102160340-CUTOUT_274.3202392_68.0502303.fits,154.6249,-1.3630350785803658,0.04334758645140079,0.6924877691482424,2294
MOSAIC-NIR-H_TILE102158590-CUTOUT_275.2959022_64.967655.fits,151.42253,-1.3635523257136934,0.043295989967800465,0.6683178542674005,410
MOSAIC-NIR-H_TILE102159195-CUTOUT_274.2003039_65.8372302.fits,161.97902,-1.3637004893068632,0.04328122165831089,1.2944294264908458,1175
MOSAIC-NIR-H_TILE102160339-CUTOUT_272.5393253_67.8536177.fits,151.44704,-1.3640151465818842,0.043249874681866946,0.8989608079118784,2149
MOSAIC-NIR-H_TILE102159489-CUTOUT_272.886004_66.4869914.fits,155.25252,-1.3644358314826608,0.04320800042225608,0.35528327349478145,1406
MOSAIC-NIR-H_TILE102159194-CUTOUT_272.6536522_65.9211513.fits,154.70685,-1.3646315952993064,0.04318852825001328,0.7813622028749004,1033
MOSAIC-NIR-H_TILE102158896-CUTOUT_275.8993603_65.4700843.fits,151.35548,-1.3649166208489498,0.04316019310887234,0.4202120426749972,941
MOSAIC-NIR-H_TILE102159197-CUTOUT_275.901493_65.8856956.fits,155.47559,-1.3650910839163604,0.043142858448260164,0.6053296161917293,1308
MOSAIC-NIR-H_TILE102158895-CUTOUT_274.0437097_65.2940695.fits,149.79471,-1.3658940790267882,0.0430631625316645,0.3828649773996971,725
MOSAIC-NIR-H_TILE102159196-CUTOUT_275.400407_65.7969968.fits,156.10356,-1.3664767756801928,0.04300542305838906,0.7245417694028132,1274
MOSAIC-NIR-H_TILE102159195-CUTOUT_273.9924103_66.238056.fits,155.7575,-1.3667107725000902,0.042982258081295514,1.1317477913028113,1161
MOSAIC-NIR-H_TILE102159489-CUTOUT_272.6531729_66.6286715.fits,153.96994,-1.3670568508130168,0.04294802024796008,0.7451301165462426,1390
MOSAIC-NIR-H_TILE102160339-CUTOUT_273.2181397_68.0044593.fits,162.56343,-1.3679623001028303,0.04285857231183667,0.9275398120861333,2193
MOSAIC-NIR-H_TILE102160338-CUTOUT_272.1013657_67.8624996.fits,147.43483,-1.3682085368564345,0.042834279199815556,0.5312240472535065,2123
MOSAIC-NIR-H_TILE102158894-CUTOUT_273.7642243_65.6253287.fits,155.59,-1.3683402322076867,0.042821292112787825,0.8931466757894052,689
MOSAIC-NIR-H_TILE102160062-CUTOUT_273.922616_67.2896004.fits,152.77055,-1.3686375440097376,0.042791987299523895,0.6101084604451668,2024
MOSAIC-NIR-H_TILE102158896-CUTOUT_275.2783472_65.3179603.fits,152.29614,-1.3690621654371988,0.042750168866318744,0.486726595171244,851
MOSAIC-NIR-H_TILE102158896-CUTOUT_275.3676239_65.4079092.fits,151.87514,-1.3692357345848694,0.04273308684449416,0.44992851150630364,871
MOSAIC-NIR-H_TILE102158894-CUTOUT_273.3519151_65.2806407.fits,154.5591,-1.3694377264686504,0.04271321615753686,0.963112264824299,649
MOSAIC-NIR-H_TILE102159196-CUTOUT_275.2592906_66.2091968.fits,154.1716,-1.3697261889867176,0.04268485505374609,0.3212746318612524,1265
MOSAIC-NIR-H_TILE102159490-CUTOUT_273.7737259_66.3380972.fits,151.88261,-1.3698538177605555,0.0426723128375175,1.5727524244195596,1465
MOSAIC-NIR-H_TILE102159777-CUTOUT_272.16651_66.9450858.fits,153.47339,-1.3700002844964685,0.04265792393591131,0.4898610301845424,1638
MOSAIC-NIR-H_TILE102159492-CUTOUT_276.551082_66.501035.fits,156.02217,-1.3700397034009741,0.04265405224886457,0.3462595764015824,1615
MOSAIC-NIR-H_TILE102159779-CUTOUT_274.7615717_66.9325377.fits,152.93965,-1.3702180646110451,0.04263653817335194,0.6058288674949117,1819
MOSAIC-NIR-H_TILE102159194-CUTOUT_272.7425379_66.044406.fits,163.32729,-1.3704283557029413,0.042615897999131125,1.2225608852115883,1035
MOSAIC-NIR-H_TILE102159492-CUTOUT_276.3595538_66.4547315.fits,157.86293,-1.3713722940875503,0.04252337299864976,0.7595188288563113,1605
MOSAIC-NIR-H_TILE102159778-CUTOUT_272.7529735_67.1225433.fits,155.20618,-1.371725037409128,0.042488848622874255,0.4902706676925094,1683
MOSAIC-NIR-H_TILE102158896-CUTOUT_275.3816385_65.7061827.fits,153.60844,-1.3717573586904004,0.04248568661418251,0.3386042637478157,879
MOSAIC-NIR-H_TILE102160610-CUTOUT_272.4413809_68.2783354.fits,152.85725,-1.3720282808754376,0.04245919139933201,0.500643908712599,2374
MOSAIC-NIR-H_TILE102159196-CUTOUT_274.6268965_65.8868079.fits,164.08206,-1.372765124759493,0.042387214270091934,0.42606932601487635,1221
MOSAIC-NIR-H_TILE102159778-CUTOUT_273.907577_67.2024358.fits,151.84933,-1.3730547399262258,0.04235895720409797,0.8911429941191752,1761
MOSAIC-NIR-H_TILE102158893-CUTOUT_272.1170936_65.5094444.fits,155.98418,-1.3731700147037433,0.04234771535877932,1.0289736193982215,549
MOSAIC-NIR-H_TILE102158277-CUTOUT_273.9979246_64.4603479.fits,160.40019,-1.3733353862469178,0.04233159317862036,0.9684029085937514,139
MOSAIC-NIR-H_TILE102158275-CUTOUT_271.856827_64.4900402.fits,152.83134,-1.3740105930750466,0.042265830488813425,0.9586399968902855,54
MOSAIC-NIR-H_TILE102158591-CUTOUT_275.9564193_65.1165623.fits,153.12161,-1.374074452216091,0.04225961613123723,0.632372515569714,519
MOSAIC-NIR-H_TILE102160611-CUTOUT_273.204366_68.338333.fits,156.60023,-1.3743499478805092,0.04223281715124227,0.8839078557320481,2447
MOSAIC-NIR-H_TILE102159779-CUTOUT_274.5787202_67.048301.fits,152.67064,-1.3752015064611747,0.04215008876351785,0.37710978483006075,1809
MOSAIC-NIR-H_TILE102160061-CUTOUT_272.3025305_67.7028102.fits,153.9409,-1.3752301707157863,0.042147306869997035,0.6974800135633842,1924
MOSAIC-NIR-H_TILE102160340-CUTOUT_273.8641438_68.014667.fits,151.8979,-1.3753659411280705,0.042134132714920274,0.8620171765312286,2255
MOSAIC-NIR-H_TILE102159195-CUTOUT_273.8559512_65.9639412.fits,155.49902,-1.3755954505155827,0.04211187218739669,0.7743054917932192,1145
MOSAIC-NIR-H_TILE102159489-CUTOUT_272.3939965_66.3159137.fits,156.4648,-1.375756327388838,0.042096275462241206,0.8018606896384658,1366
MOSAIC-NIR-H_TILE102159778-CUTOUT_273.9313743_66.9038623.fits,154.1656,-1.3758070084294387,0.04209136322261209,0.8960770654257734,1762
MOSAIC-NIR-H_TILE102160340-CUTOUT_274.6291767_67.7820568.fits,153.50288,-1.3758834797073964,0.042083952359468935,0.6753217768251555,2323
MOSAIC-NIR-H_TILE102159196-CUTOUT_274.9334991_66.0143578.fits,166.75278,-1.376518611576651,0.042022451867937946,1.0562959459014605,1241
MOSAIC-NIR-H_TILE102158896-CUTOUT_275.9528281_65.4591883.fits,151.63725,-1.3772386193012291,0.04195284144398724,0.4317185703093056,947
MOSAIC-NIR-H_TILE102160063-CUTOUT_274.8663374_67.5572695.fits,154.96394,-1.377755038895559,0.04190298496576957,0.3901556940653425,2070
MOSAIC-NIR-H_TILE102158896-CUTOUT_276.0002787_65.5007942.fits,158.79001,-1.3784637144228846,0.04183466403162787,0.9639682082978979,948
MOSAIC-NIR-H_TILE102159490-CUTOUT_274.5416015_66.4227566.fits,151.8418,-1.3809181421945989,0.041598901061183816,0.29324676737241673,1509
MOSAIC-NIR-H_TILE102158893-CUTOUT_272.2571697_65.3111508.fits,156.13419,-1.3812925175854895,0.041563056962407884,0.4455746876909975,559
MOSAIC-NIR-H_TILE102159778-CUTOUT_273.3847942_66.9162125.fits,153.72798,-1.3815554232896892,0.04153790384987112,0.764705529398748,1723
MOSAIC-NIR-H_TILE102158277-CUTOUT_273.9598479_64.6779733.fits,152.2296,-1.3827471588962064,0.04142407707019755,0.4970467268750959,134
MOSAIC-NIR-H_TILE102159778-CUTOUT_273.406895_67.0105548.fits,155.75043,-1.383041736250451,0.04139598908376527,0.2084553085235711,1726
MOSAIC-NIR-H_TILE102160338-CUTOUT_272.2809484_67.8186291.fits,163.92958,-1.3832925789114863,0.04137208621998746,0.902264068932487,2136
MOSAIC-NIR-H_TILE102158893-CUTOUT_272.1635925_65.7572851.fits,159.82306,-1.3835691767877967,0.041345745135002755,0.9531294657754579,552
MOSAIC-NIR-H_TILE102159197-CUTOUT_275.7469428_65.865332.fits,147.56326,-1.3836456478295744,0.04133846557242655,0.6517597425257122,1301
MOSAIC-NIR-H_TILE102159488-CUTOUT_271.889943_66.3677876.fits,162.089,-1.3842145866441486,0.041284346397609646,0.4557998566601078,1331
MOSAIC-NIR-H_TILE102158590-CUTOUT_275.4423217_65.1127572.fits,154.11983,-1.3844330556942925,0.041263583794961346,0.5738496723370915,428
MOSAIC-NIR-H_TILE102158894-CUTOUT_272.8035186_65.702566.fits,155.737,-1.3844362357334066,0.041263281651288085,0.4453909735121217,595
MOSAIC-NIR-H_TILE102159488-CUTOUT_272.0095289_66.3155309.fits,152.68794,-1.3852707874102992,0.041184065182682604,0.7671160941660669,1342
MOSAIC-NIR-H_TILE102158895-CUTOUT_274.4813628_65.3579092.fits,150.99684,-1.38550921600484,0.041161461248648536,0.5566213409959969,762
MOSAIC-NIR-H_TILE102160063-CUTOUT_275.2507011_67.3477522.fits,154.54031,-1.3856223818413078,0.041150737040644106,0.6090874165262027,2090
MOSAIC-NIR-H_TILE102160340-CUTOUT_274.7625973_68.0091288.fits,159.35487,-1.385673736825616,0.04114587128572388,0.8269739468858839,2330
MOSAIC-NIR-H_TILE102159778-CUTOUT_273.7389823_66.906666.fits,148.84152,-1.385885430059992,0.041125819960185196,0.5924654735389885,1749
MOSAIC-NIR-H_TILE102159194-CUTOUT_272.8153629_66.2358766.fits,152.24602,-1.3858883319384705,0.041125545165689496,0.6115176503062876,1042
MOSAIC-NIR-H_TILE102159491-CUTOUT_275.8252692_66.5501879.fits,160.05602,-1.38594098967946,0.04112055903965314,0.42369534836012196,1579
MOSAIC-NIR-H_TILE102159777-CUTOUT_272.5951276_67.0425322.fits,155.19652,-1.3859908224596367,0.04111584096400381,0.5514127960160813,1670
MOSAIC-NIR-H_TILE102159194-CUTOUT_272.0196963_66.0463954.fits,168.09415,-1.3861767425299019,0.0410982431718342,1.0166975258762978,973
MOSAIC-NIR-H_TILE102160340-CUTOUT_273.7553882_68.1964552.fits,158.91975,-1.3863312740846694,0.04108362211191842,0.6767394515400378,2247
MOSAIC-NIR-H_TILE102157959-CUTOUT_273.9069529_64.2065239.fits,154.33092,-1.3866815068247917,0.04105050396320537,0.6226377425360068,48
MOSAIC-NIR-H_TILE102158590-CUTOUT_274.8147572_65.155286.fits,154.03041,-1.3869220794502486,0.04102777078748288,0.6677234706725856,350
MOSAIC-NIR-H_TILE102158591-CUTOUT_275.8917065_65.0571568.fits,153.18478,-1.3872109458683735,0.04100049066974488,0.9087478584564269,517
MOSAIC-NIR-H_TILE102158896-CUTOUT_275.4258358_65.424257.fits,151.77875,-1.3875886971206486,0.0409648437676255,0.7439693985940937,888
MOSAIC-NIR-H_TILE102160061-CUTOUT_272.2844082_67.4785083.fits,161.68893,-1.3878890389159446,0.04093652380983183,0.6343789569746545,1922
MOSAIC-NIR-H_TILE102159491-CUTOUT_275.8996873_66.316295.fits,148.52428,-1.3879115463621463,0.04093440231676474,0.4191006651548343,1585
MOSAIC-NIR-H_TILE102158277-CUTOUT_274.1069564_64.4204166.fits,156.14713,-1.3885545686585228,0.04087383913226548,0.3394820456449363,146
MOSAIC-NIR-H_TILE102160339-CUTOUT_273.3658737_67.7734079.fits,156.50748,-1.3889393350606203,0.04083764268938608,0.6925336829697146,2207
MOSAIC-NIR-H_TILE102158277-CUTOUT_274.1603839_64.6727206.fits,154.72548,-1.389168927799392,0.04081605929676379,0.6789016520689498,152
MOSAIC-NIR-H_TILE102160061-CUTOUT_273.0637233_67.4967494.fits,154.10603,-1.38917557146933,0.04081543491316388,0.5064318499919115,1974
MOSAIC-NIR-H_TILE102159196-CUTOUT_274.4866436_66.0329926.fits,154.41187,-1.3894834365280622,0.040786511696221966,0.349700878944418,1202
MOSAIC-NIR-H_TILE102158590-CUTOUT_275.181061_65.004034.fits,157.76064,-1.3895966266322253,0.04077588289908953,0.9311111324823255,390
MOSAIC-NIR-H_TILE102157959-CUTOUT_273.6469417_64.1550661.fits,154.28078,-1.389946081199628,0.04074308582751541,0.37073801554648655,43
MOSAIC-NIR-H_TILE102160339-CUTOUT_273.4747445_67.8788918.fits,155.53195,-1.3903941928410444,0.04070106817380793,0.41775879531491955,2217
MOSAIC-NIR-H_TILE102160063-CUTOUT_274.8984209_67.5664383.fits,149.2261,-1.3905291125447774,0.04068842577702409,0.4001113735479032,2074
MOSAIC-NIR-H_TILE102158590-CUTOUT_275.5345021_65.1068862.fits,153.89322,-1.3906086876832577,0.04068097117964537,0.8360956841908228,446
MOSAIC-NIR-H_TILE102160339-CUTOUT_273.6469432_68.0619266.fits,164.35773,-1.3906638167287872,0.04067580749263526,0.5427276104079871,2234
MOSAIC-NIR-H_TILE102159491-CUTOUT_275.0583947_66.3535069.fits,159.91765,-1.3907929917001083,0.04066371082746149,0.6438442494078868,1529
MOSAIC-NIR-H_TILE102160339-CUTOUT_272.7819772_67.8380743.fits,156.0475,-1.3910338879804738,0.040641161564635445,0.3514699685379145,2164
MOSAIC-NIR-H_TILE102160063-CUTOUT_274.6982015_67.4644401.fits,153.50253,-1.391254776691953,0.040620496113866124,0.6788139932401847,2061
MOSAIC-NIR-H_TILE102158588-CUTOUT_272.9425428_64.8799283.fits,154.10028,-1.39153752546331,0.04059405862074422,0.7070720874588539,266
MOSAIC-NIR-H_TILE102159491-CUTOUT_274.9505724_66.3936559.fits,161.96825,-1.39168387296574,0.04058038163775735,0.543061400877569,1522
MOSAIC-NIR-H_TILE102159488-CUTOUT_271.8345716_66.3764194.fits,153.97078,-1.3919147683303195,0.040558812559441576,0.664549557974772,1323
MOSAIC-NIR-H_TILE102159488-CUTOUT_271.9297987_66.7163949.fits,152.48018,-1.3919390345993023,0.040556546393049314,0.9861087436897699,1337
MOSAIC-NIR-H_TILE102159195-CUTOUT_273.9580837_65.8780294.fits,153.82892,-1.3926308930232154,0.04049198869979347,0.9139407854228322,1154
MOSAIC-NIR-H_TILE102160061-CUTOUT_272.8222622_67.5775364.fits,157.18275,-1.3927974124813327,0.04047646602612135,0.4539419403210613,1952
MOSAIC-NIR-H_TILE102160062-CUTOUT_274.2117723_67.4150623.fits,145.93654,-1.3933044316184033,0.040429239158319766,0.5625913170866353,2037
MOSAIC-NIR-H_TILE102158896-CUTOUT_275.32107_65.7149153.fits,156.53659,-1.3933943676886154,0.040420867717781535,0.34415121868428805,859
MOSAIC-NIR-H_TILE102158588-CUTOUT_272.4472689_65.1110325.fits,167.38533,-1.3937453000389,0.040388218763809096,1.253947002285117,232
MOSAIC-NIR-H_TILE102159490-CUTOUT_274.5258996_66.2946354.fits,159.54398,-1.3940871462509592,0.040356440493952685,0.8354202288274064,1507
MOSAIC-NIR-H_TILE102158590-CUTOUT_275.3678599_65.041386.fits,149.80948,-1.3945002308245615,0.0403180732155593,0.387534010836418,416
MOSAIC-NIR-H_TILE102159492-CUTOUT_276.832699_66.3737186.fits,149.21329,-1.3945252145812121,0.0403157538953771,0.5174044252267747,1620
MOSAIC-NIR-H_TILE102159195-CUTOUT_273.2222991_66.2105917.fits,158.53882,-1.3948802722948883,0.04028280719627626,0.7568828688110906,1077
MOSAIC-NIR-H_TILE102160611-CUTOUT_273.3224454_68.3419772.fits,150.76535,-1.3970159344666524,0.04008520099106964,0.8010447507200955,2452
MOSAIC-NIR-H_TILE102158590-CUTOUT_274.9696349_65.208256.fits,162.30318,-1.39717005830233,0.04007097794871406,0.3568451444855766,367
MOSAIC-NIR-H_TILE102158277-CUTOUT_274.021266_64.7128995.fits,154.60919,-1.3972764554267465,0.04006116222505138,0.5689421146192015,141
MOSAIC-NIR-H_TILE102159196-CUTOUT_275.264648_66.0035326.fits,152.64735,-1.3972825849468729,0.04006059681614676,0.48842924800304977,1266
MOSAIC-NIR-H_TILE102158896-CUTOUT_275.7913392_65.3505334.fits,163.17607,-1.397390371468872,0.04005065550492111,0.7519022202841228,930
MOSAIC-NIR-H_TILE102158895-CUTOUT_274.3092297_65.5608242.fits,152.37506,-1.397543792709448,0.04003650949041711,0.21859202990287377,748
MOSAIC-NIR-H_TILE102160340-CUTOUT_274.2930877_68.1683578.fits,154.0343,-1.3980147321225425,0.039993118307909796,0.9820820374632322,2293
MOSAIC-NIR-H_TILE102158276-CUTOUT_273.1341568_64.5848823.fits,157.54787,-1.398572705974479,0.03994176885193462,0.9287932262372567,106
MOSAIC-NIR-H_TILE102159491-CUTOUT_275.9149123_66.4329848.fits,161.49388,-1.4000935955297937,0.03980213830561014,0.5992432267301476,1586
MOSAIC-NIR-H_TILE102159779-CUTOUT_274.6333181_66.7447299.fits,153.90845,-1.4004641763959498,0.039768189866735165,0.7364175234836421,1812
MOSAIC-NIR-H_TILE102158588-CUTOUT_273.4058322_64.9295193.fits,148.45706,-1.4007941984256995,0.03973798134713344,0.43957551527082284,286
MOSAIC-NIR-H_TILE102159195-CUTOUT_273.8556624_65.8793753.fits,154.04523,-1.400883860921869,0.03972977806808459,0.3808666530375293,1144
MOSAIC-NIR-H_TILE102158277-CUTOUT_273.238542_64.3115882.fits,151.36986,-1.400929747407367,0.03972558053932357,0.4100954333787744,112
MOSAIC-NIR-H_TILE102159489-CUTOUT_272.3768865_66.3907404.fits,156.88184,-1.4010296217109048,0.0397164459343938,0.4138025547820397,1364
MOSAIC-NIR-H_TILE102157959-CUTOUT_272.9904452_64.2334725.fits,153.95879,-1.4012678992944076,0.03969466130777436,0.6882614252405665,31
MOSAIC-NIR-H_TILE102159194-CUTOUT_273.0809882_66.1192857.fits,150.73532,-1.4018147622067345,0.039644709310508064,0.4808866347566852,1061
MOSAIC-NIR-H_TILE102159491-CUTOUT_275.2611646_66.662054.fits,161.77037,-1.4018697415094088,0.03963969082511599,0.4611159068478851,1546
MOSAIC-NIR-H_TILE102159196-CUTOUT_275.0565599_66.1080808.fits,150.75859,-1.4019687221570398,0.039630657518557905,1.0829355813865043,1252
MOSAIC-NIR-H_TILE102158277-CUTOUT_273.8531597_64.697412.fits,151.14104,-1.4021036793725425,0.039618344186290226,0.5804616081683472,129
MOSAIC-NIR-H_TILE102159195-CUTOUT_273.429094_66.0778402.fits,164.69206,-1.4021733944075139,0.03961198496992182,0.7953604483091622,1106
MOSAIC-NIR-H_TILE102160063-CUTOUT_274.8632788_67.4233479.fits,156.32341,-1.4049024545128577,0.039363847940048914,0.7865390830446967,2069
MOSAIC-NIR-H_TILE102160340-CUTOUT_274.9579795_67.8117482.fits,154.98477,-1.4054271157134708,0.03931632209160642,0.7670334784965726,2340
MOSAIC-NIR-H_TILE102159490-CUTOUT_273.7407244_66.3013176.fits,153.18098,-1.405702359888738,0.03929141235729553,0.7619430203950607,1463
MOSAIC-NIR-H_TILE102160062-CUTOUT_273.4973114_67.6794745.fits,151.59135,-1.4065069354859923,0.03921868832359102,0.48705559269569315,2000
MOSAIC-NIR-H_TILE102158894-CUTOUT_272.8153445_65.2786336.fits,159.45294,-1.4069323187689735,0.039180293162185326,0.3879279962176026,599
MOSAIC-NIR-H_TILE102159195-CUTOUT_273.9584759_65.8604205.fits,151.55711,-1.4072083394804629,0.03915539960053013,0.612358558668825,1155
MOSAIC-NIR-H_TILE102160061-CUTOUT_273.1527279_67.5780054.fits,158.33025,-1.40727197000215,0.0391496631795138,0.6138734759753186,1979
MOSAIC-NIR-H_TILE102158893-CUTOUT_272.3113419_65.655547.fits,149.36267,-1.4073143080676656,0.03914584678238485,0.4413343374431774,560
MOSAIC-NIR-H_TILE102159489-CUTOUT_273.4783512_66.323143.fits,162.00891,-1.4078735703718017,0.03909546919939559,1.0978355049818833,1443
MOSAIC-NIR-H_TILE102160610-CUTOUT_272.6679265_68.4273419.fits,161.21495,-1.4081362715832821,0.03907182781796646,0.5635933257065033,2403
MOSAIC-NIR-H_TILE102158277-CUTOUT_274.1377152_64.699335.fits,155.78024,-1.408236638415666,0.03906279923792577,0.40702724334173723,150
MOSAIC-NIR-H_TILE102160339-CUTOUT_273.0105226_67.8605792.fits,153.0212,-1.408997507708652,0.03899442244480756,0.17272607951364147,2173
MOSAIC-NIR-H_TILE102159779-CUTOUT_275.0643302_67.0104323.fits,153.4589,-1.4090833084639027,0.03898671932962121,0.5613980171381402,1842
MOSAIC-NIR-H_TILE102158590-CUTOUT_275.3912459_65.1572427.fits,158.14322,-1.4096004242948572,0.03894032534422827,0.17213262532021686,420
MOSAIC-NIR-H_TILE102159194-CUTOUT_272.4982656_65.813082.fits,153.78848,-1.409697988509731,0.038931578386308216,0.671993881891964,1011
MOSAIC-NIR-H_TILE102158895-CUTOUT_274.7795213_65.4350106.fits,151.05864,-1.409856008643877,0.03891741552120483,0.6909620921369256,790
MOSAIC-NIR-H_TILE102158589-CUTOUT_273.7059534_65.176464.fits,149.51863,-1.409891822824793,0.038914206321111096,0.7727942326467604,296
MOSAIC-NIR-H_TILE102158276-CUTOUT_272.6138111_64.3380926.fits,155.04076,-1.4100597605284437,0.0388991614625179,0.36684725228041215,79
MOSAIC-NIR-H_TILE102159490-CUTOUT_273.9732536_66.4642046.fits,166.64159,-1.4101737040460176,0.038888957036528476,0.9630358520795673,1477
MOSAIC-NIR-H_TILE102158590-CUTOUT_275.3036776_64.9282191.fits,160.71024,-1.4102881064115163,0.03887871421067036,0.5417441654658588,412
MOSAIC-NIR-H_TILE102158896-CUTOUT_275.712122_65.755661.fits,147.57263,-1.41044782211432,0.03886441884253743,0.7276465592386194,920
MOSAIC-NIR-H_TILE102159489-CUTOUT_272.9100059_66.4214226.fits,163.99428,-1.4107566512398668,0.03883679197070494,0.3446196365419959,1410
MOSAIC-NIR-H_TILE102159491-CUTOUT_275.7227582_66.4130267.fits,165.5071,-1.4108679826254027,0.038826837435498446,0.6876918246624211,1574
MOSAIC-NIR-H_TILE102159779-CUTOUT_274.6015578_67.0030259.fits,153.52826,-1.4109111156173648,0.038822981447049904,0.6779603532025459,1810
MOSAIC-NIR-H_TILE102158894-CUTOUT_273.661778_65.6661767.fits,150.62,-1.4114888993865375,0.0387713658386359,0.8946265964874157,678
MOSAIC-NIR-H_TILE102158894-CUTOUT_272.7237452_65.4090753.fits,157.06248,-1.4119720526151698,0.03872825662299023,0.6867326265610962,588
MOSAIC-NIR-H_TILE102159489-CUTOUT_272.3959535_66.4056565.fits,155.05402,-1.4121502870738498,0.03871236580719576,0.9668064938717222,1367
MOSAIC-NIR-H_TILE102158590-CUTOUT_274.8619948_65.1331884.fits,153.77289,-1.4130262768568114,0.03863436007436977,0.6791882956483397,355
MOSAIC-NIR-H_TILE102159491-CUTOUT_275.1187243_66.2722776.fits,155.54422,-1.4130591703180408,0.03863143401900058,0.31517132858679786,1536
MOSAIC-NIR-H_TILE102158276-CUTOUT_272.9323364_64.3349501.fits,150.15944,-1.4161055998741163,0.03836139573831643,0.6308754475615583,91
MOSAIC-NIR-H_TILE102158894-CUTOUT_272.9461163_65.6588244.fits,162.18336,-1.416186382271873,0.0383542608621828,0.6738811650722537,611
MOSAIC-NIR-H_TILE102159779-CUTOUT_275.1582156_67.0595393.fits,156.65666,-1.4167428681923655,0.03830514686578787,0.32436716245516817,1848
MOSAIC-NIR-H_TILE102158590-CUTOUT_275.5835938_65.0630743.fits,159.49072,-1.4168608393601494,0.03829474312040913,0.6154162421939827,461
MOSAIC-NIR-H_TILE102160610-CUTOUT_272.3874019_68.4308439.fits,156.51007,-1.4198638602021145,0.03803085942912937,0.6575756231598378,2364
MOSAIC-NIR-H_TILE102160610-CUTOUT_272.5268182_68.4480692.fits,154.36234,-1.4200847351350265,0.038011522485716834,0.48701041193212885,2385
MOSAIC-NIR-H_TILE102160339-CUTOUT_272.9888992_68.0628961.fits,159.69856,-1.4208510543075847,0.03794450972010047,0.39476600130628703,2171
MOSAIC-NIR-H_TILE102158896-CUTOUT_275.3936701_65.6964895.fits,155.62236,-1.421332596036247,0.03790246051277714,0.351289427782594,880
MOSAIC-NIR-H_TILE102159492-CUTOUT_276.2208737_66.579003.fits,153.14738,-1.421388132259292,0.03789761397429551,0.7359611835219474,1598
MOSAIC-NIR-H_TILE102158589-CUTOUT_274.2190728_65.1088573.fits,166.23434,-1.4214340631284244,0.0378936061446379,1.0491283109662222,318
MOSAIC-NIR-H_TILE102158894-CUTOUT_273.4729525_65.6194591.fits,152.76479,-1.4218922079881413,0.037853652593008685,0.36157957151408265,660
MOSAIC-NIR-H_TILE102158590-CUTOUT_275.8235537_65.0859755.fits,163.55894,-1.4226857890442985,0.037784546229116873,0.8065916347054907,505
MOSAIC-NIR-H_TILE102160339-CUTOUT_273.6697443_67.9380845.fits,157.9269,-1.4226942583285054,0.03778380939051146,1.5551764696924746,2238
MOSAIC-NIR-H_TILE102158590-CUTOUT_275.5350411_65.0112331.fits,153.95084,-1.4234837554740296,0.03771518518875556,0.7265508174916933,447
MOSAIC-NIR-H_TILE102158588-CUTOUT_272.9254877_64.9733883.fits,151.5883,-1.4235214465847883,0.03771191214339529,0.3986624974583674,261
MOSAIC-NIR-H_TILE102158894-CUTOUT_272.8643551_65.6838618.fits,160.40547,-1.4242602809219806,0.03764781008900816,0.8339162379763332,604
MOSAIC-NIR-H_TILE102158894-CUTOUT_273.5028178_65.6960652.fits,151.61761,-1.4243636996477922,0.037638846067660915,0.23754832808263232,663
MOSAIC-NIR-H_TILE102158277-CUTOUT_273.8182009_64.6079586.fits,162.8173,-1.4245526544860478,0.03762247354758175,0.6722369314384535,126
MOSAIC-NIR-H_TILE102158896-CUTOUT_275.8857959_65.6227372.fits,158.71046,-1.4250878968367673,0.037576134627341065,0.6532630767098355,939
MOSAIC-NIR-H_TILE102158894-CUTOUT_273.2790387_65.5964945.fits,169.84474,-1.4252543219545042,0.03756173791076776,0.8797032541667109,636
MOSAIC-NIR-H_TILE102160062-CUTOUT_273.2681806_67.7374671.fits,158.70285,-1.4257677408342901,0.037517359012399824,0.5112202982262686,1988
MOSAIC-NIR-H_TILE102158590-CUTOUT_275.4624359_65.09518.fits,157.631,-1.425965484388421,0.03750028044588466,0.4180180462312479,432
MOSAIC-NIR-H_TILE102159780-CUTOUT_275.379622_66.9366091.fits,159.4984,-1.4264444113556156,0.037458949051745086,0.3402603147725524,1863
MOSAIC-NIR-H_TILE102159490-CUTOUT_273.6872457_66.2629916.fits,156.55211,-1.4269795803064922,0.03741281786478525,0.3396719296797782,1457
MOSAIC-NIR-H_TILE102159490-CUTOUT_274.0719215_66.3399134.fits,145.87248,-1.4270144141448518,0.037409817182434815,0.3923494641676748,1481
MOSAIC-NIR-H_TILE102157958-CUTOUT_272.7388026_64.0947476.fits,162.17056,-1.42820184713221,0.03730767225529819,1.2809575283831387,26
MOSAIC-NIR-H_TILE102160340-CUTOUT_274.1609338_68.0070957.fits,164.42119,-1.428228907368256,0.03730534774276496,1.3234492817301449,2278
MOSAIC-NIR-H_TILE102159195-CUTOUT_274.1733989_66.211894.fits,162.64615,-1.428598651568928,0.03727360069880985,1.2727661144966178,1173
MOSAIC-NIR-H_TILE102160339-CUTOUT_273.2846442_68.2139697.fits,158.5439,-1.4288757735504616,0.03724982411481576,0.35352809527307416,2198
MOSAIC-NIR-H_TILE102159195-CUTOUT_273.5653776_65.7542717.fits,150.17831,-1.42914153329976,0.03722703663759788,0.41647699684531136,1123
MOSAIC-NIR-H_TILE102158895-CUTOUT_274.2410758_65.6686519.fits,149.22597,-1.429495898036552,0.0371966734415765,0.46949327735234203,733
MOSAIC-NIR-H_TILE102158894-CUTOUT_273.5395217_65.5216145.fits,154.78876,-1.431241877955454,0.03704743306452351,0.37129509605728545,666
MOSAIC-NIR-H_TILE102159490-CUTOUT_274.2407908_66.4195699.fits,152.77666,-1.4315869205471474,0.037018010941430354,1.1178320364811336,1491
MOSAIC-NIR-H_TILE102158590-CUTOUT_275.6342168_64.9965675.fits,161.34346,-1.4319352628244895,0.03698833115336583,0.8196839659192193,473
MOSAIC-NIR-H_TILE102159194-CUTOUT_273.024368_66.2039198.fits,156.43848,-1.4322118620686042,0.03696478103346825,0.7774386284097348,1057
MOSAIC-NIR-H_TILE102158590-CUTOUT_275.3679599_64.9962844.fits,161.44106,-1.4325932097362157,0.03693233704328949,1.249403103332247,417
MOSAIC-NIR-H_TILE102160062-CUTOUT_273.2512838_67.6783183.fits,155.9489,-1.4331652415392633,0.036883723567986255,0.8865787541666246,1987
MOSAIC-NIR-H_TILE102158589-CUTOUT_273.7100226_64.9141355.fits,148.80646,-1.4338103599228609,0.036828975683049936,0.7639314960878851,298
MOSAIC-NIR-H_TILE102159195-CUTOUT_273.9915486_65.8460579.fits,154.75005,-1.4338686679429797,0.0368240313869668,0.4075437210733642,1160
MOSAIC-NIR-H_TILE102158895-CUTOUT_274.775913_65.6114459.fits,157.01317,-1.4344035674745534,0.0367787049254992,0.7926969995535749,788
MOSAIC-NIR-H_TILE102159195-CUTOUT_273.2627374_66.2195986.fits,152.55904,-1.4350144880960718,0.03672700481377172,0.6057271733805241,1081
MOSAIC-NIR-H_TILE102159196-CUTOUT_274.548215_66.0098929.fits,163.11209,-1.4358935163658386,0.036652743162327514,1.442809286927182,1210
MOSAIC-NIR-H_TILE102159489-CUTOUT_272.8934906_66.7121696.fits,161.15347,-1.4388254212117593,0.03640613530152505,0.4589302791844998,1407
MOSAIC-NIR-H_TILE102159777-CUTOUT_272.2897944_67.0952756.fits,159.71078,-1.4391179137796852,0.03638162442372437,0.43659421409358706,1649
MOSAIC-NIR-H_TILE102158590-CUTOUT_275.3802051_65.2148055.fits,157.21532,-1.4392265760256793,0.03637252273198811,0.35106527440042784,419
MOSAIC-NIR-H_TILE102158587-CUTOUT_271.9726943_64.7600611.fits,148.8385,-1.439258799983029,0.03636982404897832,0.6759846761789444,206
MOSAIC-NIR-H_TILE102157958-CUTOUT_272.2745038_64.169939.fits,166.2594,-1.439833913881886,0.03632169323273452,0.8168201042624845,11
MOSAIC-NIR-H_TILE102158896-CUTOUT_275.3668766_65.4511329.fits,160.91565,-1.4398979724695025,0.03631633616540356,0.5865384970390621,870
MOSAIC-NIR-H_TILE102159193-CUTOUT_271.8694735_65.8998456.fits,163.5126,-1.4404103153148489,0.036273518572783485,1.0200828470543282,966
MOSAIC-NIR-H_TILE102158895-CUTOUT_274.015704_65.5151096.fits,157.1218,-1.4408794872426667,0.0362343531492439,0.5473420497152869,721
MOSAIC-NIR-H_TILE102159489-CUTOUT_272.5392884_66.4344223.fits,153.53151,-1.443264716158326,0.036035892595672844,0.61750609341669,1377
MOSAIC-NIR-H_TILE102158894-CUTOUT_273.840385_65.2911083.fits,156.36633,-1.4433514445340174,0.0360286969657061,0.5582503433904775,701
MOSAIC-NIR-H_TILE102159195-CUTOUT_274.1125658_66.2049784.fits,160.99823,-1.443377378365163,0.03602654558159843,1.0270722337986182,1169
MOSAIC-NIR-H_TILE102159196-CUTOUT_274.5183295_66.0110193.fits,157.64493,-1.4444303037587085,0.03593930680757586,1.3178770983200314,1206
MOSAIC-NIR-H_TILE102160339-CUTOUT_272.6111751_68.1494753.fits,151.90787,-1.4450618555051664,0.035887081790844856,0.2846759300577122,2156
MOSAIC-NIR-H_TILE102160610-CUTOUT_272.5903824_68.268617.fits,158.46883,-1.4465392068956462,0.03576521112830097,1.0606164287889708,2393
MOSAIC-NIR-H_TILE102160060-CUTOUT_271.8637444_67.4529805.fits,149.30577,-1.4474861232739118,0.03568731520345372,0.9046917948153569,1913
MOSAIC-NIR-H_TILE102159780-CUTOUT_275.5437526_66.8042709.fits,155.66576,-1.4479492822960316,0.035649276287232766,0.34237359032003783,1872
MOSAIC-NIR-H_TILE102158895-CUTOUT_275.0632503_65.3532536.fits,150.6166,-1.4483439435225245,0.03561689504153372,0.38902716388448566,827
MOSAIC-NIR-H_TILE102160339-CUTOUT_273.6317713_68.0318283.fits,155.2381,-1.4483899733977914,0.03561312028862473,0.7050887768644268,2231
MOSAIC-NIR-H_TILE102160340-CUTOUT_273.9429051_68.1051958.fits,153.25598,-1.4492529217423995,0.035542426849071704,0.4453416795507965,2262
MOSAIC-NIR-H_TILE102159195-CUTOUT_273.1154411_65.9316746.fits,156.69165,-1.4496656658845706,0.03550866413665662,0.6777448379865654,1065
MOSAIC-NIR-H_TILE102159196-CUTOUT_274.3083061_66.0653145.fits,157.91061,-1.4496927944804634,0.03550644612525165,0.4058392983189743,1184
MOSAIC-NIR-H_TILE102158588-CUTOUT_272.8344676_65.0012998.fits,154.65944,-1.4497727418628448,0.035499910499581615,0.34513530924277064,253
MOSAIC-NIR-H_TILE102160611-CUTOUT_273.1868124_68.6435903.fits,164.91808,-1.4498281626123917,0.03549538060983377,0.5024830787367005,2445
MOSAIC-NIR-H_TILE102160061-CUTOUT_272.3999515_67.5491568.fits,163.62921,-1.450046018602441,0.0354775794578478,0.9921402778972679,1927
MOSAIC-NIR-H_TILE102158588-CUTOUT_272.5231223_65.2286526.fits,148.36737,-1.4503493588661345,0.035452808199499274,0.6214972578249623,239
MOSAIC-NIR-H_TILE102158590-CUTOUT_275.6061777_65.1956247.fits,160.04254,-1.4505721897305006,0.035434622489382325,0.503152457911454,465
MOSAIC-NIR-H_TILE102159489-CUTOUT_272.4356616_66.6513878.fits,156.64764,-1.4510445370140181,0.03539610404238044,0.4083972993797486,1369
MOSAIC-NIR-H_TILE102160610-CUTOUT_272.8430137_68.2903289.fits,153.92221,-1.4532321484882813,0.03521825644695414,0.898064921058067,2418
MOSAIC-NIR-H_TILE102159195-CUTOUT_273.1292817_65.9893667.fits,154.26144,-1.4534656947956246,0.03519932256011224,1.2497020158753314,1067
MOSAIC-NIR-H_TILE102160061-CUTOUT_272.9712382_67.4082739.fits,165.05899,-1.4537672833243225,0.03517488746538811,0.9728778659329042,1967
MOSAIC-NIR-H_TILE102159779-CUTOUT_275.0551558_66.7874009.fits,163.73526,-1.453796810120066,0.03517249607784956,0.5913723057582292,1841
MOSAIC-NIR-H_TILE102159196-CUTOUT_274.4251537_66.1619185.fits,159.8964,-1.454543081575209,0.03511210919299496,0.748915348333653,1195
MOSAIC-NIR-H_TILE102160610-CUTOUT_272.3933029_68.431626.fits,151.49022,-1.4550506915439434,0.03507109360241601,0.8760947668847565,2365
MOSAIC-NIR-H_TILE102158277-CUTOUT_273.870842_64.2954552.fits,161.03287,-1.4587286661051326,0.03477533592380564,0.33652750383596436,131
MOSAIC-NIR-H_TILE102160339-CUTOUT_273.0229579_68.2281073.fits,163.58952,-1.459907572706506,0.03468106514342825,0.959171800530044,2174
MOSAIC-NIR-H_TILE102159194-CUTOUT_272.875737_66.0764672.fits,158.27328,-1.4601363450251985,0.03466280108832378,0.2784090116717242,1045
MOSAIC-NIR-H_TILE102158591-CUTOUT_275.8610924_65.1026322.fits,158.10085,-1.4603692173482372,0.03464421958752938,1.063795819364063,510
MOSAIC-NIR-H_TILE102159492-CUTOUT_276.3717322_66.6438738.fits,166.32428,-1.4605053292516033,0.03463336347030209,0.6749718521128543,1608
MOSAIC-NIR-H_TILE102158895-CUTOUT_274.830318_65.6617846.fits,161.922,-1.4613241829039125,0.034568124471511884,0.35515321038470377,800
MOSAIC-NIR-H_TILE102158589-CUTOUT_274.4768942_65.0762023.fits,156.52852,-1.4619955604656627,0.034514726755317825,0.26802615202216545,329
MOSAIC-NIR-H_TILE102158896-CUTOUT_275.3242683_65.707622.fits,156.38812,-1.4620084592663913,0.03451370166292106,0.5226413519797712,860
MOSAIC-NIR-H_TILE102159490-CUTOUT_273.6060339_66.3690034.fits,153.49246,-1.4650205778823244,0.03427515457965246,0.4724866315018979,1452
MOSAIC-NIR-H_TILE102158896-CUTOUT_275.4136553_65.4590144.fits,152.78711,-1.4653123302660631,0.03425213678793641,0.5188579088635606,885
MOSAIC-NIR-H_TILE102160338-CUTOUT_271.899168_67.7521322.fits,154.34355,-1.4668295873671586,0.034132681843806356,0.8883598644903988,2109
MOSAIC-NIR-H_TILE102159779-CUTOUT_274.3079107_66.9862423.fits,154.49777,-1.4674690898585538,0.03408245815237828,0.373763574894922,1792
MOSAIC-NIR-H_TILE102159488-CUTOUT_272.1475139_66.5060422.fits,168.38916,-1.467934090899763,0.0340459854414636,0.607006856659483,1354
MOSAIC-NIR-H_TILE102158895-CUTOUT_274.9096648_65.3782267.fits,170.47966,-1.4685659607508539,0.03399648679364935,0.6030212388096763,807
MOSAIC-NIR-H_TILE102159196-CUTOUT_274.5804946_65.8147389.fits,167.2456,-1.469006141574395,0.03396204698143738,0.8807512269060391,1215
MOSAIC-NIR-H_TILE102158589-CUTOUT_273.9588236_65.2220283.fits,163.26294,-1.4720763710588187,0.033722800160979456,0.5770695163424485,305
MOSAIC-NIR-H_TILE102158277-CUTOUT_273.9764266_64.5087835.fits,156.73962,-1.4721245199298643,0.03371906162683007,0.3310950602692715,136
MOSAIC-NIR-H_TILE102159195-CUTOUT_274.1295978_65.957714.fits,164.14343,-1.4737879245028827,0.033590160230156124,0.7918735255916826,1170
MOSAIC-NIR-H_TILE102160339-CUTOUT_273.0470999_68.1851574.fits,153.59743,-1.4770875956478624,0.03333591686267988,0.8527601272785439,2176
MOSAIC-NIR-H_TILE102158893-CUTOUT_272.3900572_65.4578701.fits,147.80066,-1.4778607083205686,0.03327662646186722,0.39367278835443914,565
MOSAIC-NIR-H_TILE102159196-CUTOUT_275.3958778_66.2069529.fits,161.74442,-1.4779737324715134,0.0332679674223276,0.613976659868112,1273
MOSAIC-NIR-H_TILE102159490-CUTOUT_273.7921677_66.4966331.fits,164.36131,-1.478378610338112,0.03323696728848316,0.9822597669942426,1467
MOSAIC-NIR-H_TILE102159779-CUTOUT_274.1458534_66.8735566.fits,166.39043,-1.478479558882568,0.033229242498757625,0.8338102473960652,1784
MOSAIC-NIR-H_TILE102160339-CUTOUT_273.5388263_67.9689625.fits,159.23412,-1.4786283510581628,0.033217859889443466,0.5668946154348218,2224
MOSAIC-NIR-H_TILE102159778-CUTOUT_273.5782246_66.7425004.fits,159.96687,-1.4792654152407323,0.03316916851508537,0.46661283117876867,1740
MOSAIC-NIR-H_TILE102158894-CUTOUT_272.7861854_65.4993484.fits,162.37352,-1.4796614508045762,0.03313893515212805,0.49559974441215326,594
MOSAIC-NIR-H_TILE102159777-CUTOUT_272.0199461_67.1579487.fits,145.6077,-1.4797829562745017,0.0331296649476016,0.3941949452046464,1630
MOSAIC-NIR-H_TILE102159488-CUTOUT_271.9901938_66.5097084.fits,168.25343,-1.4803175343818207,0.033088910347145076,0.8869389018512768,1340
MOSAIC-NIR-H_TILE102158896-CUTOUT_275.0830667_65.4589178.fits,163.38725,-1.4813487145868434,0.033010437893213035,1.0545537004013488,830
MOSAIC-NIR-H_TILE102159488-CUTOUT_271.9036645_66.425792.fits,158.5121,-1.482135144094374,0.03295071599280507,0.3519851519294803,1332
MOSAIC-NIR-H_TILE102158895-CUTOUT_274.9474598_65.6365068.fits,160.16797,-1.4832119838834985,0.032869115396902404,1.0518732422329282,812
MOSAIC-NIR-H_TILE102158276-CUTOUT_272.9234359_64.4496728.fits,153.52884,-1.483615439561499,0.03283859446257178,0.3112849769118413,90
MOSAIC-NIR-H_TILE102158590-CUTOUT_275.0674931_64.9743397.fits,158.1955,-1.485876160417502,0.03266809723558227,0.8859782378117211,378
MOSAIC-NIR-H_TILE102158893-CUTOUT_272.0598135_65.3890309.fits,157.60406,-1.4859750632192776,0.032660658507690433,0.30178805944422865,545
MOSAIC-NIR-H_TILE102159490-CUTOUT_274.4765912_66.4419104.fits,153.54614,-1.4862281941224207,0.03264162761173901,0.6171740646380199,1505
MOSAIC-NIR-H_TILE102160063-CUTOUT_275.1484222_67.6706372.fits,149.426,-1.4863239341254257,0.032634432574231674,0.5995432513235109,2087
MOSAIC-NIR-H_TILE102158591-CUTOUT_275.8834857_65.1920349.fits,157.45633,-1.4865497863383097,0.03261746564753766,0.551643375072244,515
MOSAIC-NIR-H_TILE102160338-CUTOUT_271.9763707_68.0214577.fits,160.33334,-1.4867884695379132,0.032599544392626786,0.6415159101281408,2113
MOSAIC-NIR-H_TILE102160338-CUTOUT_272.1247652_68.1519447.fits,159.28755,-1.4880138606357016,0.03250769222946032,0.3667570455380252,2124
MOSAIC-NIR-H_TILE102160340-CUTOUT_273.9863868_67.9390066.fits,159.67342,-1.4883229295322098,0.03248456611853969,1.1309877250645697,2268
MOSAIC-NIR-H_TILE102158589-CUTOUT_274.6078773_65.1319443.fits,155.97067,-1.488764696351752,0.032451539433254815,0.8378101252955291,339
MOSAIC-NIR-H_TILE102159194-CUTOUT_272.6300143_66.02749.fits,160.62065,-1.4893343197515563,0.032409003689272846,0.6902046428021316,1030
MOSAIC-NIR-H_TILE102158591-CUTOUT_276.0707188_65.091515.fits,148.28413,-1.494657658875473,0.03201417695472348,0.3620851750964443,527
MOSAIC-NIR-H_TILE102159194-CUTOUT_272.6504017_66.1301161.fits,157.56505,-1.4966575066622425,0.0318670963416849,0.3525765195291609,1032
MOSAIC-NIR-H_TILE102157959-CUTOUT_273.1689158_64.1453851.fits,153.84946,-1.5003061143205663,0.03160049500608752,0.3424884752771135,36
MOSAIC-NIR-H_TILE102159194-CUTOUT_272.8996552_65.7605996.fits,159.72366,-1.5006217446775052,0.031577537191969936,0.9759889906133559,1046
MOSAIC-NIR-H_TILE102160062-CUTOUT_273.9114827_67.6363619.fits,168.59302,-1.5006380664084218,0.0315763504617633,1.0591242475363298,2023
MOSAIC-NIR-H_TILE102160610-CUTOUT_272.4315227_68.5324583.fits,162.85982,-1.5054008798254968,0.031231951399458675,0.7703117014471519,2371
MOSAIC-NIR-H_TILE102159779-CUTOUT_274.6429206_67.1285137.fits,159.92155,-1.5074837930809066,0.03108251893729756,1.3171220145120048,1813
MOSAIC-NIR-H_TILE102159489-CUTOUT_273.0474951_66.6967537.fits,150.5457,-1.5095682057154822,0.030933694652857665,0.6601631854229746,1421
MOSAIC-NIR-H_TILE102157635-CUTOUT_272.1067353_63.7544569.fits,162.98718,-1.5106714515460475,0.030855212976369773,0.4284103467135927,1
MOSAIC-NIR-H_TILE102159195-CUTOUT_273.8836031_65.7813176.fits,166.70198,-1.51182923178708,0.03077306599500442,1.0250553943259535,1147
MOSAIC-NIR-H_TILE102159195-CUTOUT_273.6623644_65.9004081.fits,160.78636,-1.5118474032342073,0.030771778436754223,0.8705064019790806,1126
MOSAIC-NIR-H_TILE102160062-CUTOUT_273.2880637_67.4530544.fits,162.8349,-1.5122704656029962,0.03074181710122329,0.4052107987262569,1989
MOSAIC-NIR-H_TILE102158894-CUTOUT_273.8816445_65.6032495.fits,160.97621,-1.512285541379848,0.03074074997108466,1.3179853672698325,707
MOSAIC-NIR-H_TILE102158896-CUTOUT_275.1348074_65.4225312.fits,157.81102,-1.5130867610587084,0.030684089366195814,0.3425791159301231,834
MOSAIC-NIR-H_TILE102160061-CUTOUT_272.6731863_67.3793323.fits,158.49527,-1.5131151286742155,0.03068208518226458,0.404247090077118,1937
MOSAIC-NIR-H_TILE102159194-CUTOUT_272.5904805_66.2182584.fits,166.19957,-1.5135614934058925,0.030650566556807254,0.40850758858120645,1021
MOSAIC-NIR-H_TILE102158590-CUTOUT_275.4227085_65.0690997.fits,155.39241,-1.5139198519371648,0.030625285642513284,0.8134381606067438,425
MOSAIC-NIR-H_TILE102158277-CUTOUT_274.2132697_64.2824729.fits,162.1199,-1.515208755192085,0.030534530370049707,1.2956969195032162,160
MOSAIC-NIR-H_TILE102158895-CUTOUT_275.0238391_65.6743959.fits,157.83556,-1.5164268645137766,0.03044900710201303,0.4057531830180955,823
MOSAIC-NIR-H_TILE102160611-CUTOUT_273.35_68.2918537.fits,165.74478,-1.519102125951339,0.030262017219132572,0.6197358486332243,2455
MOSAIC-NIR-H_TILE102158589-CUTOUT_274.2617065_64.8105336.fits,146.32286,-1.5213096392928913,0.030108586044251217,0.36361243452475556,321
MOSAIC-NIR-H_TILE102159197-CUTOUT_275.7699094_65.8476561.fits,159.24693,-1.5229859828099293,0.029992593208381806,0.3364879079794041,1302
MOSAIC-NIR-H_TILE102157958-CUTOUT_272.2384229_64.0220939.fits,167.28802,-1.523764509093951,0.02993887595725955,0.8313593531405489,9
MOSAIC-NIR-H_TILE102158895-CUTOUT_274.9936731_65.3399141.fits,160.41469,-1.5247727152940551,0.02986945405050774,1.0226753706035858,818
MOSAIC-NIR-H_TILE102159194-CUTOUT_272.9683768_66.222349.fits,166.83063,-1.525916897531826,0.029790864245830405,1.2674437847548243,1048
MOSAIC-NIR-H_TILE102160061-CUTOUT_272.2861185_67.4791675.fits,162.53496,-1.5294001329544602,0.029552883859197056,0.6156262402478679,1923
MOSAIC-NIR-H_TILE102158587-CUTOUT_271.866113_64.9107948.fits,159.63573,-1.531975322655158,0.029378165789112037,0.6935275336197412,203
MOSAIC-NIR-H_TILE102159196-CUTOUT_275.2000848_65.8885867.fits,154.82874,-1.532056014778644,0.029372707818849937,0.3986238055334485,1263
MOSAIC-NIR-H_TILE102160340-CUTOUT_274.8208716_68.0328538.fits,155.92534,-1.532984834009709,0.029309955967110918,0.7102169644695354,2331
MOSAIC-NIR-H_TILE102159778-CUTOUT_273.838171_66.8943379.fits,149.61043,-1.5341726352030327,0.029229902370825626,0.40390948494398954,1756
MOSAIC-NIR-H_TILE102159195-CUTOUT_273.9884305_65.9902285.fits,161.20863,-1.534966012199731,0.02917655340196606,0.5653900331767129,1159
MOSAIC-NIR-H_TILE102159779-CUTOUT_274.2393626_67.0430638.fits,164.87747,-1.5363191315286775,0.02908579028741301,0.9588579844217601,1789
MOSAIC-NIR-H_TILE102159489-CUTOUT_272.4368082_66.5745622.fits,166.92824,-1.5406967070432787,0.0287940857030241,0.622054080730515,1370
MOSAIC-NIR-H_TILE102159197-CUTOUT_275.6668929_66.213023.fits,158.48488,-1.543510343516711,0.028608142242972454,0.2767727548521573,1295
MOSAIC-NIR-H_TILE102158591-CUTOUT_275.850923_65.1136824.fits,165.52136,-1.543966417551798,0.028578115192353638,0.3351759111142349,507
MOSAIC-NIR-H_TILE102160611-CUTOUT_272.9866993_68.3876998.fits,160.17537,-1.5588723204920871,0.027613895659098178,1.3845984322329223,2433
MOSAIC-NIR-H_TILE102159196-CUTOUT_274.3553183_66.0293914.fits,167.37296,-1.5609343540638252,0.027483095434094496,0.9138320969979938,1187
MOSAIC-NIR-H_TILE102158276-CUTOUT_272.9749452_64.5753259.fits,153.02606,-1.5623583477689529,0.02739312960185524,0.2832086291558401,95
MOSAIC-NIR-H_TILE102158588-CUTOUT_273.059002_65.0729996.fits,159.75426,-1.5822273813256453,0.02616812578408518,0.6140544810894115,273
MOSAIC-NIR-H_TILE102159490-CUTOUT_274.2066257_66.3637544.fits,163.84558,-1.5919405707752678,0.025589360299218076,1.3309104421541469,1489
MOSAIC-NIR-H_TILE102158894-CUTOUT_273.0934197_65.2871447.fits,156.49956,-1.5929438332200323,0.025530314617817334,0.6391755954358069,621
MOSAIC-NIR-H_TILE102159194-CUTOUT_272.5936712_66.1566858.fits,167.44135,-1.5951034470566936,0.025403675289804802,0.8128838383336253,1022
MOSAIC-NIR-H_TILE102159780-CUTOUT_275.7859386_66.8350683.fits,161.36601,-1.5962567111883699,0.025336305603959504,0.47595400078912914,1895
MOSAIC-NIR-H_TILE102160610-CUTOUT_272.4159048_68.4942746.fits,148.62674,-1.5983377931540037,0.02521518778608436,1.0912861321500051,2368
MOSAIC-NIR-H_TILE102157958-CUTOUT_271.821995_63.908249.fits,148.55305,-1.6093803378847422,0.024582138549906738,0.4103421958156548,2
MOSAIC-NIR-H_TILE102159489-CUTOUT_273.0242305_66.4351939.fits,168.09082,-1.624157460854945,0.023759786789361973,0.9373466489675931,1419
MOSAIC-NIR-H_TILE102160061-CUTOUT_272.987574_67.3877982.fits,162.63377,-1.6247063702554159,0.023729775512696144,1.014608830488427,1969
MOSAIC-NIR-H_TILE102160610-CUTOUT_272.3606138_68.5918326.fits,151.7458,-1.6252087491856568,0.023702341485173077,0.5445422907027758,2362
MOSAIC-NIR-H_TILE102160338-CUTOUT_272.0952631_67.9812466.fits,158.35577,-1.6672706541854518,0.021514405298715983,1.058865470555279,2122
